[
{
  "model": "admin.logentry",
  "pk": 133,
  "fields": {
    "action_time": "2025-12-17T23:31:01.862Z",
    "user": [
      "durjoy@uap-bd.edu"
    ],
    "content_type": [
      "people",
      "contributor"
    ],
    "object_id": "1",
    "object_repr": "Durjoy Mistry - Final Development & Deployment",
    "action_flag": 2,
    "change_message": "[{\"changed\": {\"fields\": [\"Photo\"]}}]"
  }
},
{
  "model": "admin.logentry",
  "pk": 132,
  "fields": {
    "action_time": "2025-12-17T23:29:55.108Z",
    "user": [
      "durjoy@uap-bd.edu"
    ],
    "content_type": [
      "people",
      "contributor"
    ],
    "object_id": "3",
    "object_repr": "Durjoy Mistry - Course-Based Development",
    "action_flag": 2,
    "change_message": "[{\"changed\": {\"fields\": [\"Photo\"]}}]"
  }
},
{
  "model": "admin.logentry",
  "pk": 131,
  "fields": {
    "action_time": "2025-12-17T23:09:51.397Z",
    "user": [
      "durjoy@uap-bd.edu"
    ],
    "content_type": [
      "people",
      "contributor"
    ],
    "object_id": "8",
    "object_repr": "Tasnia Sami - Course-Based Development",
    "action_flag": 2,
    "change_message": "[{\"changed\": {\"fields\": [\"Photo\"]}}]"
  }
},
{
  "model": "admin.logentry",
  "pk": 130,
  "fields": {
    "action_time": "2025-12-17T23:07:12.028Z",
    "user": [
      "durjoy@uap-bd.edu"
    ],
    "content_type": [
      "people",
      "contributor"
    ],
    "object_id": "1",
    "object_repr": "Durjoy Mistry - Final Development & Deployment",
    "action_flag": 2,
    "change_message": "[{\"changed\": {\"fields\": [\"Photo\"]}}]"
  }
},
{
  "model": "admin.logentry",
  "pk": 129,
  "fields": {
    "action_time": "2025-12-17T23:06:55.405Z",
    "user": [
      "durjoy@uap-bd.edu"
    ],
    "content_type": [
      "people",
      "contributor"
    ],
    "object_id": "3",
    "object_repr": "Durjoy Mistry - Course-Based Development",
    "action_flag": 2,
    "change_message": "[{\"changed\": {\"fields\": [\"Photo\"]}}]"
  }
},
{
  "model": "admin.logentry",
  "pk": 128,
  "fields": {
    "action_time": "2025-12-16T21:26:25.962Z",
    "user": [
      "tahiya"
    ],
    "content_type": [
      "people",
      "contributor"
    ],
    "object_id": "12",
    "object_repr": "Taj Mohammad Anim - Course-Based Development",
    "action_flag": 2,
    "change_message": "[{\"changed\": {\"fields\": [\"Order\"]}}]"
  }
},
{
  "model": "admin.logentry",
  "pk": 127,
  "fields": {
    "action_time": "2025-12-16T21:26:16.158Z",
    "user": [
      "tahiya"
    ],
    "content_type": [
      "people",
      "contributor"
    ],
    "object_id": "17",
    "object_repr": "Faizun Nesa Orin - Course-Based Development",
    "action_flag": 2,
    "change_message": "[{\"changed\": {\"fields\": [\"Order\"]}}]"
  }
},
{
  "model": "admin.logentry",
  "pk": 126,
  "fields": {
    "action_time": "2025-12-16T21:24:18.352Z",
    "user": [
      "tahiya"
    ],
    "content_type": [
      "people",
      "contributor"
    ],
    "object_id": "1",
    "object_repr": "Durjoy Mistry - Final Development & Deployment",
    "action_flag": 2,
    "change_message": "[{\"changed\": {\"fields\": [\"Lines added\", \"Lines deleted\", \"Number of commits\"]}}]"
  }
},
{
  "model": "admin.logentry",
  "pk": 125,
  "fields": {
    "action_time": "2025-12-16T21:15:49.969Z",
    "user": [
      "tahiya"
    ],
    "content_type": [
      "people",
      "contributor"
    ],
    "object_id": "16",
    "object_repr": "Tahiya Zareen Hiya - Course-Based Development",
    "action_flag": 2,
    "change_message": "[{\"changed\": {\"fields\": [\"Role\"]}}]"
  }
},
{
  "model": "admin.logentry",
  "pk": 124,
  "fields": {
    "action_time": "2025-12-16T21:12:52.818Z",
    "user": [
      "tahiya"
    ],
    "content_type": [
      "people",
      "contributor"
    ],
    "object_id": "7",
    "object_repr": "Lubaba Hasan - Course-Based Development",
    "action_flag": 2,
    "change_message": "[{\"changed\": {\"fields\": [\"Student id\", \"Role\", \"Reflection\", \"Photo\", \"Portfolio link\"]}}]"
  }
},
{
  "model": "admin.logentry",
  "pk": 123,
  "fields": {
    "action_time": "2025-12-16T21:10:13.927Z",
    "user": [
      "tahiya"
    ],
    "content_type": [
      "people",
      "contributor"
    ],
    "object_id": "6",
    "object_repr": "Yeamin Bhuiyan - Course-Based Development",
    "action_flag": 2,
    "change_message": "[{\"changed\": {\"fields\": [\"Student id\", \"Role\", \"Reflection\", \"Photo\", \"Portfolio link\"]}}]"
  }
},
{
  "model": "admin.logentry",
  "pk": 122,
  "fields": {
    "action_time": "2025-12-16T21:02:32.898Z",
    "user": [
      "tahiya"
    ],
    "content_type": [
      "people",
      "contributor"
    ],
    "object_id": "2",
    "object_repr": "Tahiya Zareen Hiya - Final Development & Deployment",
    "action_flag": 2,
    "change_message": "[{\"changed\": {\"fields\": [\"Number of commits\"]}}]"
  }
},
{
  "model": "admin.logentry",
  "pk": 121,
  "fields": {
    "action_time": "2025-12-16T21:02:10.271Z",
    "user": [
      "tahiya"
    ],
    "content_type": [
      "people",
      "contributor"
    ],
    "object_id": "2",
    "object_repr": "Tahiya Zareen Hiya - Final Development & Deployment",
    "action_flag": 2,
    "change_message": "[{\"changed\": {\"fields\": [\"Role\", \"Lines added\"]}}]"
  }
},
{
  "model": "admin.logentry",
  "pk": 120,
  "fields": {
    "action_time": "2025-12-16T20:59:30.773Z",
    "user": [
      "tahiya"
    ],
    "content_type": [
      "people",
      "contributor"
    ],
    "object_id": "15",
    "object_repr": "Md. Akif Hossain - Course-Based Development",
    "action_flag": 2,
    "change_message": "[{\"changed\": {\"fields\": [\"Order\"]}}]"
  }
},
{
  "model": "admin.logentry",
  "pk": 119,
  "fields": {
    "action_time": "2025-12-16T20:59:12.089Z",
    "user": [
      "tahiya"
    ],
    "content_type": [
      "people",
      "contributor"
    ],
    "object_id": "14",
    "object_repr": "Marzan Ahmed - Course-Based Development",
    "action_flag": 2,
    "change_message": "[{\"changed\": {\"fields\": [\"Order\"]}}]"
  }
},
{
  "model": "admin.logentry",
  "pk": 118,
  "fields": {
    "action_time": "2025-12-16T20:58:50.303Z",
    "user": [
      "tahiya"
    ],
    "content_type": [
      "people",
      "contributor"
    ],
    "object_id": "13",
    "object_repr": "Rabea Sultana Shazia - Course-Based Development",
    "action_flag": 2,
    "change_message": "[{\"changed\": {\"fields\": [\"Order\"]}}]"
  }
},
{
  "model": "admin.logentry",
  "pk": 117,
  "fields": {
    "action_time": "2025-12-16T20:58:30.855Z",
    "user": [
      "tahiya"
    ],
    "content_type": [
      "people",
      "contributor"
    ],
    "object_id": "17",
    "object_repr": "Faizun Nesa Orin - Course-Based Development",
    "action_flag": 1,
    "change_message": "[{\"added\": {}}]"
  }
},
{
  "model": "admin.logentry",
  "pk": 116,
  "fields": {
    "action_time": "2025-12-16T20:55:40.567Z",
    "user": [
      "tahiya"
    ],
    "content_type": [
      "people",
      "contributor"
    ],
    "object_id": "16",
    "object_repr": "Tahiya Zareen Hiya - Course-Based Development",
    "action_flag": 2,
    "change_message": "[{\"changed\": {\"fields\": [\"Role\"]}}]"
  }
},
{
  "model": "admin.logentry",
  "pk": 115,
  "fields": {
    "action_time": "2025-12-16T20:52:11.167Z",
    "user": [
      "tahiya"
    ],
    "content_type": [
      "people",
      "contributor"
    ],
    "object_id": "13",
    "object_repr": "Rabea Sultana Shazia - Course-Based Development",
    "action_flag": 2,
    "change_message": "[{\"changed\": {\"fields\": [\"Order\"]}}]"
  }
},
{
  "model": "admin.logentry",
  "pk": 114,
  "fields": {
    "action_time": "2025-12-16T20:51:50.799Z",
    "user": [
      "tahiya"
    ],
    "content_type": [
      "people",
      "contributor"
    ],
    "object_id": "12",
    "object_repr": "Taj Mohammad Anim - Course-Based Development",
    "action_flag": 2,
    "change_message": "[{\"changed\": {\"fields\": [\"Order\"]}}]"
  }
},
{
  "model": "admin.logentry",
  "pk": 113,
  "fields": {
    "action_time": "2025-12-16T20:51:38.025Z",
    "user": [
      "tahiya"
    ],
    "content_type": [
      "people",
      "contributor"
    ],
    "object_id": "11",
    "object_repr": "Md Sahriar Asif - Course-Based Development",
    "action_flag": 2,
    "change_message": "[{\"changed\": {\"fields\": [\"Order\"]}}]"
  }
},
{
  "model": "admin.logentry",
  "pk": 112,
  "fields": {
    "action_time": "2025-12-16T20:51:25.767Z",
    "user": [
      "tahiya"
    ],
    "content_type": [
      "people",
      "contributor"
    ],
    "object_id": "10",
    "object_repr": "Fabia Tasnim - Course-Based Development",
    "action_flag": 2,
    "change_message": "[{\"changed\": {\"fields\": [\"Order\"]}}]"
  }
},
{
  "model": "admin.logentry",
  "pk": 111,
  "fields": {
    "action_time": "2025-12-16T20:51:16.476Z",
    "user": [
      "tahiya"
    ],
    "content_type": [
      "people",
      "contributor"
    ],
    "object_id": "10",
    "object_repr": "Fabia Tasnim - Course-Based Development",
    "action_flag": 2,
    "change_message": "[{\"changed\": {\"fields\": [\"Order\"]}}]"
  }
},
{
  "model": "admin.logentry",
  "pk": 110,
  "fields": {
    "action_time": "2025-12-16T20:51:00.708Z",
    "user": [
      "tahiya"
    ],
    "content_type": [
      "people",
      "contributor"
    ],
    "object_id": "10",
    "object_repr": "Fabia Tasnim - Course-Based Development",
    "action_flag": 2,
    "change_message": "[{\"changed\": {\"fields\": [\"Order\"]}}]"
  }
},
{
  "model": "admin.logentry",
  "pk": 109,
  "fields": {
    "action_time": "2025-12-16T20:50:25.480Z",
    "user": [
      "tahiya"
    ],
    "content_type": [
      "people",
      "contributor"
    ],
    "object_id": "10",
    "object_repr": "Fabia Tasnim - Course-Based Development",
    "action_flag": 2,
    "change_message": "[{\"changed\": {\"fields\": [\"Order\"]}}]"
  }
},
{
  "model": "admin.logentry",
  "pk": 108,
  "fields": {
    "action_time": "2025-12-16T20:50:14.586Z",
    "user": [
      "tahiya"
    ],
    "content_type": [
      "people",
      "contributor"
    ],
    "object_id": "9",
    "object_repr": "Ibrahim Hasan - Course-Based Development",
    "action_flag": 2,
    "change_message": "[{\"changed\": {\"fields\": [\"Order\"]}}]"
  }
},
{
  "model": "admin.logentry",
  "pk": 107,
  "fields": {
    "action_time": "2025-12-16T20:50:04.178Z",
    "user": [
      "tahiya"
    ],
    "content_type": [
      "people",
      "contributor"
    ],
    "object_id": "8",
    "object_repr": "Tasnia Sami - Course-Based Development",
    "action_flag": 2,
    "change_message": "[{\"changed\": {\"fields\": [\"Order\"]}}]"
  }
},
{
  "model": "admin.logentry",
  "pk": 106,
  "fields": {
    "action_time": "2025-12-16T20:49:36.290Z",
    "user": [
      "tahiya"
    ],
    "content_type": [
      "people",
      "contributor"
    ],
    "object_id": "7",
    "object_repr": "Lubaba Hasan - Course-Based Development",
    "action_flag": 2,
    "change_message": "[{\"changed\": {\"fields\": [\"Order\"]}}]"
  }
},
{
  "model": "admin.logentry",
  "pk": 105,
  "fields": {
    "action_time": "2025-12-16T20:49:20.665Z",
    "user": [
      "tahiya"
    ],
    "content_type": [
      "people",
      "contributor"
    ],
    "object_id": "6",
    "object_repr": "Yeamin Bhuiyan - Course-Based Development",
    "action_flag": 2,
    "change_message": "[{\"changed\": {\"fields\": [\"Order\"]}}]"
  }
},
{
  "model": "admin.logentry",
  "pk": 104,
  "fields": {
    "action_time": "2025-12-16T20:49:04.682Z",
    "user": [
      "tahiya"
    ],
    "content_type": [
      "people",
      "contributor"
    ],
    "object_id": "6",
    "object_repr": "Yeamin Bhuiyan - Course-Based Development",
    "action_flag": 2,
    "change_message": "[]"
  }
},
{
  "model": "admin.logentry",
  "pk": 103,
  "fields": {
    "action_time": "2025-12-16T20:48:52.363Z",
    "user": [
      "tahiya"
    ],
    "content_type": [
      "people",
      "contributor"
    ],
    "object_id": "5",
    "object_repr": "Wasikul Hasan Fahim - Course-Based Development",
    "action_flag": 2,
    "change_message": "[{\"changed\": {\"fields\": [\"Order\"]}}]"
  }
},
{
  "model": "admin.logentry",
  "pk": 102,
  "fields": {
    "action_time": "2025-12-16T20:48:37.551Z",
    "user": [
      "tahiya"
    ],
    "content_type": [
      "people",
      "contributor"
    ],
    "object_id": "4",
    "object_repr": "Junaid Hossain - Course-Based Development",
    "action_flag": 2,
    "change_message": "[{\"changed\": {\"fields\": [\"Order\"]}}]"
  }
},
{
  "model": "admin.logentry",
  "pk": 101,
  "fields": {
    "action_time": "2025-12-16T20:29:26.217Z",
    "user": [
      "durjoy@uap-bd.edu"
    ],
    "content_type": [
      "people",
      "contributor"
    ],
    "object_id": "15",
    "object_repr": "Md. Akif Hossain - Course-Based Development",
    "action_flag": 2,
    "change_message": "[{\"changed\": {\"fields\": [\"Github username\"]}}]"
  }
},
{
  "model": "admin.logentry",
  "pk": 100,
  "fields": {
    "action_time": "2025-12-16T20:28:51.185Z",
    "user": [
      "durjoy@uap-bd.edu"
    ],
    "content_type": [
      "people",
      "contributor"
    ],
    "object_id": "14",
    "object_repr": "Marzan Ahmed - Course-Based Development",
    "action_flag": 2,
    "change_message": "[{\"changed\": {\"fields\": [\"Github username\"]}}]"
  }
},
{
  "model": "admin.logentry",
  "pk": 99,
  "fields": {
    "action_time": "2025-12-16T20:28:34.747Z",
    "user": [
      "durjoy@uap-bd.edu"
    ],
    "content_type": [
      "people",
      "contributor"
    ],
    "object_id": "3",
    "object_repr": "Durjoy Mistry - Course-Based Development",
    "action_flag": 2,
    "change_message": "[{\"changed\": {\"fields\": [\"Student id\"]}}]"
  }
},
{
  "model": "admin.logentry",
  "pk": 98,
  "fields": {
    "action_time": "2025-12-16T20:28:04.837Z",
    "user": [
      "durjoy@uap-bd.edu"
    ],
    "content_type": [
      "people",
      "contributor"
    ],
    "object_id": "12",
    "object_repr": "Taj Mohammad Anim - Course-Based Development",
    "action_flag": 2,
    "change_message": "[{\"changed\": {\"fields\": [\"Github username\"]}}]"
  }
},
{
  "model": "admin.logentry",
  "pk": 97,
  "fields": {
    "action_time": "2025-12-16T20:27:36.854Z",
    "user": [
      "durjoy@uap-bd.edu"
    ],
    "content_type": [
      "people",
      "contributor"
    ],
    "object_id": "1",
    "object_repr": "Durjoy Mistry - Final Development & Deployment",
    "action_flag": 2,
    "change_message": "[{\"changed\": {\"fields\": [\"Github username\", \"Photo\"]}}]"
  }
},
{
  "model": "admin.logentry",
  "pk": 96,
  "fields": {
    "action_time": "2025-12-16T20:26:48.457Z",
    "user": [
      "durjoy@uap-bd.edu"
    ],
    "content_type": [
      "people",
      "contributor"
    ],
    "object_id": "2",
    "object_repr": "Tahiya Zareen Hiya - Final Development & Deployment",
    "action_flag": 2,
    "change_message": "[{\"changed\": {\"fields\": [\"Github username\"]}}]"
  }
},
{
  "model": "admin.logentry",
  "pk": 95,
  "fields": {
    "action_time": "2025-12-16T20:26:34.072Z",
    "user": [
      "durjoy@uap-bd.edu"
    ],
    "content_type": [
      "people",
      "contributor"
    ],
    "object_id": "13",
    "object_repr": "Rabea Sultana Shazia - Course-Based Development",
    "action_flag": 2,
    "change_message": "[{\"changed\": {\"fields\": [\"Github username\"]}}]"
  }
},
{
  "model": "admin.logentry",
  "pk": 94,
  "fields": {
    "action_time": "2025-12-16T20:25:42.382Z",
    "user": [
      "durjoy@uap-bd.edu"
    ],
    "content_type": [
      "people",
      "contributor"
    ],
    "object_id": "11",
    "object_repr": "Md Sahriar Asif - Course-Based Development",
    "action_flag": 2,
    "change_message": "[{\"changed\": {\"fields\": [\"Github username\"]}}]"
  }
},
{
  "model": "admin.logentry",
  "pk": 93,
  "fields": {
    "action_time": "2025-12-16T20:25:24.817Z",
    "user": [
      "durjoy@uap-bd.edu"
    ],
    "content_type": [
      "people",
      "contributor"
    ],
    "object_id": "10",
    "object_repr": "Fabia Tasnim - Course-Based Development",
    "action_flag": 2,
    "change_message": "[{\"changed\": {\"fields\": [\"Github username\"]}}]"
  }
},
{
  "model": "admin.logentry",
  "pk": 92,
  "fields": {
    "action_time": "2025-12-16T20:25:10.188Z",
    "user": [
      "durjoy@uap-bd.edu"
    ],
    "content_type": [
      "people",
      "contributor"
    ],
    "object_id": "9",
    "object_repr": "Ibrahim Hasan - Course-Based Development",
    "action_flag": 2,
    "change_message": "[{\"changed\": {\"fields\": [\"Github username\"]}}]"
  }
},
{
  "model": "admin.logentry",
  "pk": 91,
  "fields": {
    "action_time": "2025-12-16T20:25:00.131Z",
    "user": [
      "durjoy@uap-bd.edu"
    ],
    "content_type": [
      "people",
      "contributor"
    ],
    "object_id": "8",
    "object_repr": "Tasnia Sami - Course-Based Development",
    "action_flag": 2,
    "change_message": "[{\"changed\": {\"fields\": [\"Github username\"]}}]"
  }
},
{
  "model": "admin.logentry",
  "pk": 90,
  "fields": {
    "action_time": "2025-12-16T20:24:13.997Z",
    "user": [
      "durjoy@uap-bd.edu"
    ],
    "content_type": [
      "people",
      "contributor"
    ],
    "object_id": "7",
    "object_repr": "Lubaba Hasan - Course-Based Development",
    "action_flag": 2,
    "change_message": "[{\"changed\": {\"fields\": [\"Github username\"]}}]"
  }
},
{
  "model": "admin.logentry",
  "pk": 89,
  "fields": {
    "action_time": "2025-12-16T20:23:51.147Z",
    "user": [
      "durjoy@uap-bd.edu"
    ],
    "content_type": [
      "people",
      "contributor"
    ],
    "object_id": "6",
    "object_repr": "Yeamin Bhuiyan - Course-Based Development",
    "action_flag": 2,
    "change_message": "[{\"changed\": {\"fields\": [\"Github username\"]}}]"
  }
},
{
  "model": "admin.logentry",
  "pk": 88,
  "fields": {
    "action_time": "2025-12-16T20:23:37.405Z",
    "user": [
      "durjoy@uap-bd.edu"
    ],
    "content_type": [
      "people",
      "contributor"
    ],
    "object_id": "5",
    "object_repr": "Wasikul Hasan Fahim - Course-Based Development",
    "action_flag": 2,
    "change_message": "[{\"changed\": {\"fields\": [\"Github username\"]}}]"
  }
},
{
  "model": "admin.logentry",
  "pk": 87,
  "fields": {
    "action_time": "2025-12-16T20:23:17.835Z",
    "user": [
      "durjoy@uap-bd.edu"
    ],
    "content_type": [
      "people",
      "contributor"
    ],
    "object_id": "16",
    "object_repr": "Tahiya Zareen Hiya - Course-Based Development",
    "action_flag": 2,
    "change_message": "[{\"changed\": {\"fields\": [\"Github username\"]}}]"
  }
},
{
  "model": "admin.logentry",
  "pk": 86,
  "fields": {
    "action_time": "2025-12-16T20:23:07.180Z",
    "user": [
      "durjoy@uap-bd.edu"
    ],
    "content_type": [
      "people",
      "contributor"
    ],
    "object_id": "4",
    "object_repr": "Junaid Hossain - Course-Based Development",
    "action_flag": 2,
    "change_message": "[{\"changed\": {\"fields\": [\"Github username\"]}}]"
  }
},
{
  "model": "admin.logentry",
  "pk": 85,
  "fields": {
    "action_time": "2025-12-16T20:22:46.798Z",
    "user": [
      "durjoy@uap-bd.edu"
    ],
    "content_type": [
      "people",
      "contributor"
    ],
    "object_id": "3",
    "object_repr": "Durjoy Mistry - Course-Based Development",
    "action_flag": 2,
    "change_message": "[{\"changed\": {\"fields\": [\"Github username\"]}}]"
  }
},
{
  "model": "admin.logentry",
  "pk": 84,
  "fields": {
    "action_time": "2025-12-16T20:11:10.585Z",
    "user": [
      "durjoy@uap-bd.edu"
    ],
    "content_type": [
      "people",
      "contributor"
    ],
    "object_id": "14",
    "object_repr": "Marzan Ahmed - Course-Based Development",
    "action_flag": 2,
    "change_message": "[{\"changed\": {\"fields\": [\"Lines added\", \"Lines deleted\", \"Number of commits\"]}}]"
  }
},
{
  "model": "admin.logentry",
  "pk": 83,
  "fields": {
    "action_time": "2025-12-16T19:58:31.862Z",
    "user": [
      "durjoy@uap-bd.edu"
    ],
    "content_type": [
      "people",
      "contributor"
    ],
    "object_id": "1",
    "object_repr": "Durjoy Mistry - Final Development & Deployment",
    "action_flag": 2,
    "change_message": "[{\"changed\": {\"fields\": [\"Lines added\", \"Lines deleted\", \"Number of commits\"]}}]"
  }
},
{
  "model": "admin.logentry",
  "pk": 82,
  "fields": {
    "action_time": "2025-12-16T19:57:55.245Z",
    "user": [
      "durjoy@uap-bd.edu"
    ],
    "content_type": [
      "people",
      "contributor"
    ],
    "object_id": "1",
    "object_repr": "Durjoy Mistry - Final Development & Deployment",
    "action_flag": 2,
    "change_message": "[{\"changed\": {\"fields\": [\"Portfolio link\"]}}]"
  }
},
{
  "model": "admin.logentry",
  "pk": 81,
  "fields": {
    "action_time": "2025-12-16T19:57:22.542Z",
    "user": [
      "durjoy@uap-bd.edu"
    ],
    "content_type": [
      "people",
      "contributor"
    ],
    "object_id": "1",
    "object_repr": "Durjoy Mistry - Final Development & Deployment",
    "action_flag": 2,
    "change_message": "[{\"changed\": {\"fields\": [\"Student id\", \"Photo\"]}}]"
  }
},
{
  "model": "admin.logentry",
  "pk": 80,
  "fields": {
    "action_time": "2025-12-16T19:56:03.245Z",
    "user": [
      "durjoy@uap-bd.edu"
    ],
    "content_type": [
      "people",
      "contributor"
    ],
    "object_id": "1",
    "object_repr": "Durjoy Mistry - Final Development & Deployment",
    "action_flag": 2,
    "change_message": "[{\"changed\": {\"fields\": [\"Student id\"]}}]"
  }
},
{
  "model": "admin.logentry",
  "pk": 79,
  "fields": {
    "action_time": "2025-12-13T17:53:11.663Z",
    "user": [
      "durjoy@uap-bd.edu"
    ],
    "content_type": [
      "people",
      "baseuser"
    ],
    "object_id": "1",
    "object_repr": "durjoy@uap-bd.edu",
    "action_flag": 2,
    "change_message": "[]"
  }
},
{
  "model": "admin.logentry",
  "pk": 78,
  "fields": {
    "action_time": "2025-12-13T17:52:27.737Z",
    "user": [
      "durjoy@uap-bd.edu"
    ],
    "content_type": [
      "people",
      "allowedemail"
    ],
    "object_id": "1",
    "object_repr": "durjoy@uap-bd.edu",
    "action_flag": 2,
    "change_message": "[{\"changed\": {\"fields\": [\"Is power user\"]}}]"
  }
},
{
  "model": "admin.logentry",
  "pk": 77,
  "fields": {
    "action_time": "2025-12-13T16:15:34.534Z",
    "user": [
      "dee"
    ],
    "content_type": [
      "designs",
      "admissionelement"
    ],
    "object_id": "4",
    "object_repr": "4 - Programs",
    "action_flag": 3,
    "change_message": ""
  }
},
{
  "model": "admin.logentry",
  "pk": 76,
  "fields": {
    "action_time": "2025-12-13T13:51:55.171Z",
    "user": [
      "durjoy@uap-bd.edu"
    ],
    "content_type": [
      "people",
      "allowedemail"
    ],
    "object_id": "1",
    "object_repr": "durjoy@uap-bd.edu",
    "action_flag": 2,
    "change_message": "[{\"changed\": {\"fields\": [\"Is power user\"]}}]"
  }
},
{
  "model": "admin.logentry",
  "pk": 75,
  "fields": {
    "action_time": "2025-12-13T12:52:11.695Z",
    "user": [
      "dee"
    ],
    "content_type": [
      "people",
      "baseuser"
    ],
    "object_id": "2",
    "object_repr": "rashik@uap-bd.edu",
    "action_flag": 2,
    "change_message": "[{\"changed\": {\"fields\": [\"Access level\"]}}]"
  }
},
{
  "model": "admin.logentry",
  "pk": 74,
  "fields": {
    "action_time": "2025-12-13T12:51:51.486Z",
    "user": [
      "dee"
    ],
    "content_type": [
      "people",
      "allowedemail"
    ],
    "object_id": "2",
    "object_repr": "rashik@uap-bd.edu",
    "action_flag": 2,
    "change_message": "[]"
  }
},
{
  "model": "admin.logentry",
  "pk": 73,
  "fields": {
    "action_time": "2025-12-13T12:50:14.333Z",
    "user": [
      "dee"
    ],
    "content_type": [
      "people",
      "allowedemail"
    ],
    "object_id": "2",
    "object_repr": "rashik@uap-bd.edu",
    "action_flag": 2,
    "change_message": "[{\"changed\": {\"fields\": [\"Access level\"]}}]"
  }
},
{
  "model": "admin.logentry",
  "pk": 72,
  "fields": {
    "action_time": "2025-12-11T20:20:53.365Z",
    "user": [
      "durjoy@uap-bd.edu"
    ],
    "content_type": [
      "people",
      "allowedemail"
    ],
    "object_id": "2",
    "object_repr": "rashik@uap-bd.edu",
    "action_flag": 2,
    "change_message": "[]"
  }
},
{
  "model": "admin.logentry",
  "pk": 71,
  "fields": {
    "action_time": "2025-12-10T20:32:21.258Z",
    "user": [
      "dee"
    ],
    "content_type": [
      "people",
      "baseuser"
    ],
    "object_id": "11",
    "object_repr": "kabir@example.com",
    "action_flag": 2,
    "change_message": "[]"
  }
},
{
  "model": "admin.logentry",
  "pk": 70,
  "fields": {
    "action_time": "2025-12-10T19:39:31.070Z",
    "user": [
      "dee"
    ],
    "content_type": [
      "designs",
      "herotags"
    ],
    "object_id": "5",
    "object_repr": "5 - 9 Clubs/Units",
    "action_flag": 2,
    "change_message": "[{\"changed\": {\"fields\": [\"Title\"]}}]"
  }
},
{
  "model": "admin.logentry",
  "pk": 69,
  "fields": {
    "action_time": "2025-12-10T17:01:40.008Z",
    "user": [
      "dee"
    ],
    "content_type": [
      "academics",
      "programoutcome"
    ],
    "object_id": "9",
    "object_repr": "PLO9 (BSc in CSE)",
    "action_flag": 2,
    "change_message": "[{\"changed\": {\"fields\": [\"Code\"]}}]"
  }
},
{
  "model": "admin.logentry",
  "pk": 68,
  "fields": {
    "action_time": "2025-12-10T17:01:33.747Z",
    "user": [
      "dee"
    ],
    "content_type": [
      "academics",
      "programoutcome"
    ],
    "object_id": "8",
    "object_repr": "PLO8 (BSc in CSE)",
    "action_flag": 2,
    "change_message": "[{\"changed\": {\"fields\": [\"Code\"]}}]"
  }
},
{
  "model": "admin.logentry",
  "pk": 67,
  "fields": {
    "action_time": "2025-12-10T17:01:27.118Z",
    "user": [
      "dee"
    ],
    "content_type": [
      "academics",
      "programoutcome"
    ],
    "object_id": "7",
    "object_repr": "PLO7 (BSc in CSE)",
    "action_flag": 2,
    "change_message": "[{\"changed\": {\"fields\": [\"Code\"]}}]"
  }
},
{
  "model": "admin.logentry",
  "pk": 66,
  "fields": {
    "action_time": "2025-12-10T17:01:14.226Z",
    "user": [
      "dee"
    ],
    "content_type": [
      "academics",
      "programoutcome"
    ],
    "object_id": "6",
    "object_repr": "PLO6 (BSc in CSE)",
    "action_flag": 2,
    "change_message": "[{\"changed\": {\"fields\": [\"Code\"]}}]"
  }
},
{
  "model": "admin.logentry",
  "pk": 65,
  "fields": {
    "action_time": "2025-12-10T17:01:08.036Z",
    "user": [
      "dee"
    ],
    "content_type": [
      "academics",
      "programoutcome"
    ],
    "object_id": "5",
    "object_repr": "PLO5 (BSc in CSE)",
    "action_flag": 2,
    "change_message": "[{\"changed\": {\"fields\": [\"Code\"]}}]"
  }
},
{
  "model": "admin.logentry",
  "pk": 64,
  "fields": {
    "action_time": "2025-12-10T17:01:01.096Z",
    "user": [
      "dee"
    ],
    "content_type": [
      "academics",
      "programoutcome"
    ],
    "object_id": "4",
    "object_repr": "PLO4 (BSc in CSE)",
    "action_flag": 2,
    "change_message": "[{\"changed\": {\"fields\": [\"Code\"]}}]"
  }
},
{
  "model": "admin.logentry",
  "pk": 63,
  "fields": {
    "action_time": "2025-12-10T17:00:53.552Z",
    "user": [
      "dee"
    ],
    "content_type": [
      "academics",
      "programoutcome"
    ],
    "object_id": "3",
    "object_repr": "PLO3 (BSc in CSE)",
    "action_flag": 2,
    "change_message": "[{\"changed\": {\"fields\": [\"Code\"]}}]"
  }
},
{
  "model": "admin.logentry",
  "pk": 62,
  "fields": {
    "action_time": "2025-12-10T17:00:44.855Z",
    "user": [
      "dee"
    ],
    "content_type": [
      "academics",
      "programoutcome"
    ],
    "object_id": "2",
    "object_repr": "PLO2 (BSc in CSE)",
    "action_flag": 2,
    "change_message": "[{\"changed\": {\"fields\": [\"Code\"]}}]"
  }
},
{
  "model": "admin.logentry",
  "pk": 61,
  "fields": {
    "action_time": "2025-12-10T17:00:38.310Z",
    "user": [
      "dee"
    ],
    "content_type": [
      "academics",
      "programoutcome"
    ],
    "object_id": "12",
    "object_repr": "PLO12 (BSc in CSE)",
    "action_flag": 2,
    "change_message": "[{\"changed\": {\"fields\": [\"Code\"]}}]"
  }
},
{
  "model": "admin.logentry",
  "pk": 60,
  "fields": {
    "action_time": "2025-12-10T17:00:32.048Z",
    "user": [
      "dee"
    ],
    "content_type": [
      "academics",
      "programoutcome"
    ],
    "object_id": "11",
    "object_repr": "PLO11 (BSc in CSE)",
    "action_flag": 2,
    "change_message": "[{\"changed\": {\"fields\": [\"Code\"]}}]"
  }
},
{
  "model": "admin.logentry",
  "pk": 59,
  "fields": {
    "action_time": "2025-12-10T17:00:22.919Z",
    "user": [
      "dee"
    ],
    "content_type": [
      "academics",
      "programoutcome"
    ],
    "object_id": "10",
    "object_repr": "PLO10 (BSc in CSE)",
    "action_flag": 2,
    "change_message": "[{\"changed\": {\"fields\": [\"Code\"]}}]"
  }
},
{
  "model": "admin.logentry",
  "pk": 58,
  "fields": {
    "action_time": "2025-12-10T17:00:14.749Z",
    "user": [
      "dee"
    ],
    "content_type": [
      "academics",
      "programoutcome"
    ],
    "object_id": "1",
    "object_repr": "PLO1 (BSc in CSE)",
    "action_flag": 2,
    "change_message": "[{\"changed\": {\"fields\": [\"Code\"]}}]"
  }
},
{
  "model": "admin.logentry",
  "pk": 57,
  "fields": {
    "action_time": "2025-12-10T15:59:50.950Z",
    "user": [
      "dee"
    ],
    "content_type": [
      "people",
      "baseuser"
    ],
    "object_id": "11",
    "object_repr": "kabir@example.com",
    "action_flag": 2,
    "change_message": "[{\"changed\": {\"fields\": [\"Access level\"]}}]"
  }
},
{
  "model": "admin.logentry",
  "pk": 56,
  "fields": {
    "action_time": "2025-12-10T15:59:21.366Z",
    "user": [
      "dee"
    ],
    "content_type": [
      "people",
      "baseuser"
    ],
    "object_id": "10",
    "object_repr": "suza@example.com",
    "action_flag": 2,
    "change_message": "[{\"changed\": {\"fields\": [\"Allowed email\"]}}]"
  }
},
{
  "model": "admin.logentry",
  "pk": 55,
  "fields": {
    "action_time": "2025-12-10T15:59:18.239Z",
    "user": [
      "dee"
    ],
    "content_type": [
      "people",
      "allowedemail"
    ],
    "object_id": "8",
    "object_repr": "suza@x.com",
    "action_flag": 1,
    "change_message": "[{\"added\": {}}]"
  }
},
{
  "model": "admin.logentry",
  "pk": 54,
  "fields": {
    "action_time": "2025-12-10T15:50:55.791Z",
    "user": [
      "dee"
    ],
    "content_type": [
      "people",
      "baseuser"
    ],
    "object_id": "1",
    "object_repr": "durjoy@uap-bd.edu",
    "action_flag": 2,
    "change_message": "[{\"changed\": {\"fields\": [\"password\"]}}]"
  }
},
{
  "model": "admin.logentry",
  "pk": 53,
  "fields": {
    "action_time": "2025-12-09T23:18:20.882Z",
    "user": [
      "tahiya"
    ],
    "content_type": [
      "designs",
      "admissionelement"
    ],
    "object_id": "6",
    "object_repr": "6 - MCSE",
    "action_flag": 2,
    "change_message": "[{\"changed\": {\"fields\": [\"Content\"]}}]"
  }
},
{
  "model": "admin.logentry",
  "pk": 52,
  "fields": {
    "action_time": "2025-12-09T23:17:47.596Z",
    "user": [
      "tahiya"
    ],
    "content_type": [
      "designs",
      "admissionelement"
    ],
    "object_id": "5",
    "object_repr": "5 - BSc in CSE",
    "action_flag": 2,
    "change_message": "[{\"changed\": {\"fields\": [\"Content\"]}}]"
  }
},
{
  "model": "admin.logentry",
  "pk": 51,
  "fields": {
    "action_time": "2025-12-09T21:53:59.196Z",
    "user": [
      "tahiya"
    ],
    "content_type": [
      "designs",
      "admissionelement"
    ],
    "object_id": "1",
    "object_repr": "1 - Admission Info",
    "action_flag": 2,
    "change_message": "[{\"changed\": {\"fields\": [\"Content\"]}}]"
  }
},
{
  "model": "admin.logentry",
  "pk": 50,
  "fields": {
    "action_time": "2025-12-09T21:51:54.154Z",
    "user": [
      "tahiya"
    ],
    "content_type": [
      "designs",
      "admissionelement"
    ],
    "object_id": "5",
    "object_repr": "5 - BSc in CSE",
    "action_flag": 2,
    "change_message": "[{\"changed\": {\"fields\": [\"Content\"]}}]"
  }
},
{
  "model": "admin.logentry",
  "pk": 49,
  "fields": {
    "action_time": "2025-12-09T21:48:47.730Z",
    "user": [
      "tahiya"
    ],
    "content_type": [
      "designs",
      "admissionelement"
    ],
    "object_id": "5",
    "object_repr": "5 - BSc in CSE",
    "action_flag": 2,
    "change_message": "[{\"changed\": {\"fields\": [\"Content\"]}}]"
  }
},
{
  "model": "admin.logentry",
  "pk": 48,
  "fields": {
    "action_time": "2025-12-09T21:48:27.163Z",
    "user": [
      "tahiya"
    ],
    "content_type": [
      "designs",
      "admissionelement"
    ],
    "object_id": "6",
    "object_repr": "6 - MCSE",
    "action_flag": 2,
    "change_message": "[{\"changed\": {\"fields\": [\"Content\"]}}]"
  }
},
{
  "model": "admin.logentry",
  "pk": 47,
  "fields": {
    "action_time": "2025-12-09T21:47:58.855Z",
    "user": [
      "tahiya"
    ],
    "content_type": [
      "designs",
      "admissionelement"
    ],
    "object_id": "6",
    "object_repr": "6 - MCSE",
    "action_flag": 2,
    "change_message": "[{\"changed\": {\"fields\": [\"Content\", \"Curriculum pdf\"]}}]"
  }
},
{
  "model": "admin.logentry",
  "pk": 46,
  "fields": {
    "action_time": "2025-12-09T21:46:56.404Z",
    "user": [
      "tahiya"
    ],
    "content_type": [
      "designs",
      "admissionelement"
    ],
    "object_id": "5",
    "object_repr": "5 - BSc in CSE",
    "action_flag": 2,
    "change_message": "[{\"changed\": {\"fields\": [\"Content\", \"Curriculum pdf\"]}}]"
  }
},
{
  "model": "admin.logentry",
  "pk": 45,
  "fields": {
    "action_time": "2025-12-09T21:45:27.702Z",
    "user": [
      "tahiya"
    ],
    "content_type": [
      "designs",
      "admissionelement"
    ],
    "object_id": "3",
    "object_repr": "3 - Waiver",
    "action_flag": 2,
    "change_message": "[{\"changed\": {\"fields\": [\"Content\"]}}]"
  }
},
{
  "model": "admin.logentry",
  "pk": 44,
  "fields": {
    "action_time": "2025-12-09T21:42:22.133Z",
    "user": [
      "tahiya"
    ],
    "content_type": [
      "designs",
      "admissionelement"
    ],
    "object_id": "2",
    "object_repr": "2 - Tuition Fees",
    "action_flag": 2,
    "change_message": "[]"
  }
},
{
  "model": "admin.logentry",
  "pk": 43,
  "fields": {
    "action_time": "2025-12-09T21:41:21.581Z",
    "user": [
      "tahiya"
    ],
    "content_type": [
      "designs",
      "admissionelement"
    ],
    "object_id": "2",
    "object_repr": "2 - Tuition Fees",
    "action_flag": 2,
    "change_message": "[{\"changed\": {\"fields\": [\"Content\"]}}]"
  }
},
{
  "model": "admin.logentry",
  "pk": 42,
  "fields": {
    "action_time": "2025-12-09T21:39:39.424Z",
    "user": [
      "tahiya"
    ],
    "content_type": [
      "designs",
      "admissionelement"
    ],
    "object_id": "1",
    "object_repr": "1 - Admission Info",
    "action_flag": 2,
    "change_message": "[{\"changed\": {\"fields\": [\"Content\"]}}]"
  }
},
{
  "model": "admin.logentry",
  "pk": 41,
  "fields": {
    "action_time": "2025-12-09T21:23:59.839Z",
    "user": [
      "tahiya"
    ],
    "content_type": [
      "designs",
      "admissionelement"
    ],
    "object_id": "1",
    "object_repr": "1 - Admission Info",
    "action_flag": 2,
    "change_message": "[{\"changed\": {\"fields\": [\"Content\"]}}]"
  }
},
{
  "model": "admin.logentry",
  "pk": 40,
  "fields": {
    "action_time": "2025-12-09T20:19:22.343Z",
    "user": [
      "tahiya"
    ],
    "content_type": [
      "people",
      "faculty"
    ],
    "object_id": "8",
    "object_repr": "2. Faria Zarin Subah | Lecturer",
    "action_flag": 1,
    "change_message": "[{\"added\": {}}]"
  }
},
{
  "model": "admin.logentry",
  "pk": 39,
  "fields": {
    "action_time": "2025-12-09T20:18:24.718Z",
    "user": [
      "tahiya"
    ],
    "content_type": [
      "people",
      "baseuser"
    ],
    "object_id": "8",
    "object_repr": "fariazarin@uap-bd.edu",
    "action_flag": 1,
    "change_message": "[{\"added\": {}}]"
  }
},
{
  "model": "admin.logentry",
  "pk": 38,
  "fields": {
    "action_time": "2025-12-09T20:17:56.084Z",
    "user": [
      "tahiya"
    ],
    "content_type": [
      "people",
      "allowedemail"
    ],
    "object_id": "7",
    "object_repr": "fariazarin@uap-bd.edu",
    "action_flag": 1,
    "change_message": "[{\"added\": {}}]"
  }
},
{
  "model": "admin.logentry",
  "pk": 37,
  "fields": {
    "action_time": "2025-12-09T20:15:02.962Z",
    "user": [
      "tahiya"
    ],
    "content_type": [
      "people",
      "faculty"
    ],
    "object_id": "7",
    "object_repr": "1. Shaila Rahman | Assistant Professor",
    "action_flag": 1,
    "change_message": "[{\"added\": {}}]"
  }
},
{
  "model": "admin.logentry",
  "pk": 36,
  "fields": {
    "action_time": "2025-12-09T20:13:45.216Z",
    "user": [
      "tahiya"
    ],
    "content_type": [
      "people",
      "baseuser"
    ],
    "object_id": "7",
    "object_repr": "shaila@uap-bd.edu",
    "action_flag": 1,
    "change_message": "[{\"added\": {}}]"
  }
},
{
  "model": "admin.logentry",
  "pk": 35,
  "fields": {
    "action_time": "2025-12-09T20:13:20.709Z",
    "user": [
      "tahiya"
    ],
    "content_type": [
      "people",
      "allowedemail"
    ],
    "object_id": "6",
    "object_repr": "shaila@uap-bd.edu",
    "action_flag": 1,
    "change_message": "[{\"added\": {}}]"
  }
},
{
  "model": "admin.logentry",
  "pk": 34,
  "fields": {
    "action_time": "2025-12-09T20:11:29.770Z",
    "user": [
      "tahiya"
    ],
    "content_type": [
      "people",
      "faculty"
    ],
    "object_id": "5",
    "object_repr": "1. Dr. Bilkis Jamal Ferdosi | Professor",
    "action_flag": 2,
    "change_message": "[]"
  }
},
{
  "model": "admin.logentry",
  "pk": 33,
  "fields": {
    "action_time": "2025-12-09T20:11:21.098Z",
    "user": [
      "tahiya"
    ],
    "content_type": [
      "people",
      "baseuser"
    ],
    "object_id": "5",
    "object_repr": "bjferdosi@uap-bd.edu",
    "action_flag": 2,
    "change_message": "[{\"changed\": {\"fields\": [\"Profile picture\"]}}]"
  }
},
{
  "model": "admin.logentry",
  "pk": 32,
  "fields": {
    "action_time": "2025-12-09T20:10:40.137Z",
    "user": [
      "tahiya"
    ],
    "content_type": [
      "people",
      "faculty"
    ],
    "object_id": "6",
    "object_repr": "5. Tahira Alam | Assistant Professor",
    "action_flag": 1,
    "change_message": "[{\"added\": {}}]"
  }
},
{
  "model": "admin.logentry",
  "pk": 31,
  "fields": {
    "action_time": "2025-12-09T20:09:45.983Z",
    "user": [
      "tahiya"
    ],
    "content_type": [
      "people",
      "baseuser"
    ],
    "object_id": "6",
    "object_repr": "tahira.cse@uap-bd.edu",
    "action_flag": 1,
    "change_message": "[{\"added\": {}}]"
  }
},
{
  "model": "admin.logentry",
  "pk": 30,
  "fields": {
    "action_time": "2025-12-09T20:09:14.592Z",
    "user": [
      "tahiya"
    ],
    "content_type": [
      "people",
      "allowedemail"
    ],
    "object_id": "5",
    "object_repr": "tahira.cse@uap-bd.edu",
    "action_flag": 1,
    "change_message": "[{\"added\": {}}]"
  }
},
{
  "model": "admin.logentry",
  "pk": 29,
  "fields": {
    "action_time": "2025-12-09T20:07:46.880Z",
    "user": [
      "tahiya"
    ],
    "content_type": [
      "people",
      "faculty"
    ],
    "object_id": "5",
    "object_repr": "1. Dr. Bilkis Jamal Ferdosi | Professor",
    "action_flag": 1,
    "change_message": "[{\"added\": {}}]"
  }
},
{
  "model": "admin.logentry",
  "pk": 28,
  "fields": {
    "action_time": "2025-12-09T20:07:36.027Z",
    "user": [
      "tahiya"
    ],
    "content_type": [
      "people",
      "baseuser"
    ],
    "object_id": "5",
    "object_repr": "bjferdosi@uap-bd.edu",
    "action_flag": 1,
    "change_message": "[{\"added\": {}}]"
  }
},
{
  "model": "admin.logentry",
  "pk": 27,
  "fields": {
    "action_time": "2025-12-09T20:05:59.761Z",
    "user": [
      "tahiya"
    ],
    "content_type": [
      "people",
      "allowedemail"
    ],
    "object_id": "4",
    "object_repr": "bjferdosi@uap-bd.edu",
    "action_flag": 1,
    "change_message": "[{\"added\": {}}]"
  }
},
{
  "model": "admin.logentry",
  "pk": 26,
  "fields": {
    "action_time": "2025-12-09T16:44:44.685Z",
    "user": [
      "tahiya"
    ],
    "content_type": [
      "people",
      "faculty"
    ],
    "object_id": "4",
    "object_repr": "3. Tahira Alam | Assistant Professor",
    "action_flag": 3,
    "change_message": ""
  }
},
{
  "model": "admin.logentry",
  "pk": 25,
  "fields": {
    "action_time": "2025-12-09T16:43:06.073Z",
    "user": [
      "tahiya"
    ],
    "content_type": [
      "people",
      "faculty"
    ],
    "object_id": "4",
    "object_repr": "3. Tahira Alam | Assistant Professor",
    "action_flag": 1,
    "change_message": "[{\"added\": {}}]"
  }
},
{
  "model": "admin.logentry",
  "pk": 24,
  "fields": {
    "action_time": "2025-12-09T08:01:02.488Z",
    "user": [
      "tahiya"
    ],
    "content_type": [
      "designs",
      "featurecard"
    ],
    "object_id": "7",
    "object_repr": "7 - Networking and Recognition",
    "action_flag": 1,
    "change_message": "[{\"added\": {}}]"
  }
},
{
  "model": "admin.logentry",
  "pk": 23,
  "fields": {
    "action_time": "2025-12-09T07:55:43.783Z",
    "user": [
      "tahiya"
    ],
    "content_type": [
      "designs",
      "featurecard"
    ],
    "object_id": "3",
    "object_repr": "3 - JRC Scholarship",
    "action_flag": 2,
    "change_message": "[]"
  }
},
{
  "model": "admin.logentry",
  "pk": 22,
  "fields": {
    "action_time": "2025-12-09T07:47:48.921Z",
    "user": [
      "tahiya"
    ],
    "content_type": [
      "designs",
      "featurecard"
    ],
    "object_id": "6",
    "object_repr": "6 - Skill Development",
    "action_flag": 1,
    "change_message": "[{\"added\": {}}]"
  }
},
{
  "model": "admin.logentry",
  "pk": 21,
  "fields": {
    "action_time": "2025-12-09T07:23:35.831Z",
    "user": [
      "tahiya"
    ],
    "content_type": [
      "designs",
      "featurecard"
    ],
    "object_id": "5",
    "object_repr": "5 - Career Development",
    "action_flag": 1,
    "change_message": "[{\"added\": {}}]"
  }
},
{
  "model": "admin.logentry",
  "pk": 20,
  "fields": {
    "action_time": "2025-12-09T07:18:05.875Z",
    "user": [
      "tahiya"
    ],
    "content_type": [
      "designs",
      "featurecard"
    ],
    "object_id": "4",
    "object_repr": "4 - Research lab",
    "action_flag": 1,
    "change_message": "[{\"added\": {}}]"
  }
},
{
  "model": "admin.logentry",
  "pk": 19,
  "fields": {
    "action_time": "2025-12-09T07:14:07.796Z",
    "user": [
      "tahiya"
    ],
    "content_type": [
      "designs",
      "featurecard"
    ],
    "object_id": "3",
    "object_repr": "3 - JRC Scholarship",
    "action_flag": 2,
    "change_message": "[{\"changed\": {\"fields\": [\"Cropping\"]}}]"
  }
},
{
  "model": "admin.logentry",
  "pk": 18,
  "fields": {
    "action_time": "2025-12-09T07:13:50.446Z",
    "user": [
      "tahiya"
    ],
    "content_type": [
      "designs",
      "featurecard"
    ],
    "object_id": "3",
    "object_repr": "3 - JRC Scholarship",
    "action_flag": 1,
    "change_message": "[{\"added\": {}}]"
  }
},
{
  "model": "admin.logentry",
  "pk": 17,
  "fields": {
    "action_time": "2025-12-08T21:43:05.549Z",
    "user": [
      "durjoy@uap-bd.edu"
    ],
    "content_type": [
      "designs",
      "admissionelement"
    ],
    "object_id": "7",
    "object_repr": "7 - Apply Online",
    "action_flag": 3,
    "change_message": ""
  }
},
{
  "model": "admin.logentry",
  "pk": 16,
  "fields": {
    "action_time": "2025-12-08T21:08:56.246Z",
    "user": [
      "durjoy@uap-bd.edu"
    ],
    "content_type": [
      "people",
      "allowedemail"
    ],
    "object_id": "3",
    "object_repr": "aloke@uap-bd.edu",
    "action_flag": 1,
    "change_message": "[{\"added\": {}}]"
  }
},
{
  "model": "admin.logentry",
  "pk": 15,
  "fields": {
    "action_time": "2025-12-08T18:33:48.095Z",
    "user": [
      "durjoy@uap-bd.edu"
    ],
    "content_type": [
      "people",
      "baseuser"
    ],
    "object_id": "1",
    "object_repr": "durjoy@uap-bd.edu",
    "action_flag": 2,
    "change_message": "[{\"changed\": {\"fields\": [\"Username\"]}}]"
  }
},
{
  "model": "admin.logentry",
  "pk": 14,
  "fields": {
    "action_time": "2025-12-08T17:52:58.408Z",
    "user": [
      "durjoy@uap-bd.edu"
    ],
    "content_type": [
      "people",
      "faculty"
    ],
    "object_id": "2",
    "object_repr": "None. Rashik Rahman | Lecturer",
    "action_flag": 2,
    "change_message": "[{\"changed\": {\"fields\": [\"Name\", \"Shortname\"]}}]"
  }
},
{
  "model": "admin.logentry",
  "pk": 13,
  "fields": {
    "action_time": "2025-12-08T17:52:34.613Z",
    "user": [
      "durjoy@uap-bd.edu"
    ],
    "content_type": [
      "people",
      "baseuser"
    ],
    "object_id": "1",
    "object_repr": "durjoy@uap-bd.edu",
    "action_flag": 2,
    "change_message": "[{\"changed\": {\"fields\": [\"First name\", \"Last name\", \"Email address\", \"Allowed email\", \"User type\", \"Access level\"]}}]"
  }
},
{
  "model": "admin.logentry",
  "pk": 12,
  "fields": {
    "action_time": "2025-12-08T17:52:02.800Z",
    "user": [
      "durjoy@uap-bd.edu"
    ],
    "content_type": [
      "people",
      "baseuser"
    ],
    "object_id": "2",
    "object_repr": "rashik@uap-bd.edu",
    "action_flag": 2,
    "change_message": "[{\"changed\": {\"fields\": [\"Username\", \"First name\", \"Last name\", \"Email address\", \"Allowed email\", \"Access level\"]}}]"
  }
},
{
  "model": "admin.logentry",
  "pk": 11,
  "fields": {
    "action_time": "2025-12-08T17:49:50.119Z",
    "user": [
      "durjoy@uap-bd.edu"
    ],
    "content_type": [
      "people",
      "allowedemail"
    ],
    "object_id": "2",
    "object_repr": "rashik@uap-bd.edu",
    "action_flag": 1,
    "change_message": "[{\"added\": {}}]"
  }
},
{
  "model": "admin.logentry",
  "pk": 10,
  "fields": {
    "action_time": "2025-12-08T17:45:22.447Z",
    "user": [
      "durjoy@uap-bd.edu"
    ],
    "content_type": [
      "people",
      "faculty"
    ],
    "object_id": "2",
    "object_repr": "None. Durjoy Mistry | Lecturer",
    "action_flag": 2,
    "change_message": "[{\"changed\": {\"fields\": [\"Name\", \"Shortname\", \"Designation\"]}}]"
  }
},
{
  "model": "admin.logentry",
  "pk": 9,
  "fields": {
    "action_time": "2025-12-08T17:08:45.125Z",
    "user": [
      "durjoy@uap-bd.edu"
    ],
    "content_type": [
      "people",
      "faculty"
    ],
    "object_id": "1",
    "object_repr": "16. Durjoy Mistry | Lecturer",
    "action_flag": 2,
    "change_message": "[{\"changed\": {\"fields\": [\"Bio\", \"Google scholar url\", \"Citation\"]}}]"
  }
},
{
  "model": "admin.logentry",
  "pk": 8,
  "fields": {
    "action_time": "2025-12-08T17:06:57.546Z",
    "user": [
      "durjoy@uap-bd.edu"
    ],
    "content_type": [
      "people",
      "faculty"
    ],
    "object_id": "1",
    "object_repr": "16. Durjoy Mistry | Lecturer",
    "action_flag": 2,
    "change_message": "[{\"changed\": {\"fields\": [\"Cropping\", \"About\", \"Researches\", \"Routine\"]}}]"
  }
},
{
  "model": "admin.logentry",
  "pk": 7,
  "fields": {
    "action_time": "2025-12-08T16:46:54.683Z",
    "user": [
      "durjoy@uap-bd.edu"
    ],
    "content_type": [
      "people",
      "faculty"
    ],
    "object_id": "1",
    "object_repr": "16. Durjoy Mistry | Lecturer",
    "action_flag": 1,
    "change_message": "[{\"added\": {}}]"
  }
},
{
  "model": "admin.logentry",
  "pk": 6,
  "fields": {
    "action_time": "2025-12-08T16:38:02.793Z",
    "user": [
      "durjoy@uap-bd.edu"
    ],
    "content_type": [
      "people",
      "allowedemail"
    ],
    "object_id": "1",
    "object_repr": "durjoy@uap-bd.edu",
    "action_flag": 1,
    "change_message": "[{\"added\": {}}]"
  }
},
{
  "model": "admin.logentry",
  "pk": 5,
  "fields": {
    "action_time": "2025-12-08T16:37:19.383Z",
    "user": [
      "durjoy@uap-bd.edu"
    ],
    "content_type": [
      "designs",
      "featurecard"
    ],
    "object_id": "1",
    "object_repr": "1 - Dr. Shah Murtaza Rashid Al Masud",
    "action_flag": 2,
    "change_message": "[{\"changed\": {\"fields\": [\"Description\"]}}]"
  }
},
{
  "model": "admin.logentry",
  "pk": 4,
  "fields": {
    "action_time": "2025-12-08T16:36:34.196Z",
    "user": [
      "durjoy@uap-bd.edu"
    ],
    "content_type": [
      "designs",
      "featurecard"
    ],
    "object_id": "1",
    "object_repr": "1 - Dr. Shah Murtaza Rashid Al Masud",
    "action_flag": 2,
    "change_message": "[{\"changed\": {\"fields\": [\"Description\"]}}]"
  }
},
{
  "model": "admin.logentry",
  "pk": 3,
  "fields": {
    "action_time": "2025-12-08T16:35:57.324Z",
    "user": [
      "durjoy@uap-bd.edu"
    ],
    "content_type": [
      "designs",
      "featurecard"
    ],
    "object_id": "2",
    "object_repr": "2 - Student Life",
    "action_flag": 2,
    "change_message": "[{\"changed\": {\"fields\": [\"Cropping\"]}}]"
  }
},
{
  "model": "admin.logentry",
  "pk": 2,
  "fields": {
    "action_time": "2025-12-08T16:35:44.520Z",
    "user": [
      "durjoy@uap-bd.edu"
    ],
    "content_type": [
      "designs",
      "featurecard"
    ],
    "object_id": "2",
    "object_repr": "2 - Student Life",
    "action_flag": 1,
    "change_message": "[{\"added\": {}}]"
  }
},
{
  "model": "admin.logentry",
  "pk": 1,
  "fields": {
    "action_time": "2025-12-08T16:34:24.023Z",
    "user": [
      "durjoy@uap-bd.edu"
    ],
    "content_type": [
      "designs",
      "featurecard"
    ],
    "object_id": "1",
    "object_repr": "1 - Dr. Shah Murtaza Rashid Al Masud",
    "action_flag": 1,
    "change_message": "[{\"added\": {}}]"
  }
},
{
  "model": "auth.permission",
  "fields": {
    "name": "Can add Course",
    "content_type": [
      "academics",
      "course"
    ],
    "codename": "add_course"
  }
},
{
  "model": "auth.permission",
  "fields": {
    "name": "Can change Course",
    "content_type": [
      "academics",
      "course"
    ],
    "codename": "change_course"
  }
},
{
  "model": "auth.permission",
  "fields": {
    "name": "Can delete Course",
    "content_type": [
      "academics",
      "course"
    ],
    "codename": "delete_course"
  }
},
{
  "model": "auth.permission",
  "fields": {
    "name": "Can view Course",
    "content_type": [
      "academics",
      "course"
    ],
    "codename": "view_course"
  }
},
{
  "model": "auth.permission",
  "fields": {
    "name": "Can add Course Outcome",
    "content_type": [
      "academics",
      "courseoutcome"
    ],
    "codename": "add_courseoutcome"
  }
},
{
  "model": "auth.permission",
  "fields": {
    "name": "Can change Course Outcome",
    "content_type": [
      "academics",
      "courseoutcome"
    ],
    "codename": "change_courseoutcome"
  }
},
{
  "model": "auth.permission",
  "fields": {
    "name": "Can delete Course Outcome",
    "content_type": [
      "academics",
      "courseoutcome"
    ],
    "codename": "delete_courseoutcome"
  }
},
{
  "model": "auth.permission",
  "fields": {
    "name": "Can view Course Outcome",
    "content_type": [
      "academics",
      "courseoutcome"
    ],
    "codename": "view_courseoutcome"
  }
},
{
  "model": "auth.permission",
  "fields": {
    "name": "Can add Program",
    "content_type": [
      "academics",
      "program"
    ],
    "codename": "add_program"
  }
},
{
  "model": "auth.permission",
  "fields": {
    "name": "Can change Program",
    "content_type": [
      "academics",
      "program"
    ],
    "codename": "change_program"
  }
},
{
  "model": "auth.permission",
  "fields": {
    "name": "Can delete Program",
    "content_type": [
      "academics",
      "program"
    ],
    "codename": "delete_program"
  }
},
{
  "model": "auth.permission",
  "fields": {
    "name": "Can view Program",
    "content_type": [
      "academics",
      "program"
    ],
    "codename": "view_program"
  }
},
{
  "model": "auth.permission",
  "fields": {
    "name": "Can add Program Outcome",
    "content_type": [
      "academics",
      "programoutcome"
    ],
    "codename": "add_programoutcome"
  }
},
{
  "model": "auth.permission",
  "fields": {
    "name": "Can change Program Outcome",
    "content_type": [
      "academics",
      "programoutcome"
    ],
    "codename": "change_programoutcome"
  }
},
{
  "model": "auth.permission",
  "fields": {
    "name": "Can delete Program Outcome",
    "content_type": [
      "academics",
      "programoutcome"
    ],
    "codename": "delete_programoutcome"
  }
},
{
  "model": "auth.permission",
  "fields": {
    "name": "Can view Program Outcome",
    "content_type": [
      "academics",
      "programoutcome"
    ],
    "codename": "view_programoutcome"
  }
},
{
  "model": "auth.permission",
  "fields": {
    "name": "Can add log entry",
    "content_type": [
      "admin",
      "logentry"
    ],
    "codename": "add_logentry"
  }
},
{
  "model": "auth.permission",
  "fields": {
    "name": "Can change log entry",
    "content_type": [
      "admin",
      "logentry"
    ],
    "codename": "change_logentry"
  }
},
{
  "model": "auth.permission",
  "fields": {
    "name": "Can delete log entry",
    "content_type": [
      "admin",
      "logentry"
    ],
    "codename": "delete_logentry"
  }
},
{
  "model": "auth.permission",
  "fields": {
    "name": "Can view log entry",
    "content_type": [
      "admin",
      "logentry"
    ],
    "codename": "view_logentry"
  }
},
{
  "model": "auth.permission",
  "fields": {
    "name": "Can add group",
    "content_type": [
      "auth",
      "group"
    ],
    "codename": "add_group"
  }
},
{
  "model": "auth.permission",
  "fields": {
    "name": "Can change group",
    "content_type": [
      "auth",
      "group"
    ],
    "codename": "change_group"
  }
},
{
  "model": "auth.permission",
  "fields": {
    "name": "Can delete group",
    "content_type": [
      "auth",
      "group"
    ],
    "codename": "delete_group"
  }
},
{
  "model": "auth.permission",
  "fields": {
    "name": "Can view group",
    "content_type": [
      "auth",
      "group"
    ],
    "codename": "view_group"
  }
},
{
  "model": "auth.permission",
  "fields": {
    "name": "Can add permission",
    "content_type": [
      "auth",
      "permission"
    ],
    "codename": "add_permission"
  }
},
{
  "model": "auth.permission",
  "fields": {
    "name": "Can change permission",
    "content_type": [
      "auth",
      "permission"
    ],
    "codename": "change_permission"
  }
},
{
  "model": "auth.permission",
  "fields": {
    "name": "Can delete permission",
    "content_type": [
      "auth",
      "permission"
    ],
    "codename": "delete_permission"
  }
},
{
  "model": "auth.permission",
  "fields": {
    "name": "Can view permission",
    "content_type": [
      "auth",
      "permission"
    ],
    "codename": "view_permission"
  }
},
{
  "model": "auth.permission",
  "fields": {
    "name": "Can add Club",
    "content_type": [
      "clubs",
      "club"
    ],
    "codename": "add_club"
  }
},
{
  "model": "auth.permission",
  "fields": {
    "name": "Can change Club",
    "content_type": [
      "clubs",
      "club"
    ],
    "codename": "change_club"
  }
},
{
  "model": "auth.permission",
  "fields": {
    "name": "Can delete Club",
    "content_type": [
      "clubs",
      "club"
    ],
    "codename": "delete_club"
  }
},
{
  "model": "auth.permission",
  "fields": {
    "name": "Can view Club",
    "content_type": [
      "clubs",
      "club"
    ],
    "codename": "view_club"
  }
},
{
  "model": "auth.permission",
  "fields": {
    "name": "Can add Club Position",
    "content_type": [
      "clubs",
      "clubposition"
    ],
    "codename": "add_clubposition"
  }
},
{
  "model": "auth.permission",
  "fields": {
    "name": "Can change Club Position",
    "content_type": [
      "clubs",
      "clubposition"
    ],
    "codename": "change_clubposition"
  }
},
{
  "model": "auth.permission",
  "fields": {
    "name": "Can delete Club Position",
    "content_type": [
      "clubs",
      "clubposition"
    ],
    "codename": "delete_clubposition"
  }
},
{
  "model": "auth.permission",
  "fields": {
    "name": "Can view Club Position",
    "content_type": [
      "clubs",
      "clubposition"
    ],
    "codename": "view_clubposition"
  }
},
{
  "model": "auth.permission",
  "fields": {
    "name": "Can add Club Post",
    "content_type": [
      "clubs",
      "clubpost"
    ],
    "codename": "add_clubpost"
  }
},
{
  "model": "auth.permission",
  "fields": {
    "name": "Can change Club Post",
    "content_type": [
      "clubs",
      "clubpost"
    ],
    "codename": "change_clubpost"
  }
},
{
  "model": "auth.permission",
  "fields": {
    "name": "Can delete Club Post",
    "content_type": [
      "clubs",
      "clubpost"
    ],
    "codename": "delete_clubpost"
  }
},
{
  "model": "auth.permission",
  "fields": {
    "name": "Can view Club Post",
    "content_type": [
      "clubs",
      "clubpost"
    ],
    "codename": "view_clubpost"
  }
},
{
  "model": "auth.permission",
  "fields": {
    "name": "Can add content type",
    "content_type": [
      "contenttypes",
      "contenttype"
    ],
    "codename": "add_contenttype"
  }
},
{
  "model": "auth.permission",
  "fields": {
    "name": "Can change content type",
    "content_type": [
      "contenttypes",
      "contenttype"
    ],
    "codename": "change_contenttype"
  }
},
{
  "model": "auth.permission",
  "fields": {
    "name": "Can delete content type",
    "content_type": [
      "contenttypes",
      "contenttype"
    ],
    "codename": "delete_contenttype"
  }
},
{
  "model": "auth.permission",
  "fields": {
    "name": "Can view content type",
    "content_type": [
      "contenttypes",
      "contenttype"
    ],
    "codename": "view_contenttype"
  }
},
{
  "model": "auth.permission",
  "fields": {
    "name": "Can add Academic Calendar",
    "content_type": [
      "designs",
      "academiccalendar"
    ],
    "codename": "add_academiccalendar"
  }
},
{
  "model": "auth.permission",
  "fields": {
    "name": "Can change Academic Calendar",
    "content_type": [
      "designs",
      "academiccalendar"
    ],
    "codename": "change_academiccalendar"
  }
},
{
  "model": "auth.permission",
  "fields": {
    "name": "Can delete Academic Calendar",
    "content_type": [
      "designs",
      "academiccalendar"
    ],
    "codename": "delete_academiccalendar"
  }
},
{
  "model": "auth.permission",
  "fields": {
    "name": "Can view Academic Calendar",
    "content_type": [
      "designs",
      "academiccalendar"
    ],
    "codename": "view_academiccalendar"
  }
},
{
  "model": "auth.permission",
  "fields": {
    "name": "Can add Admission Element",
    "content_type": [
      "designs",
      "admissionelement"
    ],
    "codename": "add_admissionelement"
  }
},
{
  "model": "auth.permission",
  "fields": {
    "name": "Can change Admission Element",
    "content_type": [
      "designs",
      "admissionelement"
    ],
    "codename": "change_admissionelement"
  }
},
{
  "model": "auth.permission",
  "fields": {
    "name": "Can delete Admission Element",
    "content_type": [
      "designs",
      "admissionelement"
    ],
    "codename": "delete_admissionelement"
  }
},
{
  "model": "auth.permission",
  "fields": {
    "name": "Can view Admission Element",
    "content_type": [
      "designs",
      "admissionelement"
    ],
    "codename": "view_admissionelement"
  }
},
{
  "model": "auth.permission",
  "fields": {
    "name": "Can add Feature Card",
    "content_type": [
      "designs",
      "featurecard"
    ],
    "codename": "add_featurecard"
  }
},
{
  "model": "auth.permission",
  "fields": {
    "name": "Can change Feature Card",
    "content_type": [
      "designs",
      "featurecard"
    ],
    "codename": "change_featurecard"
  }
},
{
  "model": "auth.permission",
  "fields": {
    "name": "Can delete Feature Card",
    "content_type": [
      "designs",
      "featurecard"
    ],
    "codename": "delete_featurecard"
  }
},
{
  "model": "auth.permission",
  "fields": {
    "name": "Can view Feature Card",
    "content_type": [
      "designs",
      "featurecard"
    ],
    "codename": "view_featurecard"
  }
},
{
  "model": "auth.permission",
  "fields": {
    "name": "Can add Hero Tag",
    "content_type": [
      "designs",
      "herotags"
    ],
    "codename": "add_herotags"
  }
},
{
  "model": "auth.permission",
  "fields": {
    "name": "Can change Hero Tag",
    "content_type": [
      "designs",
      "herotags"
    ],
    "codename": "change_herotags"
  }
},
{
  "model": "auth.permission",
  "fields": {
    "name": "Can delete Hero Tag",
    "content_type": [
      "designs",
      "herotags"
    ],
    "codename": "delete_herotags"
  }
},
{
  "model": "auth.permission",
  "fields": {
    "name": "Can view Hero Tag",
    "content_type": [
      "designs",
      "herotags"
    ],
    "codename": "view_herotags"
  }
},
{
  "model": "auth.permission",
  "fields": {
    "name": "Can add source",
    "content_type": [
      "easy_thumbnails",
      "source"
    ],
    "codename": "add_source"
  }
},
{
  "model": "auth.permission",
  "fields": {
    "name": "Can change source",
    "content_type": [
      "easy_thumbnails",
      "source"
    ],
    "codename": "change_source"
  }
},
{
  "model": "auth.permission",
  "fields": {
    "name": "Can delete source",
    "content_type": [
      "easy_thumbnails",
      "source"
    ],
    "codename": "delete_source"
  }
},
{
  "model": "auth.permission",
  "fields": {
    "name": "Can view source",
    "content_type": [
      "easy_thumbnails",
      "source"
    ],
    "codename": "view_source"
  }
},
{
  "model": "auth.permission",
  "fields": {
    "name": "Can add thumbnail",
    "content_type": [
      "easy_thumbnails",
      "thumbnail"
    ],
    "codename": "add_thumbnail"
  }
},
{
  "model": "auth.permission",
  "fields": {
    "name": "Can change thumbnail",
    "content_type": [
      "easy_thumbnails",
      "thumbnail"
    ],
    "codename": "change_thumbnail"
  }
},
{
  "model": "auth.permission",
  "fields": {
    "name": "Can delete thumbnail",
    "content_type": [
      "easy_thumbnails",
      "thumbnail"
    ],
    "codename": "delete_thumbnail"
  }
},
{
  "model": "auth.permission",
  "fields": {
    "name": "Can view thumbnail",
    "content_type": [
      "easy_thumbnails",
      "thumbnail"
    ],
    "codename": "view_thumbnail"
  }
},
{
  "model": "auth.permission",
  "fields": {
    "name": "Can add thumbnail dimensions",
    "content_type": [
      "easy_thumbnails",
      "thumbnaildimensions"
    ],
    "codename": "add_thumbnaildimensions"
  }
},
{
  "model": "auth.permission",
  "fields": {
    "name": "Can change thumbnail dimensions",
    "content_type": [
      "easy_thumbnails",
      "thumbnaildimensions"
    ],
    "codename": "change_thumbnaildimensions"
  }
},
{
  "model": "auth.permission",
  "fields": {
    "name": "Can delete thumbnail dimensions",
    "content_type": [
      "easy_thumbnails",
      "thumbnaildimensions"
    ],
    "codename": "delete_thumbnaildimensions"
  }
},
{
  "model": "auth.permission",
  "fields": {
    "name": "Can view thumbnail dimensions",
    "content_type": [
      "easy_thumbnails",
      "thumbnaildimensions"
    ],
    "codename": "view_thumbnaildimensions"
  }
},
{
  "model": "auth.permission",
  "fields": {
    "name": "Can add Admission Result",
    "content_type": [
      "office",
      "admissionresult"
    ],
    "codename": "add_admissionresult"
  }
},
{
  "model": "auth.permission",
  "fields": {
    "name": "Can change Admission Result",
    "content_type": [
      "office",
      "admissionresult"
    ],
    "codename": "change_admissionresult"
  }
},
{
  "model": "auth.permission",
  "fields": {
    "name": "Can delete Admission Result",
    "content_type": [
      "office",
      "admissionresult"
    ],
    "codename": "delete_admissionresult"
  }
},
{
  "model": "auth.permission",
  "fields": {
    "name": "Can view Admission Result",
    "content_type": [
      "office",
      "admissionresult"
    ],
    "codename": "view_admissionresult"
  }
},
{
  "model": "auth.permission",
  "fields": {
    "name": "Can add Class Routine",
    "content_type": [
      "office",
      "classroutine"
    ],
    "codename": "add_classroutine"
  }
},
{
  "model": "auth.permission",
  "fields": {
    "name": "Can change Class Routine",
    "content_type": [
      "office",
      "classroutine"
    ],
    "codename": "change_classroutine"
  }
},
{
  "model": "auth.permission",
  "fields": {
    "name": "Can delete Class Routine",
    "content_type": [
      "office",
      "classroutine"
    ],
    "codename": "delete_classroutine"
  }
},
{
  "model": "auth.permission",
  "fields": {
    "name": "Can view Class Routine",
    "content_type": [
      "office",
      "classroutine"
    ],
    "codename": "view_classroutine"
  }
},
{
  "model": "auth.permission",
  "fields": {
    "name": "Can add Document Embedding",
    "content_type": [
      "office",
      "documentembedding"
    ],
    "codename": "add_documentembedding"
  }
},
{
  "model": "auth.permission",
  "fields": {
    "name": "Can change Document Embedding",
    "content_type": [
      "office",
      "documentembedding"
    ],
    "codename": "change_documentembedding"
  }
},
{
  "model": "auth.permission",
  "fields": {
    "name": "Can delete Document Embedding",
    "content_type": [
      "office",
      "documentembedding"
    ],
    "codename": "delete_documentembedding"
  }
},
{
  "model": "auth.permission",
  "fields": {
    "name": "Can view Document Embedding",
    "content_type": [
      "office",
      "documentembedding"
    ],
    "codename": "view_documentembedding"
  }
},
{
  "model": "auth.permission",
  "fields": {
    "name": "Can add Post",
    "content_type": [
      "office",
      "post"
    ],
    "codename": "add_post"
  }
},
{
  "model": "auth.permission",
  "fields": {
    "name": "Can change Post",
    "content_type": [
      "office",
      "post"
    ],
    "codename": "change_post"
  }
},
{
  "model": "auth.permission",
  "fields": {
    "name": "Can delete Post",
    "content_type": [
      "office",
      "post"
    ],
    "codename": "delete_post"
  }
},
{
  "model": "auth.permission",
  "fields": {
    "name": "Can view Post",
    "content_type": [
      "office",
      "post"
    ],
    "codename": "view_post"
  }
},
{
  "model": "auth.permission",
  "fields": {
    "name": "Can add Post Attachment",
    "content_type": [
      "office",
      "postattachment"
    ],
    "codename": "add_postattachment"
  }
},
{
  "model": "auth.permission",
  "fields": {
    "name": "Can change Post Attachment",
    "content_type": [
      "office",
      "postattachment"
    ],
    "codename": "change_postattachment"
  }
},
{
  "model": "auth.permission",
  "fields": {
    "name": "Can delete Post Attachment",
    "content_type": [
      "office",
      "postattachment"
    ],
    "codename": "delete_postattachment"
  }
},
{
  "model": "auth.permission",
  "fields": {
    "name": "Can view Post Attachment",
    "content_type": [
      "office",
      "postattachment"
    ],
    "codename": "view_postattachment"
  }
},
{
  "model": "auth.permission",
  "fields": {
    "name": "Can add Allowed Email",
    "content_type": [
      "people",
      "allowedemail"
    ],
    "codename": "add_allowedemail"
  }
},
{
  "model": "auth.permission",
  "fields": {
    "name": "Can change Allowed Email",
    "content_type": [
      "people",
      "allowedemail"
    ],
    "codename": "change_allowedemail"
  }
},
{
  "model": "auth.permission",
  "fields": {
    "name": "Can delete Allowed Email",
    "content_type": [
      "people",
      "allowedemail"
    ],
    "codename": "delete_allowedemail"
  }
},
{
  "model": "auth.permission",
  "fields": {
    "name": "Can view Allowed Email",
    "content_type": [
      "people",
      "allowedemail"
    ],
    "codename": "view_allowedemail"
  }
},
{
  "model": "auth.permission",
  "fields": {
    "name": "Can add Base User",
    "content_type": [
      "people",
      "baseuser"
    ],
    "codename": "add_baseuser"
  }
},
{
  "model": "auth.permission",
  "fields": {
    "name": "Can change Base User",
    "content_type": [
      "people",
      "baseuser"
    ],
    "codename": "change_baseuser"
  }
},
{
  "model": "auth.permission",
  "fields": {
    "name": "Can delete Base User",
    "content_type": [
      "people",
      "baseuser"
    ],
    "codename": "delete_baseuser"
  }
},
{
  "model": "auth.permission",
  "fields": {
    "name": "Can view Base User",
    "content_type": [
      "people",
      "baseuser"
    ],
    "codename": "view_baseuser"
  }
},
{
  "model": "auth.permission",
  "fields": {
    "name": "Can add Club Member",
    "content_type": [
      "people",
      "clubmember"
    ],
    "codename": "add_clubmember"
  }
},
{
  "model": "auth.permission",
  "fields": {
    "name": "Can change Club Member",
    "content_type": [
      "people",
      "clubmember"
    ],
    "codename": "change_clubmember"
  }
},
{
  "model": "auth.permission",
  "fields": {
    "name": "Can delete Club Member",
    "content_type": [
      "people",
      "clubmember"
    ],
    "codename": "delete_clubmember"
  }
},
{
  "model": "auth.permission",
  "fields": {
    "name": "Can view Club Member",
    "content_type": [
      "people",
      "clubmember"
    ],
    "codename": "view_clubmember"
  }
},
{
  "model": "auth.permission",
  "fields": {
    "name": "Can add Contributor",
    "content_type": [
      "people",
      "contributor"
    ],
    "codename": "add_contributor"
  }
},
{
  "model": "auth.permission",
  "fields": {
    "name": "Can change Contributor",
    "content_type": [
      "people",
      "contributor"
    ],
    "codename": "change_contributor"
  }
},
{
  "model": "auth.permission",
  "fields": {
    "name": "Can delete Contributor",
    "content_type": [
      "people",
      "contributor"
    ],
    "codename": "delete_contributor"
  }
},
{
  "model": "auth.permission",
  "fields": {
    "name": "Can view Contributor",
    "content_type": [
      "people",
      "contributor"
    ],
    "codename": "view_contributor"
  }
},
{
  "model": "auth.permission",
  "fields": {
    "name": "Can add Faculty",
    "content_type": [
      "people",
      "faculty"
    ],
    "codename": "add_faculty"
  }
},
{
  "model": "auth.permission",
  "fields": {
    "name": "Can change Faculty",
    "content_type": [
      "people",
      "faculty"
    ],
    "codename": "change_faculty"
  }
},
{
  "model": "auth.permission",
  "fields": {
    "name": "Can delete Faculty",
    "content_type": [
      "people",
      "faculty"
    ],
    "codename": "delete_faculty"
  }
},
{
  "model": "auth.permission",
  "fields": {
    "name": "Can view Faculty",
    "content_type": [
      "people",
      "faculty"
    ],
    "codename": "view_faculty"
  }
},
{
  "model": "auth.permission",
  "fields": {
    "name": "Can add Officer",
    "content_type": [
      "people",
      "officer"
    ],
    "codename": "add_officer"
  }
},
{
  "model": "auth.permission",
  "fields": {
    "name": "Can change Officer",
    "content_type": [
      "people",
      "officer"
    ],
    "codename": "change_officer"
  }
},
{
  "model": "auth.permission",
  "fields": {
    "name": "Can delete Officer",
    "content_type": [
      "people",
      "officer"
    ],
    "codename": "delete_officer"
  }
},
{
  "model": "auth.permission",
  "fields": {
    "name": "Can view Officer",
    "content_type": [
      "people",
      "officer"
    ],
    "codename": "view_officer"
  }
},
{
  "model": "auth.permission",
  "fields": {
    "name": "Can add Password Reset Token",
    "content_type": [
      "people",
      "passwordresettoken"
    ],
    "codename": "add_passwordresettoken"
  }
},
{
  "model": "auth.permission",
  "fields": {
    "name": "Can change Password Reset Token",
    "content_type": [
      "people",
      "passwordresettoken"
    ],
    "codename": "change_passwordresettoken"
  }
},
{
  "model": "auth.permission",
  "fields": {
    "name": "Can delete Password Reset Token",
    "content_type": [
      "people",
      "passwordresettoken"
    ],
    "codename": "delete_passwordresettoken"
  }
},
{
  "model": "auth.permission",
  "fields": {
    "name": "Can view Password Reset Token",
    "content_type": [
      "people",
      "passwordresettoken"
    ],
    "codename": "view_passwordresettoken"
  }
},
{
  "model": "auth.permission",
  "fields": {
    "name": "Can add Permission",
    "content_type": [
      "people",
      "permission"
    ],
    "codename": "add_permission"
  }
},
{
  "model": "auth.permission",
  "fields": {
    "name": "Can change Permission",
    "content_type": [
      "people",
      "permission"
    ],
    "codename": "change_permission"
  }
},
{
  "model": "auth.permission",
  "fields": {
    "name": "Can delete Permission",
    "content_type": [
      "people",
      "permission"
    ],
    "codename": "delete_permission"
  }
},
{
  "model": "auth.permission",
  "fields": {
    "name": "Can view Permission",
    "content_type": [
      "people",
      "permission"
    ],
    "codename": "view_permission"
  }
},
{
  "model": "auth.permission",
  "fields": {
    "name": "Can add Staff",
    "content_type": [
      "people",
      "staff"
    ],
    "codename": "add_staff"
  }
},
{
  "model": "auth.permission",
  "fields": {
    "name": "Can change Staff",
    "content_type": [
      "people",
      "staff"
    ],
    "codename": "change_staff"
  }
},
{
  "model": "auth.permission",
  "fields": {
    "name": "Can delete Staff",
    "content_type": [
      "people",
      "staff"
    ],
    "codename": "delete_staff"
  }
},
{
  "model": "auth.permission",
  "fields": {
    "name": "Can view Staff",
    "content_type": [
      "people",
      "staff"
    ],
    "codename": "view_staff"
  }
},
{
  "model": "auth.permission",
  "fields": {
    "name": "Can add User Permission",
    "content_type": [
      "people",
      "userpermission"
    ],
    "codename": "add_userpermission"
  }
},
{
  "model": "auth.permission",
  "fields": {
    "name": "Can change User Permission",
    "content_type": [
      "people",
      "userpermission"
    ],
    "codename": "change_userpermission"
  }
},
{
  "model": "auth.permission",
  "fields": {
    "name": "Can delete User Permission",
    "content_type": [
      "people",
      "userpermission"
    ],
    "codename": "delete_userpermission"
  }
},
{
  "model": "auth.permission",
  "fields": {
    "name": "Can view User Permission",
    "content_type": [
      "people",
      "userpermission"
    ],
    "codename": "view_userpermission"
  }
},
{
  "model": "auth.permission",
  "fields": {
    "name": "Can add session",
    "content_type": [
      "sessions",
      "session"
    ],
    "codename": "add_session"
  }
},
{
  "model": "auth.permission",
  "fields": {
    "name": "Can change session",
    "content_type": [
      "sessions",
      "session"
    ],
    "codename": "change_session"
  }
},
{
  "model": "auth.permission",
  "fields": {
    "name": "Can delete session",
    "content_type": [
      "sessions",
      "session"
    ],
    "codename": "delete_session"
  }
},
{
  "model": "auth.permission",
  "fields": {
    "name": "Can view session",
    "content_type": [
      "sessions",
      "session"
    ],
    "codename": "view_session"
  }
},
{
  "model": "contenttypes.contenttype",
  "fields": {
    "app_label": "admin",
    "model": "logentry"
  }
},
{
  "model": "contenttypes.contenttype",
  "fields": {
    "app_label": "auth",
    "model": "permission"
  }
},
{
  "model": "contenttypes.contenttype",
  "fields": {
    "app_label": "auth",
    "model": "group"
  }
},
{
  "model": "contenttypes.contenttype",
  "fields": {
    "app_label": "contenttypes",
    "model": "contenttype"
  }
},
{
  "model": "contenttypes.contenttype",
  "fields": {
    "app_label": "sessions",
    "model": "session"
  }
},
{
  "model": "contenttypes.contenttype",
  "fields": {
    "app_label": "easy_thumbnails",
    "model": "source"
  }
},
{
  "model": "contenttypes.contenttype",
  "fields": {
    "app_label": "easy_thumbnails",
    "model": "thumbnail"
  }
},
{
  "model": "contenttypes.contenttype",
  "fields": {
    "app_label": "easy_thumbnails",
    "model": "thumbnaildimensions"
  }
},
{
  "model": "contenttypes.contenttype",
  "fields": {
    "app_label": "designs",
    "model": "featurecard"
  }
},
{
  "model": "contenttypes.contenttype",
  "fields": {
    "app_label": "designs",
    "model": "herotags"
  }
},
{
  "model": "contenttypes.contenttype",
  "fields": {
    "app_label": "people",
    "model": "baseuser"
  }
},
{
  "model": "contenttypes.contenttype",
  "fields": {
    "app_label": "people",
    "model": "allowedemail"
  }
},
{
  "model": "contenttypes.contenttype",
  "fields": {
    "app_label": "people",
    "model": "clubmember"
  }
},
{
  "model": "contenttypes.contenttype",
  "fields": {
    "app_label": "people",
    "model": "faculty"
  }
},
{
  "model": "contenttypes.contenttype",
  "fields": {
    "app_label": "people",
    "model": "officer"
  }
},
{
  "model": "contenttypes.contenttype",
  "fields": {
    "app_label": "people",
    "model": "staff"
  }
},
{
  "model": "contenttypes.contenttype",
  "fields": {
    "app_label": "people",
    "model": "passwordresettoken"
  }
},
{
  "model": "contenttypes.contenttype",
  "fields": {
    "app_label": "designs",
    "model": "admissionelement"
  }
},
{
  "model": "contenttypes.contenttype",
  "fields": {
    "app_label": "academics",
    "model": "course"
  }
},
{
  "model": "contenttypes.contenttype",
  "fields": {
    "app_label": "academics",
    "model": "courseoutcome"
  }
},
{
  "model": "contenttypes.contenttype",
  "fields": {
    "app_label": "academics",
    "model": "program"
  }
},
{
  "model": "contenttypes.contenttype",
  "fields": {
    "app_label": "academics",
    "model": "programoutcome"
  }
},
{
  "model": "contenttypes.contenttype",
  "fields": {
    "app_label": "office",
    "model": "admissionresult"
  }
},
{
  "model": "contenttypes.contenttype",
  "fields": {
    "app_label": "office",
    "model": "post"
  }
},
{
  "model": "contenttypes.contenttype",
  "fields": {
    "app_label": "office",
    "model": "postattachment"
  }
},
{
  "model": "contenttypes.contenttype",
  "fields": {
    "app_label": "office",
    "model": "classroutine"
  }
},
{
  "model": "contenttypes.contenttype",
  "fields": {
    "app_label": "clubs",
    "model": "club"
  }
},
{
  "model": "contenttypes.contenttype",
  "fields": {
    "app_label": "clubs",
    "model": "clubposition"
  }
},
{
  "model": "contenttypes.contenttype",
  "fields": {
    "app_label": "clubs",
    "model": "clubpost"
  }
},
{
  "model": "contenttypes.contenttype",
  "fields": {
    "app_label": "people",
    "model": "permission"
  }
},
{
  "model": "contenttypes.contenttype",
  "fields": {
    "app_label": "people",
    "model": "userpermission"
  }
},
{
  "model": "contenttypes.contenttype",
  "fields": {
    "app_label": "office",
    "model": "documentembedding"
  }
},
{
  "model": "contenttypes.contenttype",
  "fields": {
    "app_label": "people",
    "model": "contributor"
  }
},
{
  "model": "contenttypes.contenttype",
  "fields": {
    "app_label": "designs",
    "model": "academiccalendar"
  }
},
{
  "model": "sessions.session",
  "pk": "q0bs2u45uz9jvpyak3t6w5c2nhecihhf",
  "fields": {
    "session_data": ".eJxVjMsOwiAQRf-FtSEMHYG6dO83kBkeUjWQlHZl_HfbpAvdnnPufQtP61L82tPspyguAsTplzGFZ6q7iA-q9yZDq8s8sdwTedguby2m1_Vo_w4K9bKtFerBIgWbQacRdNboFNgNoVFsAiEAaJPJRg4cRu3YoUnIEc9uiCQ-X7sLN14:1vSfGw:wqJVkeCEKmhUNv9sYvvewqPS8rojZgpFsWO8B5foTn0",
    "expire_date": "2025-12-22T17:43:42.167Z"
  }
},
{
  "model": "sessions.session",
  "pk": "20hcpzsmtior546r8de47vxqh5ma2b10",
  "fields": {
    "session_data": ".eJxVjEEOwiAQRe_C2pAyQgtduvcMZGCmFjXQlDbRGO-uTbrQ7X_vv5fwuC6jXyvPPpHohRKH3y1gvHHeAF0xX4qMJS9zCnJT5E6rPBfi-2l3_wIj1vH7NsoiA4IOgz4qBxgtk6HYdcDBgoNOBwOIg9LOqQAtRWqbpjWGDAdtt2jlWlPJnh9Tmp-ib94fiu0_Cg:1vShue:mZeMzl6TG5AFQIdy_PrsfeH-FxfVdFZ5-p_XIoTId3I",
    "expire_date": "2025-12-22T20:32:52.997Z"
  }
},
{
  "model": "sessions.session",
  "pk": "tzaf41u8a7h6k1c8liyhyf1tv6yqvcuw",
  "fields": {
    "session_data": ".eJxVjEEOwiAQRe_C2pAyQgtduvcMZGCmFjXQlDbRGO-uTbrQ7X_vv5fwuC6jXyvPPpHohRKH3y1gvHHeAF0xX4qMJS9zCnJT5E6rPBfi-2l3_wIj1vH7NsoiA4IOgz4qBxgtk6HYdcDBgoNOBwOIg9LOqQAtRWqbpjWGDAdtt2jlWlPJnh9Tmp-ib94fiu0_Cg:1vSiZT:P9jBJeoITGBbrbjsrvOKTYI4SHRKGKlV9MinHp9Xy9U",
    "expire_date": "2025-12-22T21:15:03.646Z"
  }
},
{
  "model": "sessions.session",
  "pk": "1s48u082lniarlzzj7nytcx18t6jbbyo",
  "fields": {
    "session_data": ".eJxVjDsOwyAQBe9CHaFdsPmkTO8zIGAhOIlAMnYV5e4RkoukfTPz3sz5Yy_u6GlzK7Erm9jldws-PlMdgB6-3huPre7bGvhQ-Ek7Xxql1-10_w6K72XUGBUKhaQEoJYkQ87BJqORjEQAkJAgR2GSRZCzMcJOMxKiztkHmdnnC8ENNwA:1vT3oE:7tBhckMmo1FbLZ6mRa2rM-l1KJjoNv--oITn-W7Z2wI",
    "expire_date": "2025-12-23T19:55:42.994Z"
  }
},
{
  "model": "sessions.session",
  "pk": "fjyt3ns2w6h3fgkhlpv21v1qrf2jzwnk",
  "fields": {
    "session_data": ".eJxVjMEOwiAQBf-FsyHAQml79O43kIUFixowpU00xn_XJj3o9c28eTGH6zK5tcXZZWIjk5IdfkeP4RrLRuiC5Vx5qGWZs-ebwnfa-KlSvB139y8wYZu-byNEl2IiUIMkA0Z1YI3GJMAmjypoRKEGEAQkNfU4-GB7pYOSBrwGu0VbbC3X4uLjnucnG8X7A46BPpc:1vTNZz:JFHXFdgfB38E0ltnt8Reops6G2cOAEpsNXKC01E22kk",
    "expire_date": "2025-12-24T17:02:19.700Z"
  }
},
{
  "model": "sessions.session",
  "pk": "6hgwgmi6g1emjb4byr3dg7n1mop4eqjg",
  "fields": {
    "session_data": ".eJxVjMEOwiAQBf-FsyHAQml79O43kIUFixowpU00xn_XJj3o9c28eTGH6zK5tcXZZWIjk5IdfkeP4RrLRuiC5Vx5qGWZs-ebwnfa-KlSvB139y8wYZu-byNEl2IiUIMkA0Z1YI3GJMAmjypoRKEGEAQkNfU4-GB7pYOSBrwGu0VbbC3X4uLjnucnG8X7A46BPpc:1vTQtD:0ixOSNf0lBuQT-WTeCJjG5u3drGGd-jaQ_AAAQdVz9k",
    "expire_date": "2025-12-24T20:34:23.247Z"
  }
},
{
  "model": "sessions.session",
  "pk": "j9vjg9kgw6fge3ju15z7v2ozr115ad2h",
  "fields": {
    "session_data": ".eJxVjMEOwiAQBf-FsyHAQml79O43kIUFixowpU00xn_XJj3o9c28eTGH6zK5tcXZZWIjk5IdfkeP4RrLRuiC5Vx5qGWZs-ebwnfa-KlSvB139y8wYZu-byNEl2IiUIMkA0Z1YI3GJMAmjypoRKEGEAQkNfU4-GB7pYOSBrwGu0VbbC3X4uLjnucnG8X7A46BPpc:1vTRWJ:LzbgvdQhvnP36VOMhvX4My4sPdt2syFsAFneG-AlH6k",
    "expire_date": "2025-12-24T21:14:47.034Z"
  }
},
{
  "model": "sessions.session",
  "pk": "8ahcsnlzzryrv6uun5l6g1cb6mqril9e",
  "fields": {
    "session_data": ".eJxVjEEOwiAUBe_C2pAPBYEu3XsGAh-wqAEDbaIx3t2QdKHbN_PmTazb1sVuPTabA5kJJ4ffzTu8xTJAuLpyqRRrWVv2dCh0p52ea4j30-7-BRbXl_GWQSkDwpjkQ2LINDDmhOOcS0DJUaE4SvAyBDkJUGxiERImNIqB1npEe-w912Lj85Hbi8zw-QJkUT5E:1vTnJy:lc0Dz0sEeB5ryju1asWH6znM5zfbXK6rytWbOKZeODw",
    "expire_date": "2025-12-25T20:31:30.113Z"
  }
},
{
  "model": "sessions.session",
  "pk": "di5lep3gw8odg32e3hli6njzwi2vlzs3",
  "fields": {
    "session_data": ".eJxVjMsOwiAQRf-FtSEz0Ad16d5vIMAMFjVgSptojP9uSLrQ7T3nnrewbltnu1VebCJxFJ04_G7ehRvnBujq8qXIUPK6JC-bInda5bkQ30-7-xeYXZ3bG8OAakAaFOCoSfsY_cRmRDIaAUADQwzK8ISge2PU1PVIiGOMzuvYopVrTSVbfj7S8hJH-HwBV2M-PQ:1vTqFA:G6SLon_cz9qKML69QrKxO-Dx8OmvJLOLuXzvP9fHobQ",
    "expire_date": "2025-12-25T23:38:44.082Z"
  }
},
{
  "model": "sessions.session",
  "pk": "ocwtufitxuhykpu697e4al1wqrwpkzxm",
  "fields": {
    "session_data": ".eJxVjkEOwiAQRe_C2hDaoZR26d4zEIYZLGrAlDbRGO9uarrQ7X8vL_8lnF-Xya2VZ5dIjKIRh98Nfbhy3gBdfD4XGUpe5oRyU-ROqzwV4ttxd_8Ck6_Tlh3IdgoMA4Bug9ZRoWpMbG3fMejYmgYVRU9ge4OBEHpGpSBCtNYP31eVa00lO37c0_wUo3p_AF4LPqU:1vTxkE:XXWlXs2Sv4lATz3AoMhbRJ_t3w9gGOxBCuyMcutmw4U",
    "expire_date": "2025-12-26T07:39:18.565Z"
  }
},
{
  "model": "sessions.session",
  "pk": "re8bffhh4e6cnowfg8rq3hh2xc3aac0y",
  "fields": {
    "session_data": ".eJxVjEkKAjEQAP-Ss4TOYhaP3n1D6KQ7ZlQyMMtJ_LsE5qDXqqLeIuG-tbSvvKSJxEVEcfplGcuT-xD0wH6fZZn7tkxZjkQedpW3mfh1Pdq_QcO1jS2AJ6UVG1cVO7AGwRhiUgghaoisgz8bzt5mVWoNjK4Ck7dWVfBOfL7Iuzdu:1vUP4K:8Dbkj4o0Ek8GRxcvqextu4B-c94ANPFJPUHbL4pkEZw",
    "expire_date": "2025-12-27T12:49:52.208Z"
  }
},
{
  "model": "sessions.session",
  "pk": "vpgzpy1mmqrrg7y4nbno7cdycc6zro0j",
  "fields": {
    "session_data": ".eJxVjEEOwiAUBe_C2pAPBYEu3XsGAh-wqAEDbaIx3t2QdKHbN_PmTazb1sVuPTabA5kJJ4ffzTu8xTJAuLpyqRRrWVv2dCh0p52ea4j30-7-BRbXl_GWQSkDwpjkQ2LINDDmhOOcS0DJUaE4SvAyBDkJUGxiERImNIqB1npEe-w912Lj85Hbi8zw-QJkUT5E:1vUQO5:1Ztvx7VSO-qfBoosgLT3ZzDJV7lcjO88VYaROiyH3D0",
    "expire_date": "2025-12-27T14:14:21.304Z"
  }
},
{
  "model": "sessions.session",
  "pk": "28jynjy9l7m9f8ub1yws1c9cu72mcyh4",
  "fields": {
    "session_data": ".eJxVjkEOwiAQRe_C2hDaoZR26d4zEIYZLGrAlDbRGO9uarrQ7X8vL_8lnF-Xya2VZ5dIjKIRh98Nfbhy3gBdfD4XGUpe5oRyU-ROqzwV4ttxd_8Ck6_Tlh3IdgoMA4Bug9ZRoWpMbG3fMejYmgYVRU9ge4OBEHpGpSBCtNYP31eVa00lO37c0_wUo3p_AF4LPqU:1vUTmi:dTb1e2NkclbY_YcFIBVJ0gaC6YYMwS9TonvWgXtsqF0",
    "expire_date": "2025-12-27T17:52:00.673Z"
  }
},
{
  "model": "sessions.session",
  "pk": "1uk360z376ovaj873ymzvwkrk7wf4set",
  "fields": {
    "session_data": ".eJxVjkEOwiAQRe_C2hDaoZR26d4zEIYZLGrAlDbRGO9uarrQ7X8vL_8lnF-Xya2VZ5dIjKIRh98Nfbhy3gBdfD4XGUpe5oRyU-ROqzwV4ttxd_8Ck6_Tlh3IdgoMA4Bug9ZRoWpMbG3fMejYmgYVRU9ge4OBEHpGpSBCtNYP31eVa00lO37c0_wUo3p_AF4LPqU:1vUXTX:mvfzQ_l0DWWhkSYQ5TOEDJNyyDirrcJFuKNYpWIvdvA",
    "expire_date": "2025-12-27T21:48:27.976Z"
  }
},
{
  "model": "sessions.session",
  "pk": "knwiltil6q3v7ukid6ka4u11j43nbw89",
  "fields": {
    "session_data": ".eJxVjssOwiAQRf-FtSEDQynt0r3fQHgMFjVgSptojP9uarrQ7T0nJ_fFrFuXya6NZpsjG5lgh9_Nu3ClsoF4ceVceahlmbPnm8J32vipRrodd_cvMLk2bdkhmg5QEyIqGZRK4EHoJE3fEaoktfAQk4toeu1D9NiTB8CEyRg3fF81ai3XYulxz_OTjULCoAHeH9h1P9c:1vUg6o:JAWLod406VbxrMzXvpCUqFYBKlpnsa6Yd_w1U5rbiNk",
    "expire_date": "2025-12-28T07:01:34.263Z"
  }
},
{
  "model": "sessions.session",
  "pk": "ijamzmhoy9ixt52gg2vuzvyohvutkxqn",
  "fields": {
    "session_data": ".eJxVjDsOwyAQBe9CHaFdsPmkTO8zIGAhOIlAMnYV5e4RkoukfTPz3sz5Yy_u6GlzK7Erm9jldws-PlMdgB6-3huPre7bGvhQ-Ek7Xxql1-10_w6K72XUGBUKhaQEoJYkQ87BJqORjEQAkJAgR2GSRZCzMcJOMxKiztkHmdnnC8ENNwA:1vVbxd:BJ4kma2vS8962O9I96SqdvNvonrTUgeAIIY0dUF6quo",
    "expire_date": "2025-12-30T20:47:57.004Z"
  }
},
{
  "model": "sessions.session",
  "pk": "gz17aw4vsdw70l64p3ex9atxaa2gow3q",
  "fields": {
    "session_data": ".eJxVjEEOwiAQAP_C2RBgKVCP3vsGwrIgVQNJaU_GvxuSHvQ6M5k38-HYiz962vxK7Moku_wyDPGZ6hD0CPXeeGx131bkI-Gn7XxplF63s_0blNDL2M7kJgEmAYBWUessUEiTlbNTAp2VkSgoBwJnDUZCsAmFgAzZuTBL9vkCv5U3aA:1vWJ9d:JoeXPVEVQnv4uMQPuMNyyV5k0aHDASER1dIfE31E-ds",
    "expire_date": "2026-01-01T18:55:13.113Z"
  }
},
{
  "model": "sessions.session",
  "pk": "a0jdi9coxqlgnryxmbg7b4f3o1186mpn",
  "fields": {
    "session_data": ".eJxVjkEOwiAQRe_C2hDaoZR26d4zEIYZLGrAlDbRGO9uarrQ7X8vL_8lnF-Xya2VZ5dIjKIRh98Nfbhy3gBdfD4XGUpe5oRyU-ROqzwV4ttxd_8Ck6_Tlh3IdgoMA4Bug9ZRoWpMbG3fMejYmgYVRU9ge4OBEHpGpSBCtNYP31eVa00lO37c0_wUo3p_AF4LPqU:1vWcbk:6tDuWICDiaDlkubvOYwXWXAx0tDG4CMTG1-3cZqHzCQ",
    "expire_date": "2026-01-02T15:41:32.163Z"
  }
},
{
  "model": "easy_thumbnails.source",
  "pk": 1,
  "fields": {
    "storage_hash": "0d677af76ca5bf5575d614e04932c3a4",
    "name": "feature_cards/VID_20251208_054440_296_80zw9Yj.jpg",
    "modified": "2025-12-08T16:35:47.077Z"
  }
},
{
  "model": "easy_thumbnails.source",
  "pk": 2,
  "fields": {
    "storage_hash": "0d677af76ca5bf5575d614e04932c3a4",
    "name": "feature_cards/al_masud_Hbmr6Wu.jpeg",
    "modified": "2025-12-08T16:36:23.936Z"
  }
},
{
  "model": "easy_thumbnails.source",
  "pk": 3,
  "fields": {
    "storage_hash": "0d677af76ca5bf5575d614e04932c3a4",
    "name": "feature_cards/al_masud_Hbmr6Wu_v5xu4wH.jpeg",
    "modified": "2025-12-08T16:37:09.791Z"
  }
},
{
  "model": "easy_thumbnails.source",
  "pk": 4,
  "fields": {
    "storage_hash": "0d677af76ca5bf5575d614e04932c3a4",
    "name": "faculty_photos/20251127_1508321.jpg",
    "modified": "2025-12-08T16:46:57.477Z"
  }
},
{
  "model": "easy_thumbnails.source",
  "pk": 5,
  "fields": {
    "storage_hash": "0d677af76ca5bf5575d614e04932c3a4",
    "name": "faculty_photos/20251127_1508321_8r1mKEo.jpg",
    "modified": "2025-12-08T17:08:15.429Z"
  }
},
{
  "model": "easy_thumbnails.source",
  "pk": 6,
  "fields": {
    "storage_hash": "0d677af76ca5bf5575d614e04932c3a4",
    "name": "faculty_photos/20251127_1508321_8r1mKEo_mffyD9C.jpg",
    "modified": "2025-12-08T17:43:51.910Z"
  }
},
{
  "model": "easy_thumbnails.source",
  "pk": 7,
  "fields": {
    "storage_hash": "0d677af76ca5bf5575d614e04932c3a4",
    "name": "feature_cards/1.jpg",
    "modified": "2025-12-09T07:13:50.629Z"
  }
},
{
  "model": "easy_thumbnails.source",
  "pk": 8,
  "fields": {
    "storage_hash": "0d677af76ca5bf5575d614e04932c3a4",
    "name": "feature_cards/1_Wqbohrz.jpg",
    "modified": "2025-12-09T07:55:31.848Z"
  }
},
{
  "model": "easy_thumbnails.source",
  "pk": 9,
  "fields": {
    "storage_hash": "0d677af76ca5bf5575d614e04932c3a4",
    "name": "faculty_photos/bilkis.png",
    "modified": "2025-12-09T20:10:45.333Z"
  }
},
{
  "model": "easy_thumbnails.source",
  "pk": 10,
  "fields": {
    "storage_hash": "0d677af76ca5bf5575d614e04932c3a4",
    "name": "faculty_photos/20251127_1508321_8r1mKEo_mffyD9C_2kuRs9n_wanb1CA_r4xFTqX_iwqyLMb_KZZz6wU__2wl6GZi.jpg",
    "modified": "2025-12-10T15:50:02.873Z"
  }
},
{
  "model": "easy_thumbnails.source",
  "pk": 11,
  "fields": {
    "storage_hash": "0d677af76ca5bf5575d614e04932c3a4",
    "name": "faculty_photos/cropped-image_ZWkgXYQ.jpg",
    "modified": "2025-12-13T12:44:01.472Z"
  }
},
{
  "model": "easy_thumbnails.thumbnail",
  "pk": 1,
  "fields": {
    "storage_hash": "0d677af76ca5bf5575d614e04932c3a4",
    "name": "feature_cards\\VID_20251208_054440_296_80zw9Yj.jpg.300x300_q85_detail_upscale.jpg",
    "modified": "2025-12-08T16:35:47.082Z",
    "source": 1
  }
},
{
  "model": "easy_thumbnails.thumbnail",
  "pk": 2,
  "fields": {
    "storage_hash": "0d677af76ca5bf5575d614e04932c3a4",
    "name": "feature_cards\\al_masud_Hbmr6Wu.jpeg.300x300_q85_detail_upscale.jpg",
    "modified": "2025-12-08T16:36:23.944Z",
    "source": 2
  }
},
{
  "model": "easy_thumbnails.thumbnail",
  "pk": 3,
  "fields": {
    "storage_hash": "0d677af76ca5bf5575d614e04932c3a4",
    "name": "feature_cards\\al_masud_Hbmr6Wu_v5xu4wH.jpeg.300x300_q85_detail_upscale.jpg",
    "modified": "2025-12-08T16:37:09.796Z",
    "source": 3
  }
},
{
  "model": "easy_thumbnails.thumbnail",
  "pk": 4,
  "fields": {
    "storage_hash": "0d677af76ca5bf5575d614e04932c3a4",
    "name": "faculty_photos\\20251127_1508321.jpg.300x300_q85_detail_upscale.jpg",
    "modified": "2025-12-08T16:46:57.482Z",
    "source": 4
  }
},
{
  "model": "easy_thumbnails.thumbnail",
  "pk": 5,
  "fields": {
    "storage_hash": "0d677af76ca5bf5575d614e04932c3a4",
    "name": "faculty_photos\\20251127_1508321_8r1mKEo.jpg.300x300_q85_detail_upscale.jpg",
    "modified": "2025-12-08T17:08:15.436Z",
    "source": 5
  }
},
{
  "model": "easy_thumbnails.thumbnail",
  "pk": 6,
  "fields": {
    "storage_hash": "0d677af76ca5bf5575d614e04932c3a4",
    "name": "faculty_photos\\20251127_1508321_8r1mKEo_mffyD9C.jpg.300x300_q85_detail_upscale.jpg",
    "modified": "2025-12-08T17:43:51.916Z",
    "source": 6
  }
},
{
  "model": "easy_thumbnails.thumbnail",
  "pk": 7,
  "fields": {
    "storage_hash": "0d677af76ca5bf5575d614e04932c3a4",
    "name": "feature_cards\\1.jpg.300x300_q85_detail_upscale.jpg",
    "modified": "2025-12-09T07:13:50.647Z",
    "source": 7
  }
},
{
  "model": "easy_thumbnails.thumbnail",
  "pk": 8,
  "fields": {
    "storage_hash": "0d677af76ca5bf5575d614e04932c3a4",
    "name": "feature_cards\\1_Wqbohrz.jpg.300x300_q85_detail_upscale.jpg",
    "modified": "2025-12-09T07:55:31.866Z",
    "source": 8
  }
},
{
  "model": "easy_thumbnails.thumbnail",
  "pk": 9,
  "fields": {
    "storage_hash": "0d677af76ca5bf5575d614e04932c3a4",
    "name": "faculty_photos\\bilkis.png.300x300_q85_detail_upscale.jpg",
    "modified": "2025-12-09T20:10:45.368Z",
    "source": 9
  }
},
{
  "model": "easy_thumbnails.thumbnail",
  "pk": 10,
  "fields": {
    "storage_hash": "0d677af76ca5bf5575d614e04932c3a4",
    "name": "faculty_photos\\20251127_1508321_8r1mKEo_mffyD9C_2kuRs9n_wanb1CA_r4xFTqX_iwqyLMb_KZZz6wU__2wl6GZi.jpg.300x300_q85_detail_upscale.jpg",
    "modified": "2025-12-10T15:50:02.880Z",
    "source": 10
  }
},
{
  "model": "easy_thumbnails.thumbnail",
  "pk": 11,
  "fields": {
    "storage_hash": "0d677af76ca5bf5575d614e04932c3a4",
    "name": "faculty_photos\\cropped-image_ZWkgXYQ.jpg.300x300_q85_detail_upscale.jpg",
    "modified": "2025-12-13T12:44:01.477Z",
    "source": 11
  }
},
{
  "model": "designs.featurecard",
  "pk": 1,
  "fields": {
    "sl_number": 1,
    "picture": "feature_cards/al_masud_Hbmr6Wu_v5xu4wH_KYTbOSH.jpeg",
    "cropping": "0,0,400,400",
    "caption": "Dr. Shah Murtaza Rashid Al Masud",
    "title": "Professor",
    "description": "<p style=\"text-align:justify\"><tt><strong>Welcome to the Department of Computer Science and Engineering (CSE)at University of Asia Pacific (UAP)</strong></tt><span style=\"font-size:13px\">.</span></p>\r\n\r\n<p style=\"text-align:justify\"><tt>Computer Science is an exciting, challenging and dynamic discipline which is now widely recognized as an essential source of tools and techniques for advancements in nearly all spheres of human endeavor.<br />\r\n<br />\r\nThe Department of CSE started its journey in 1996 by offering B.Sc. Engg. in CSE and later on in 2006 added offering graduate program. Currently, the Department has a total of 23 skilled full-time faculty members. Among them, 7 faculty members have Ph.D. degree from different reputed universities. The Department facilities include state-of-the-art classrooms and lab facilities. We have five outstanding computer programming labs with latest configuration computers and equipment, one dedicated lab for final year student&rsquo;s project or thesis work, one digital lab, and one industry-standard gaming lab established with the support from ICT Division of Bangladesh Government.<br />\r\n<br />\r\nOur CSE at UAP is a research-oriented, student-centered Department. Some of the driving principles and goals of our Department are embodied in our mission and vision statements. As a student in the Department, you will be exposed to high-quality inspirational teaching and learning. Teaching and learning are informed by industrial needs and practical industrial training is a mandatory course in undergraduate study. You will be provided with opportunities to work on real problems provided by the industry, to be taught by IT professionals and to visit business environments that develop and employ information and communication technologies.<br />\r\n<br />\r\nDepartment provides opportunities to students to enhance their experiences and to develop personally through extracurricular activities such as participating and organizing International Collegiate Programming Contest (ICPC), International Conferences, etc., that promote the building of a variety of both discipline-specific skills but also lifelong transferable skills such as enterprise, collaboration, and communication skills.<br />\r\n<br />\r\nWe are very proud of our graduates and their accomplishments; they are highly skilled IT professionals who pursue successful careers in a wide range of contexts in the competitive local and global market.<br />\r\n<br />\r\nI invite you to visit the rest of our website to find information about our programs, our students&rsquo; achievements and activities, our research groups and research activities, and I hope that prospective students will be encouraged to join our Computer Science and Engineering Department.<br />\r\n<br />\r\n<br />\r\n<br />\r\nDr. Shah Murtaza Rashid Al Masud<br />\r\nProfessor &amp; Head<br />\r\nDepartment of Computer Science and Engineering<br />\r\nUniversity of Asia Pacific</tt></p>",
    "created_at": "2025-12-08T16:34:24.022Z",
    "updated_at": "2025-12-08T16:37:19.380Z",
    "is_active": true
  }
},
{
  "model": "designs.featurecard",
  "pk": 2,
  "fields": {
    "sl_number": 2,
    "picture": "feature_cards/VID_20251208_054440_296_80zw9Yj_Vk23GGG.jpg",
    "cropping": "0,0,400,400",
    "caption": "Student Life",
    "title": "Life of a CSE Student at UAP",
    "description": "<p>teset</p>",
    "created_at": "2025-12-08T16:35:44.518Z",
    "updated_at": "2025-12-08T16:35:57.320Z",
    "is_active": true
  }
},
{
  "model": "designs.featurecard",
  "pk": 3,
  "fields": {
    "sl_number": 3,
    "picture": "feature_cards/1_Wqbohrz_tIvxyQ7.jpg",
    "cropping": "0,0,400,400",
    "caption": "JRC Scholarship",
    "title": "JRC Scholarship",
    "description": "<p><span style=\"font-family:Georgia,serif\">The <strong>ICPC&ndash;Jamilur Reza Choudhury (JRC) Scholarship</strong> at the <strong>University of Asia Pacific (UAP), Bangladesh</strong> is awarded to students excelling in <strong>competitive programming and academic merit.</strong></span></p>",
    "created_at": "2025-12-09T07:13:50.435Z",
    "updated_at": "2025-12-09T07:55:43.773Z",
    "is_active": true
  }
},
{
  "model": "designs.featurecard",
  "pk": 4,
  "fields": {
    "sl_number": 4,
    "picture": "feature_cards/lab.webp",
    "cropping": "32,0,267,234",
    "caption": "Research lab",
    "title": "Research and working unit",
    "description": "<p><span style=\"color:#2c3e50\">The <strong>Department of Computer Science &amp; Engineering (CSE) at the University of Asia Pacific (UAP)</strong> runs a dedicated <strong>Research &amp; Publication Unit</strong> and multiple <strong>state-of-the-art computer labs</strong>. These labs focus on areas like <strong>AI, robotics, software engineering, and ICT innovation</strong>, and provide students with opportunities to publish research, collaborate with faculty, and prepare for global careers</span></p>",
    "created_at": "2025-12-09T07:18:05.865Z",
    "updated_at": "2025-12-09T07:18:05.865Z",
    "is_active": true
  }
},
{
  "model": "designs.featurecard",
  "pk": 5,
  "fields": {
    "sl_number": 5,
    "picture": "feature_cards/career.webp",
    "cropping": "72,0,306,234",
    "caption": "Career Development",
    "title": "Pursuing a career in UAP",
    "description": "<p><span style=\"color:#2c3e50\"><strong>Internships &amp; job placement</strong> through ICT industry linkages.</span></p>",
    "created_at": "2025-12-09T07:23:35.829Z",
    "updated_at": "2025-12-09T07:23:35.829Z",
    "is_active": true
  }
},
{
  "model": "designs.featurecard",
  "pk": 6,
  "fields": {
    "sl_number": 6,
    "picture": "feature_cards/event.jpg",
    "cropping": "0,0,1260,1260",
    "caption": "Skill Development",
    "title": "PCC, workshops, hackathons",
    "description": "<p>The events&nbsp;featuring coding marathons, tech showcases, and project contests, attracting university students for innovation and skill-building in technology.&nbsp;</p>",
    "created_at": "2025-12-09T07:47:48.909Z",
    "updated_at": "2025-12-09T07:47:48.909Z",
    "is_active": true
  }
},
{
  "model": "designs.featurecard",
  "pk": 7,
  "fields": {
    "sl_number": 7,
    "picture": "feature_cards/alumni.jpg",
    "cropping": "74,0,236,162",
    "caption": "Networking and Recognition",
    "title": "Global opportunities and connections",
    "description": "<p>Active graduates support current students with mentorship and job referrals.</p>\r\n\r\n<ul>\r\n\t<li>\r\n\t<p>Participation in ICPC and other contests connects students to global communities.</p>\r\n\t</li>\r\n\t<li>\r\n\t<p>Recognition like the <strong>ICPC&ndash;JRC Scholarship</strong> boosts visibility and credibility.</p>\r\n\t</li>\r\n</ul>",
    "created_at": "2025-12-09T08:01:02.480Z",
    "updated_at": "2025-12-09T08:01:02.480Z",
    "is_active": true
  }
},
{
  "model": "designs.herotags",
  "pk": 1,
  "fields": {
    "sl": 1,
    "title": "1400+ Students",
    "is_active": true
  }
},
{
  "model": "designs.herotags",
  "pk": 2,
  "fields": {
    "sl": 2,
    "title": "20k+ Graduates",
    "is_active": true
  }
},
{
  "model": "designs.herotags",
  "pk": 3,
  "fields": {
    "sl": 3,
    "title": "Largest Dept. of UAP",
    "is_active": true
  }
},
{
  "model": "designs.herotags",
  "pk": 4,
  "fields": {
    "sl": 4,
    "title": "50+ Faculty",
    "is_active": true
  }
},
{
  "model": "designs.herotags",
  "pk": 5,
  "fields": {
    "sl": 5,
    "title": "9 Clubs/Units",
    "is_active": true
  }
},
{
  "model": "designs.herotags",
  "pk": 6,
  "fields": {
    "sl": 6,
    "title": "JRC Scholarship",
    "is_active": true
  }
},
{
  "model": "designs.admissionelement",
  "pk": 1,
  "fields": {
    "sl": 1,
    "title": "Admission Info",
    "content": "<h1 style=\"text-align:center\"><span style=\"font-size:36px\"><span style=\"font-family:Comic Sans MS,cursive\"><strong>Undergraduate</strong></span></span></h1>\r\n\r\n<h1> <strong>Why Choose CSE at UAP?</strong></h1>\r\n\r\n<h3> <strong>High Ranking &amp; Strong Reputation</strong></h3>\r\n\r\n<ul>\r\n\t<li>\r\n\t<p>Ranked <strong>&ldquo;Very Good&rdquo;</strong> in quality by <strong>EPRT, IQAC, UGC</strong>.</p>\r\n\t</li>\r\n\t<li>\r\n\t<p>Ranked <strong>11th</strong> among all public &amp; private universities in Bangladesh (SCImago SIR 2021).</p>\r\n\t</li>\r\n\t<li>\r\n\t<p><strong>Regional Rank:</strong> 385 (Asia) | <strong>Global Rank:</strong> 707.</p>\r\n\t</li>\r\n</ul>\r\n\r\n<h3> <strong>Top-Class Faculty</strong></h3>\r\n\r\n<ul>\r\n\t<li>\r\n\t<p>Highly qualified teachers with <strong>Ph.D. degrees from renowned international universities</strong>.</p>\r\n\t</li>\r\n\t<li>\r\n\t<p>Senior adjunct faculty from <strong>BUET, University of Dhaka, and Jahangirnagar University</strong>.</p>\r\n\t</li>\r\n</ul>\r\n\r\n<h3> <strong>Hands-On Industry Exposure</strong></h3>\r\n\r\n<ul>\r\n\t<li>\r\n\t<p><strong>Industrial training</strong> included in the curriculum to prepare students for real-world jobs.</p>\r\n\t</li>\r\n</ul>\r\n\r\n<h3> <strong>State-of-the-Art Facilities</strong></h3>\r\n\r\n<ul>\r\n\t<li>\r\n\t<p>Government-funded <strong>Game &amp; Android App Development Lab</strong>.</p>\r\n\t</li>\r\n\t<li>\r\n\t<p>Active student clubs and extracurriculars, fully supported by the department.</p>\r\n\t</li>\r\n</ul>\r\n\r\n<h3> <strong>Competitive Programming &amp; Career Support</strong></h3>\r\n\r\n<ul>\r\n\t<li>\r\n\t<p>Dedicated <strong>Programming Contest Club</strong> and <strong>Career Development Club</strong>.</p>\r\n\t</li>\r\n\t<li>\r\n\t<p>Guidance for national and international competitions as well as job preparation.</p>\r\n\t</li>\r\n</ul>\r\n\r\n<h3> <strong>Updated &amp; Future-Ready Curriculum</strong></h3>\r\n\r\n<ul>\r\n\t<li>\r\n\t<p>Curriculum regularly updated to match <strong>industry trends</strong> and employer expectations.</p>\r\n\t</li>\r\n</ul>\r\n\r\n<h3> <strong>Research Opportunities</strong></h3>\r\n\r\n<ul>\r\n\t<li>\r\n\t<p>Students regularly publish research in <strong>high-impact journals</strong> and international conferences.</p>\r\n\t</li>\r\n</ul>\r\n\r\n<hr />\r\n<h1> <strong>General Admission Information</strong></h1>\r\n\r\n<h3> <strong>Purpose of the Admission Process</strong></h3>\r\n\r\n<p>UAP&rsquo;s admission screening aims to:</p>\r\n\r\n<ul>\r\n\t<li>\r\n\t<p>Select the <strong>most deserving students</strong> for each department.</p>\r\n\t</li>\r\n\t<li>\r\n\t<p>Help applicants identify their strengths and choose the right career path.</p>\r\n\t</li>\r\n\t<li>\r\n\t<p>Maintain a <strong>fair, transparent, and merit-based</strong> selection system.</p>\r\n\t</li>\r\n\t<li>\r\n\t<p>Build a classroom culture where students are motivated, capable, and collaborative.</p>\r\n\t</li>\r\n</ul>\r\n\r\n<hr />\r\n<h1> <strong>Admission Timeline</strong></h1>\r\n\r\n<h3><strong>Spring Semester</strong></h3>\r\n\r\n<p><strong>July &ndash; December</strong></p>\r\n\r\n<h3><strong>Fall Semester</strong></h3>\r\n\r\n<p><strong>January &ndash; June</strong></p>\r\n\r\n<blockquote>\r\n<p>Detailed dates are always published beforehand in the <strong>Academic Calendar</strong> on the UAP website.</p>\r\n</blockquote>\r\n\r\n<hr />\r\n<h1> <strong>Admission Tests</strong></h1>\r\n\r\n<ul>\r\n\t<li>\r\n\t<p>Generally, <strong>two admission tests</strong> are held per semester, one month apart.</p>\r\n\t</li>\r\n\t<li>\r\n\t<p>Applicants may sit for <strong>only one test</strong> (exceptions considered after review).</p>\r\n\t</li>\r\n\t<li>\r\n\t<p>Tests are held within the <strong>two-month window</strong> before the semester begins.</p>\r\n\t</li>\r\n\t<li>\r\n\t<p>Schedules are announced in newspapers and on the UAP website (Notice section).</p>\r\n\t</li>\r\n</ul>\r\n\r\n<h3><strong>Test Mode:</strong></h3>\r\n\r\n<p> <strong>Written Exam</strong></p>\r\n\r\n<h3><strong>After the Test</strong></h3>\r\n\r\n<p>The admission office will guide selected applicants in completing further procedures.</p>\r\n\r\n<h3> <strong>English Language Requirement</strong></h3>\r\n\r\n<p>Applicants with lower English proficiency may be required to complete an <strong>ELPC (English Language Proficiency Course)</strong> before or during the semester.</p>\r\n\r\n<hr />\r\n<h1> <strong>Admission for Credit Transfer Students</strong></h1>\r\n\r\n<ul>\r\n\t<li>\r\n\t<p>Transfer applications are reviewed <strong>case-by-case</strong>.</p>\r\n\t</li>\r\n\t<li>\r\n\t<p>Must meet previous results requirements and may need to sit for an admission test.</p>\r\n\t</li>\r\n\t<li>\r\n\t<p>Minimum transferable GPA:</p>\r\n\r\n\t<ul>\r\n\t\t<li>\r\n\t\t<p><strong>Theory Courses:</strong> C</p>\r\n\t\t</li>\r\n\t\t<li>\r\n\t\t<p><strong>Programming Labs:</strong> B</p>\r\n\t\t</li>\r\n\t</ul>\r\n\t</li>\r\n\t<li>\r\n\t<p>Must complete <strong>at least 50%</strong> of total credits at UAP to earn the degree.</p>\r\n\t</li>\r\n\t<li>\r\n\t<p>A study gap of more than <strong>2 years</strong> requires direct contact with the admission office.</p>\r\n\t</li>\r\n\t<li>\r\n\t<p>Students rusticated from previous institutions for disciplinary reasons are <strong>ineligible</strong>.</p>\r\n\t</li>\r\n</ul>\r\n\r\n<hr />\r\n<h1> <strong>Admission for International Students</strong></h1>\r\n\r\n<p>International applicants must show the readiness to study in a new cultural environment.</p>\r\n\r\n<p>Requirements include:</p>\r\n\r\n<ul>\r\n\t<li>\r\n\t<p>All documents translated into English and legally attested.</p>\r\n\t</li>\r\n\t<li>\r\n\t<p>Submission of special documents (e.g., portfolio, recommendation) if requested.</p>\r\n\t</li>\r\n\t<li>\r\n\t<p>Possible interview via <strong>online video call</strong>.<br />\r\n\tFor more details, contact the admission office using the information below.</p>\r\n\t</li>\r\n</ul>\r\n\r\n<hr />\r\n<h1> <strong>Admission Criteria (B.Sc. in CSE)</strong></h1>\r\n\r\n<h3><strong>Minimum GPA Requirement</strong></h3>\r\n\r\n<ul>\r\n\t<li>\r\n\t<p><strong>SSC + HSC:</strong> Total GPA of <strong>7.50</strong></p>\r\n\t</li>\r\n\t<li>\r\n\t<p><strong>O-Level + A-Level:</strong> Total GPA of <strong>7.50</strong><br />\r\n\t(Minimum: GPA 2.5 in 5 O-Level subjects + 2 A-Level subjects)</p>\r\n\t</li>\r\n</ul>\r\n\r\n<h3><strong>Subject Requirements</strong></h3>\r\n\r\n<p>Applicants must have:</p>\r\n\r\n<ul>\r\n\t<li>\r\n\t<p><strong>Physics &amp; Mathematics</strong> in HSC (or equivalent)</p>\r\n\t</li>\r\n\t<li>\r\n\t<p><strong>Chemistry</strong> in SSC or HSC (or equivalent)</p>\r\n\t</li>\r\n</ul>\r\n\r\n<hr />\r\n<h1> <strong>Special Notes</strong></h1>\r\n\r\n<ul>\r\n\t<li>\r\n\t<p>Admit cards must be collected from the <strong>UAP Admission Office</strong>.</p>\r\n\t</li>\r\n\t<li>\r\n\t<p>All admission notices &amp; exam schedules are available both <strong>offline</strong> and <strong>on the website</strong>.</p>\r\n\t</li>\r\n\t<li>\r\n\t<p><strong>Diploma graduates</strong> (CGPA &ge; 3.0) may apply <strong>only to the relevant department</strong> (e.g., Computer Diploma &rarr; CSE).</p>\r\n\t</li>\r\n\t<li>\r\n\t<p><strong>HSC Appeared Students</strong>:</p>\r\n\r\n\t<ul>\r\n\t\t<li>\r\n\t\t<p>Must have <strong>SSC GPA &ge; 4.00</strong>.</p>\r\n\t\t</li>\r\n\t\t<li>\r\n\t\t<p>Final admission depends on meeting minimum HSC requirements.</p>\r\n\t\t</li>\r\n\t</ul>\r\n\t</li>\r\n\t<li>\r\n\t<p><strong>Study Gap</strong>:</p>\r\n\r\n\t<ul>\r\n\t\t<li>\r\n\t\t<p>Up to <strong>2 years</strong> accepted (except Pharmacy).</p>\r\n\t\t</li>\r\n\t\t<li>\r\n\t\t<p>Pharmacy allows <strong>1-year</strong> gap.</p>\r\n\t\t</li>\r\n\t</ul>\r\n\t</li>\r\n\t<li>\r\n\t<p>Any mismatch between submitted and original documents will result in <strong>cancellation of admission</strong>.</p>\r\n\t</li>\r\n</ul>\r\n\r\n<hr />\r\n<h1> <strong>Admission Office Contact</strong></h1>\r\n\r\n<p><strong>Address:</strong><br />\r\n74/A, Green Road, Farmgate, Dhaka-1215, Bangladesh</p>\r\n\r\n<p><strong>PABX:</strong> +8802-58157091&ndash;4, 6<br />\r\n<strong>FAX:</strong> +8802-58157097</p>\r\n\r\n<p><strong>Admission Officer:</strong><br />\r\n<strong>Rabeya Khandoker</strong><br />\r\n Email: rabeyakhandoker@uap-bd.edu</p>\r\n\r\n<p>&nbsp;</p>\r\n\r\n<p>&nbsp;</p>\r\n\r\n<h1 style=\"text-align:center\"><span style=\"font-family:Comic Sans MS,cursive\"><span style=\"font-size:36px\"><strong>Graduate</strong></span></span></h1>\r\n\r\n<h1> <strong>Why Choose MCSE at UAP?</strong></h1>\r\n\r\n<h3> <strong>World-Class Faculty</strong></h3>\r\n\r\n<ul>\r\n\t<li>\r\n\t<p>Learn from highly qualified faculty members holding <strong>Ph.D. degrees from top-ranked international universities</strong>.</p>\r\n\t</li>\r\n\t<li>\r\n\t<p>Gain insights from experienced adjunct faculty from <strong>BUET</strong> and <strong>University of Dhaka</strong>.</p>\r\n\t</li>\r\n</ul>\r\n\r\n<h3> <strong>Industry-Relevant Curriculum</strong></h3>\r\n\r\n<ul>\r\n\t<li>\r\n\t<p>The program curriculum is continuously updated to align with <strong>current industry trends and employer demands</strong>.</p>\r\n\t</li>\r\n</ul>\r\n\r\n<h3> <strong>Advanced Lab Facilities</strong></h3>\r\n\r\n<ul>\r\n\t<li>\r\n\t<p>Access fully equipped, <strong>world-class laboratories</strong> designed to support advanced computing and research.</p>\r\n\t</li>\r\n\t<li>\r\n\t<p>Benefit from a <strong>government-funded Game &amp; Android App Development Lab</strong>, open to all students.</p>\r\n\t</li>\r\n</ul>\r\n\r\n<h3> <strong>Research Excellence</strong></h3>\r\n\r\n<ul>\r\n\t<li>\r\n\t<p>MCSE students regularly publish in <strong>high-impact journals and renowned international conferences</strong>, showcasing strong research culture and faculty guidance.</p>\r\n\t</li>\r\n</ul>\r\n\r\n<hr />\r\n<h1> <strong>General Admission Information</strong></h1>\r\n\r\n<h2> <strong>Admission Philosophy</strong></h2>\r\n\r\n<p>At UAP, the admission process is designed to:</p>\r\n\r\n<ul>\r\n\t<li>\r\n\t<p>Select the <strong>most capable and motivated candidates</strong> for each program.</p>\r\n\t</li>\r\n\t<li>\r\n\t<p>Help applicants understand their strengths and choose the right academic path.</p>\r\n\t</li>\r\n\t<li>\r\n\t<p>Maintain a <strong>fair, transparent, and merit-based</strong> system across all departments.</p>\r\n\t</li>\r\n\t<li>\r\n\t<p>Foster a learning environment where every student contributes to and benefits from peer learning.</p>\r\n\t</li>\r\n</ul>\r\n\r\n<hr />\r\n<h1> <strong>Academic Timeline</strong></h1>\r\n\r\n<h3><strong>Spring Semester:</strong></h3>\r\n\r\n<p><strong>July &ndash; December</strong></p>\r\n\r\n<h3><strong>Fall Semester:</strong></h3>\r\n\r\n<p><strong>January &ndash; June</strong></p>\r\n\r\n<blockquote>\r\n<p>The detailed academic schedule is published online in the <strong>Academic Calendar</strong> before each semester.</p>\r\n</blockquote>\r\n\r\n<hr />\r\n<h1> <strong>Admission Criteria for M.Sc. in CSE (MCSE)</strong></h1>\r\n\r\n<h3><strong>Academic Requirements</strong></h3>\r\n\r\n<ul>\r\n\t<li>\r\n\t<p><strong>Minimum one 1st Class / 1st Division</strong> in academic history.</p>\r\n\t</li>\r\n\t<li>\r\n\t<p><strong>At least 50% marks</strong> or <strong>CGPA 2.50 (out of 4.00)</strong> in B.Sc. Engineering.</p>\r\n\t</li>\r\n\t<li>\r\n\t<p>No record of <strong>3rd Division/Class</strong> in any public examination.</p>\r\n\t</li>\r\n</ul>\r\n\r\n<h3><strong>Admission Test / Viva</strong></h3>\r\n\r\n<ul>\r\n\t<li>\r\n\t<p>Admission is finalized <strong>with the approval of the Head of the Department</strong>.</p>\r\n\t</li>\r\n\t<li>\r\n\t<p>Applicants may be required to attend a <strong>viva voce or evaluation</strong>, depending on departmental policy.</p>\r\n\t</li>\r\n</ul>\r\n\r\n<hr />\r\n<h1> <strong>Tuition Fees</strong></h1>\r\n\r\n<p><em>Click the tuition fees link (as provided by UAP) for details.</em></p>\r\n\r\n<hr />\r\n<h1> <strong>Admission Office Contact</strong></h1>\r\n\r\n<p><strong>Address:</strong><br />\r\n74/A, Green Road, Farmgate, Dhaka-1215, Bangladesh</p>\r\n\r\n<p><strong>PABX:</strong> +8802-58157091&ndash;4, 6<br />\r\n<strong>FAX:</strong> +8802-58157097</p>\r\n\r\n<p><strong>Admission Officer:</strong><br />\r\n<strong>Rabeya Khandoker</strong><br />\r\n <em>Email:</em> rabeyakhandoker@uap-bd.edu</p>",
    "curriculum_pdf": "",
    "created_at": "2025-12-08T21:31:42.995Z",
    "updated_at": "2025-12-09T21:53:59.192Z"
  }
},
{
  "model": "designs.admissionelement",
  "pk": 2,
  "fields": {
    "sl": 2,
    "title": "Tuition Fees",
    "content": "<h1 style=\"text-align:center\"><strong> Undergraduate Cost</strong></h1>\r\n\r\n<table>\r\n\t<thead>\r\n\t\t<tr>\r\n\t\t\t<th>Item</th>\r\n\t\t\t<th>Description</th>\r\n\t\t\t<th>Amount</th>\r\n\t\t</tr>\r\n\t</thead>\r\n\t<tbody>\r\n\t\t<tr>\r\n\t\t\t<td>1</td>\r\n\t\t\t<td>Credit</td>\r\n\t\t\t<td><strong>153</strong></td>\r\n\t\t</tr>\r\n\t\t<tr>\r\n\t\t\t<td>2</td>\r\n\t\t\t<td>Total Semesters</td>\r\n\t\t\t<td><strong>8</strong></td>\r\n\t\t</tr>\r\n\t\t<tr>\r\n\t\t\t<td>3</td>\r\n\t\t\t<td>Application Fee</td>\r\n\t\t\t<td><strong> 1,200</strong></td>\r\n\t\t</tr>\r\n\t\t<tr>\r\n\t\t\t<td>4</td>\r\n\t\t\t<td>Admission Fee</td>\r\n\t\t\t<td><strong> 21,500</strong></td>\r\n\t\t</tr>\r\n\t\t<tr>\r\n\t\t\t<td>5</td>\r\n\t\t\t<td>Convocation Fee</td>\r\n\t\t\t<td><strong> 6,000</strong></td>\r\n\t\t</tr>\r\n\t\t<tr>\r\n\t\t\t<td>6</td>\r\n\t\t\t<td>Per Semester Registration Fee</td>\r\n\t\t\t<td><strong> 45,000</strong></td>\r\n\t\t</tr>\r\n\t\t<tr>\r\n\t\t\t<td>7</td>\r\n\t\t\t<td>Per Semester Tuition Fee</td>\r\n\t\t\t<td><strong> 55,000</strong></td>\r\n\t\t</tr>\r\n\t\t<tr>\r\n\t\t\t<td>6+7</td>\r\n\t\t\t<td><strong>Total Per Semester</strong></td>\r\n\t\t\t<td><strong> 1,00,000</strong></td>\r\n\t\t</tr>\r\n\t\t<tr>\r\n\t\t\t<td>&mdash;</td>\r\n\t\t\t<td><strong>8 Semesters + Admission Fee</strong></td>\r\n\t\t\t<td><strong> 8,28,700</strong></td>\r\n\t\t</tr>\r\n\t</tbody>\r\n</table>\r\n\r\n<hr />\r\n<h1 style=\"text-align:center\"><strong> Graduate (MCSE) Cost</strong></h1>\r\n\r\n<table>\r\n\t<thead>\r\n\t\t<tr>\r\n\t\t\t<th>Item</th>\r\n\t\t\t<th>Description</th>\r\n\t\t\t<th>Amount</th>\r\n\t\t</tr>\r\n\t</thead>\r\n\t<tbody>\r\n\t\t<tr>\r\n\t\t\t<td>1</td>\r\n\t\t\t<td>Credit</td>\r\n\t\t\t<td><strong>36</strong></td>\r\n\t\t</tr>\r\n\t\t<tr>\r\n\t\t\t<td>2</td>\r\n\t\t\t<td>Total Semesters</td>\r\n\t\t\t<td><strong>3</strong></td>\r\n\t\t</tr>\r\n\t\t<tr>\r\n\t\t\t<td>3</td>\r\n\t\t\t<td>Application Fee</td>\r\n\t\t\t<td><strong> 1,200</strong></td>\r\n\t\t</tr>\r\n\t\t<tr>\r\n\t\t\t<td>4</td>\r\n\t\t\t<td>Admission Fee</td>\r\n\t\t\t<td><strong> 18,500</strong></td>\r\n\t\t</tr>\r\n\t\t<tr>\r\n\t\t\t<td>5</td>\r\n\t\t\t<td>Convocation Fee</td>\r\n\t\t\t<td><strong> 6,000</strong></td>\r\n\t\t</tr>\r\n\t\t<tr>\r\n\t\t\t<td>6</td>\r\n\t\t\t<td>Per Credit Fee</td>\r\n\t\t\t<td><strong> 4,500</strong></td>\r\n\t\t</tr>\r\n\t\t<tr>\r\n\t\t\t<td>&mdash;</td>\r\n\t\t\t<td><strong>Total Fee (36 Credits + Admission Fee)</strong></td>\r\n\t\t\t<td><strong> 1,87,700</strong></td>\r\n\t\t</tr>\r\n\t</tbody>\r\n</table>",
    "curriculum_pdf": "",
    "created_at": "2025-12-08T21:31:42.997Z",
    "updated_at": "2025-12-09T21:42:22.131Z"
  }
},
{
  "model": "designs.admissionelement",
  "pk": 3,
  "fields": {
    "sl": 3,
    "title": "Waiver",
    "content": "<h1> <strong>Overview: Financial Assistance &amp; Waiver Volume</strong></h1>\r\n\r\n<p>UAP provides extensive financial support every semester through merit scholarships, tuition fee waivers, freedom fighter quotas, and special waivers awarded by BOT members and the Vice Chancellor. Tuition fee waivers range from <strong>10% to 100%</strong> depending on academic performance and financial need.</p>\r\n\r\n<h3> <strong>Financial Support Statistics</strong></h3>\r\n\r\n<table>\r\n\t<thead>\r\n\t\t<tr>\r\n\t\t\t<th>Semester</th>\r\n\t\t\t<th>Students Benefited</th>\r\n\t\t\t<th>Total Amount Provided</th>\r\n\t\t\t<th>% of Tuition Income</th>\r\n\t\t\t<th>Notes</th>\r\n\t\t</tr>\r\n\t</thead>\r\n\t<tbody>\r\n\t\t<tr>\r\n\t\t\t<td><strong>Fall 2018</strong></td>\r\n\t\t\t<td>1,737</td>\r\n\t\t\t<td><strong> 3.2 crore</strong></td>\r\n\t\t\t<td><strong>9%</strong></td>\r\n\t\t\t<td>Higher than govt.-mandated 6%</td>\r\n\t\t</tr>\r\n\t\t<tr>\r\n\t\t\t<td><strong>Spring 2019</strong></td>\r\n\t\t\t<td>2,000+</td>\r\n\t\t\t<td><strong> 3.46 crore</strong></td>\r\n\t\t\t<td><strong>9.4%</strong></td>\r\n\t\t\t<td>Again above the required 6%</td>\r\n\t\t</tr>\r\n\t</tbody>\r\n</table>\r\n\r\n<p>UAP is committed to increasing financial support volume every semester.</p>\r\n\r\n<hr />\r\n<h1> <strong>Waivers for New Students (Undergraduate Admission)</strong></h1>\r\n\r\n<h3><strong>Entry-Level Waiver (Only for 1st Semester)</strong></h3>\r\n\r\n<table>\r\n\t<thead>\r\n\t\t<tr>\r\n\t\t\t<th>SI. No</th>\r\n\t\t\t<th>SSC/Equivalent GPA</th>\r\n\t\t\t<th>HSC/Equivalent GPA</th>\r\n\t\t\t<th>Diploma GPA</th>\r\n\t\t\t<th>Tuition Fee Waiver</th>\r\n\t\t</tr>\r\n\t</thead>\r\n\t<tbody>\r\n\t\t<tr>\r\n\t\t\t<td>1</td>\r\n\t\t\t<td>5.00</td>\r\n\t\t\t<td>5.00</td>\r\n\t\t\t<td>4.00</td>\r\n\t\t\t<td><strong>50%</strong></td>\r\n\t\t</tr>\r\n\t\t<tr>\r\n\t\t\t<td>2</td>\r\n\t\t\t<td>5.00 (all A+)</td>\r\n\t\t\t<td>5.00 (all A+)</td>\r\n\t\t\t<td>4.00</td>\r\n\t\t\t<td><strong>100%</strong></td>\r\n\t\t</tr>\r\n\t</tbody>\r\n</table>\r\n\r\n<h3><strong>Special Options / Reserved Quotas</strong></h3>\r\n\r\n<table>\r\n\t<thead>\r\n\t\t<tr>\r\n\t\t\t<th>Category</th>\r\n\t\t\t<th>Waiver</th>\r\n\t\t</tr>\r\n\t</thead>\r\n\t<tbody>\r\n\t\t<tr>\r\n\t\t\t<td>Children of Freedom Fighters (3% seats)</td>\r\n\t\t\t<td><strong>100% tuition waiver</strong></td>\r\n\t\t</tr>\r\n\t\t<tr>\r\n\t\t\t<td>Poor but meritorious students from remote underdeveloped regions (3% seats)</td>\r\n\t\t\t<td><strong>100% tuition waiver</strong></td>\r\n\t\t</tr>\r\n\t\t<tr>\r\n\t\t\t<td>Second sibling currently studying at UAP</td>\r\n\t\t\t<td><strong>60% tuition waiver</strong></td>\r\n\t\t</tr>\r\n\t</tbody>\r\n</table>\r\n\r\n<hr />\r\n<h1> <strong>Waiver for Current Students</strong></h1>\r\n\r\n<h2><strong>Merit Waiver (Based on Semester Results)</strong></h2>\r\n\r\n<table>\r\n\t<thead>\r\n\t\t<tr>\r\n\t\t\t<th>Semester GPA Position</th>\r\n\t\t\t<th>Tuition Fee Waiver</th>\r\n\t\t</tr>\r\n\t</thead>\r\n\t<tbody>\r\n\t\t<tr>\r\n\t\t\t<td>Top 3%</td>\r\n\t\t\t<td><strong>100%</strong></td>\r\n\t\t</tr>\r\n\t\t<tr>\r\n\t\t\t<td>Next Top 6%</td>\r\n\t\t\t<td><strong>50%</strong></td>\r\n\t\t</tr>\r\n\t\t<tr>\r\n\t\t\t<td>Next Top 10%</td>\r\n\t\t\t<td><strong>25%</strong></td>\r\n\t\t</tr>\r\n\t</tbody>\r\n</table>\r\n\r\n<hr />\r\n<h1> <strong>Special Waivers &amp; Other Assistance</strong></h1>\r\n\r\n<h2><strong>Vice Chancellor&rsquo;s Special Tuition Fee Waiver</strong></h2>\r\n\r\n<ul>\r\n\t<li>\r\n\t<p><strong>10% &ndash; 100%</strong> tuition fee waiver.</p>\r\n\t</li>\r\n\t<li>\r\n\t<p>Awarded to <strong>poor but meritorious</strong> students based on academic performance at UAP.</p>\r\n\t</li>\r\n\t<li>\r\n\t<p>Requires VC approval.</p>\r\n\t</li>\r\n</ul>\r\n\r\n<h2><strong>Other Financial Assistance</strong></h2>\r\n\r\n<ul>\r\n\t<li>\r\n\t<p>BOT Members may provide <strong>full or partial</strong> financial support in special cases.</p>\r\n\t</li>\r\n</ul>\r\n\r\n<hr />\r\n<h1> <strong>General Criteria for Semester-Based Tuition Fee Waivers</strong></h1>\r\n\r\n<table>\r\n\t<thead>\r\n\t\t<tr>\r\n\t\t\t<th>Criteria</th>\r\n\t\t\t<th>Applies To</th>\r\n\t\t</tr>\r\n\t</thead>\r\n\t<tbody>\r\n\t\t<tr>\r\n\t\t\t<td>Must be a regular student</td>\r\n\t\t\t<td>All waivers</td>\r\n\t\t</tr>\r\n\t\t<tr>\r\n\t\t\t<td>Must take full course load (as per department prospectus)</td>\r\n\t\t\t<td>All waivers</td>\r\n\t\t</tr>\r\n\t\t<tr>\r\n\t\t\t<td>Cannot have repeat exams</td>\r\n\t\t\t<td>All waivers</td>\r\n\t\t</tr>\r\n\t\t<tr>\r\n\t\t\t<td>Must have good conduct</td>\r\n\t\t\t<td>All waivers</td>\r\n\t\t</tr>\r\n\t\t<tr>\r\n\t\t\t<td>Must have no outstanding dues</td>\r\n\t\t\t<td>Merit waiver &amp; VC&rsquo;s special waiver</td>\r\n\t\t</tr>\r\n\t\t<tr>\r\n\t\t\t<td>Must be financially insolvent</td>\r\n\t\t\t<td>VC&rsquo;s special waiver</td>\r\n\t\t</tr>\r\n\t\t<tr>\r\n\t\t\t<td>No &ldquo;F&rdquo; grade in the concerned semester</td>\r\n\t\t\t<td>Freedom Fighters Quota waiver</td>\r\n\t\t</tr>\r\n\t\t<tr>\r\n\t\t\t<td>Minimum GPA requirement</td>\r\n\t\t\t<td>VC waiver: <strong>3.5</strong> (normal), <strong>3.0</strong> (special cases)</td>\r\n\t\t</tr>\r\n\t\t<tr>\r\n\t\t\t<td>Must be recommended by HoD and Advisor</td>\r\n\t\t\t<td>All waivers</td>\r\n\t\t</tr>\r\n\t</tbody>\r\n</table>",
    "curriculum_pdf": "",
    "created_at": "2025-12-08T21:31:42.997Z",
    "updated_at": "2025-12-09T21:45:27.697Z"
  }
},
{
  "model": "designs.admissionelement",
  "pk": 5,
  "fields": {
    "sl": 5,
    "title": "BSc in CSE",
    "content": "<h1 style=\"text-align:center\">BSc</h1>",
    "curriculum_pdf": "admission/curricula/BSc-Curriculum-New_ezwRXtp.pdf",
    "created_at": "2025-12-08T21:31:43.000Z",
    "updated_at": "2025-12-09T23:17:47.593Z"
  }
},
{
  "model": "designs.admissionelement",
  "pk": 6,
  "fields": {
    "sl": 6,
    "title": "MCSE",
    "content": "<h1 style=\"text-align:center\">MCSE</h1>",
    "curriculum_pdf": "admission/curricula/MSc-Curriculum-new.pdf",
    "created_at": "2025-12-08T21:31:43.000Z",
    "updated_at": "2025-12-09T23:18:20.878Z"
  }
},
{
  "model": "designs.academiccalendar",
  "pk": 1,
  "fields": {
    "year": "Spring 2025",
    "pdf": "academic_calendars/Spring_25_1.pdf",
    "created_at": "2025-12-18T20:22:36.832Z",
    "updated_at": "2025-12-18T20:26:30.877Z"
  }
},
{
  "model": "people.permission",
  "pk": 7,
  "fields": {
    "codename": "manage_club_settings",
    "name": "Manage All Clubs",
    "description": "Can create, edit, and manage all clubs",
    "category": "clubs",
    "requires_role": [
      "faculty",
      "officer"
    ],
    "priority": 10,
    "is_active": true,
    "created_at": "2025-12-13T17:57:06.437Z"
  }
},
{
  "model": "people.permission",
  "pk": 8,
  "fields": {
    "codename": "edit_feature_cards",
    "name": "Edit Feature Cards",
    "description": "Can edit feature cards on the homepage",
    "category": "designs",
    "requires_role": [],
    "priority": 10,
    "is_active": true,
    "created_at": "2025-12-13T17:57:06.442Z"
  }
},
{
  "model": "people.permission",
  "pk": 9,
  "fields": {
    "codename": "edit_head_message",
    "name": "Edit Head Message",
    "description": "Can edit message from the head",
    "category": "designs",
    "requires_role": [],
    "priority": 20,
    "is_active": true,
    "created_at": "2025-12-13T17:57:06.448Z"
  }
},
{
  "model": "people.permission",
  "pk": 11,
  "fields": {
    "codename": "manage_academic_calendars",
    "name": "Manage Academic Calendars",
    "description": "Can create, edit, and delete academic calendars",
    "category": "designs",
    "requires_role": [
      "faculty",
      "officer"
    ],
    "priority": 30,
    "is_active": true,
    "created_at": "2025-12-18T20:17:27.178Z"
  }
},
{
  "model": "people.permission",
  "pk": 2,
  "fields": {
    "codename": "post_notices",
    "name": "Post Notices",
    "description": "Can create and edit office notices",
    "category": "office",
    "requires_role": [
      "faculty",
      "officer"
    ],
    "priority": 10,
    "is_active": true,
    "created_at": "2025-12-13T17:57:06.409Z"
  }
},
{
  "model": "people.permission",
  "pk": 3,
  "fields": {
    "codename": "manage_all_posts",
    "name": "Manage All Posts",
    "description": "Can create, edit, and delete all office posts",
    "category": "office",
    "requires_role": [
      "faculty",
      "officer"
    ],
    "priority": 20,
    "is_active": true,
    "created_at": "2025-12-13T17:57:06.416Z"
  }
},
{
  "model": "people.permission",
  "pk": 4,
  "fields": {
    "codename": "post_routines",
    "name": "Post Routines",
    "description": "Can create and manage class routines",
    "category": "office",
    "requires_role": [
      "faculty",
      "officer"
    ],
    "priority": 30,
    "is_active": true,
    "created_at": "2025-12-13T17:57:06.422Z"
  }
},
{
  "model": "people.permission",
  "pk": 5,
  "fields": {
    "codename": "post_admission_results",
    "name": "Post Admission Results",
    "description": "Can publish admission test results",
    "category": "office",
    "requires_role": [
      "faculty",
      "officer"
    ],
    "priority": 40,
    "is_active": true,
    "created_at": "2025-12-13T17:57:06.427Z"
  }
},
{
  "model": "people.permission",
  "pk": 10,
  "fields": {
    "codename": "manage_user_permissions",
    "name": "Manage User Permissions",
    "description": "Can grant/revoke permissions and create users",
    "category": "users",
    "requires_role": [],
    "priority": 10,
    "is_active": true,
    "created_at": "2025-12-13T17:57:06.452Z"
  }
},
{
  "model": "people.userpermission",
  "pk": 17,
  "fields": {
    "user": [
      "durjoy@uap-bd.edu"
    ],
    "permission": 11,
    "granted_by": [
      "durjoy@uap-bd.edu"
    ],
    "granted_at": "2025-12-18T20:18:24.391Z",
    "revoked_by": null,
    "revoked_at": null,
    "is_active": true,
    "notes": null
  }
},
{
  "model": "people.userpermission",
  "pk": 16,
  "fields": {
    "user": [
      "rashik@uap-bd.edu"
    ],
    "permission": 7,
    "granted_by": [
      "durjoy@uap-bd.edu"
    ],
    "granted_at": "2025-12-13T18:13:22.576Z",
    "revoked_by": null,
    "revoked_at": null,
    "is_active": true,
    "notes": null
  }
},
{
  "model": "people.userpermission",
  "pk": 15,
  "fields": {
    "user": [
      "rashik@uap-bd.edu"
    ],
    "permission": 2,
    "granted_by": [
      "durjoy@uap-bd.edu"
    ],
    "granted_at": "2025-12-13T18:03:52.652Z",
    "revoked_by": null,
    "revoked_at": null,
    "is_active": true,
    "notes": null
  }
},
{
  "model": "people.userpermission",
  "pk": 14,
  "fields": {
    "user": [
      "rashik@uap-bd.edu"
    ],
    "permission": 5,
    "granted_by": [
      "durjoy@uap-bd.edu"
    ],
    "granted_at": "2025-12-13T18:03:52.650Z",
    "revoked_by": null,
    "revoked_at": null,
    "is_active": true,
    "notes": null
  }
},
{
  "model": "people.userpermission",
  "pk": 13,
  "fields": {
    "user": [
      "rashik@uap-bd.edu"
    ],
    "permission": 3,
    "granted_by": [
      "durjoy@uap-bd.edu"
    ],
    "granted_at": "2025-12-13T18:03:52.648Z",
    "revoked_by": [
      "durjoy@uap-bd.edu"
    ],
    "revoked_at": "2025-12-13T18:13:22.580Z",
    "is_active": false,
    "notes": null
  }
},
{
  "model": "people.userpermission",
  "pk": 12,
  "fields": {
    "user": [
      "rashik@uap-bd.edu"
    ],
    "permission": 4,
    "granted_by": [
      "durjoy@uap-bd.edu"
    ],
    "granted_at": "2025-12-13T18:03:52.643Z",
    "revoked_by": null,
    "revoked_at": null,
    "is_active": true,
    "notes": null
  }
},
{
  "model": "people.userpermission",
  "pk": 11,
  "fields": {
    "user": [
      "rashik@uap-bd.edu"
    ],
    "permission": 9,
    "granted_by": [
      "durjoy@uap-bd.edu"
    ],
    "granted_at": "2025-12-13T18:02:08.521Z",
    "revoked_by": [
      "durjoy@uap-bd.edu"
    ],
    "revoked_at": "2025-12-13T18:13:22.583Z",
    "is_active": false,
    "notes": null
  }
},
{
  "model": "people.userpermission",
  "pk": 10,
  "fields": {
    "user": [
      "rashik@uap-bd.edu"
    ],
    "permission": 8,
    "granted_by": [
      "durjoy@uap-bd.edu"
    ],
    "granted_at": "2025-12-13T18:02:08.511Z",
    "revoked_by": null,
    "revoked_at": null,
    "is_active": true,
    "notes": null
  }
},
{
  "model": "people.userpermission",
  "pk": 9,
  "fields": {
    "user": [
      "durjoy@uap-bd.edu"
    ],
    "permission": 5,
    "granted_by": [
      "durjoy@uap-bd.edu"
    ],
    "granted_at": "2025-12-13T17:58:46.148Z",
    "revoked_by": null,
    "revoked_at": null,
    "is_active": true,
    "notes": null
  }
},
{
  "model": "people.userpermission",
  "pk": 8,
  "fields": {
    "user": [
      "durjoy@uap-bd.edu"
    ],
    "permission": 2,
    "granted_by": [
      "durjoy@uap-bd.edu"
    ],
    "granted_at": "2025-12-13T17:58:46.147Z",
    "revoked_by": null,
    "revoked_at": null,
    "is_active": true,
    "notes": null
  }
},
{
  "model": "people.userpermission",
  "pk": 7,
  "fields": {
    "user": [
      "durjoy@uap-bd.edu"
    ],
    "permission": 4,
    "granted_by": [
      "durjoy@uap-bd.edu"
    ],
    "granted_at": "2025-12-13T17:58:46.145Z",
    "revoked_by": null,
    "revoked_at": null,
    "is_active": true,
    "notes": null
  }
},
{
  "model": "people.userpermission",
  "pk": 4,
  "fields": {
    "user": [
      "durjoy@uap-bd.edu"
    ],
    "permission": 7,
    "granted_by": [
      "durjoy@uap-bd.edu"
    ],
    "granted_at": "2025-12-13T17:58:46.140Z",
    "revoked_by": null,
    "revoked_at": null,
    "is_active": true,
    "notes": null
  }
},
{
  "model": "people.userpermission",
  "pk": 3,
  "fields": {
    "user": [
      "durjoy@uap-bd.edu"
    ],
    "permission": 9,
    "granted_by": [
      "durjoy@uap-bd.edu"
    ],
    "granted_at": "2025-12-13T17:58:46.138Z",
    "revoked_by": null,
    "revoked_at": null,
    "is_active": true,
    "notes": null
  }
},
{
  "model": "people.userpermission",
  "pk": 2,
  "fields": {
    "user": [
      "durjoy@uap-bd.edu"
    ],
    "permission": 3,
    "granted_by": [
      "durjoy@uap-bd.edu"
    ],
    "granted_at": "2025-12-13T17:58:46.135Z",
    "revoked_by": null,
    "revoked_at": null,
    "is_active": true,
    "notes": null
  }
},
{
  "model": "people.userpermission",
  "pk": 1,
  "fields": {
    "user": [
      "durjoy@uap-bd.edu"
    ],
    "permission": 8,
    "granted_by": [
      "durjoy@uap-bd.edu"
    ],
    "granted_at": "2025-12-13T17:58:46.132Z",
    "revoked_by": null,
    "revoked_at": null,
    "is_active": true,
    "notes": null
  }
},
{
  "model": "people.allowedemail",
  "pk": 36,
  "fields": {
    "email": "matin@uap-bd.edu",
    "user_type": "staff",
    "is_power_user": true,
    "is_active": true,
    "is_blocked": false,
    "created_at": "2025-12-19T16:12:43.778Z",
    "created_by": [
      "durjoy@uap-bd.edu"
    ],
    "blocked_at": null,
    "block_reason": null
  }
},
{
  "model": "people.allowedemail",
  "pk": 35,
  "fields": {
    "email": "hasan.mahmud@uap-cse.edu",
    "user_type": "faculty",
    "is_power_user": false,
    "is_active": true,
    "is_blocked": false,
    "created_at": "2025-12-13T22:37:06.837Z",
    "created_by": null,
    "blocked_at": null,
    "block_reason": null
  }
},
{
  "model": "people.allowedemail",
  "pk": 34,
  "fields": {
    "email": "fatima.begum@uap-cse.edu",
    "user_type": "faculty",
    "is_power_user": false,
    "is_active": true,
    "is_blocked": false,
    "created_at": "2025-12-13T22:37:06.076Z",
    "created_by": null,
    "blocked_at": null,
    "block_reason": null
  }
},
{
  "model": "people.allowedemail",
  "pk": 33,
  "fields": {
    "email": "mohammad.ali@uap-cse.edu",
    "user_type": "faculty",
    "is_power_user": false,
    "is_active": true,
    "is_blocked": false,
    "created_at": "2025-12-13T22:37:04.981Z",
    "created_by": null,
    "blocked_at": null,
    "block_reason": null
  }
},
{
  "model": "people.allowedemail",
  "pk": 32,
  "fields": {
    "email": "mahedi.hasan@uap-cse.edu",
    "user_type": "faculty",
    "is_power_user": false,
    "is_active": true,
    "is_blocked": false,
    "created_at": "2025-12-13T22:13:12.139Z",
    "created_by": null,
    "blocked_at": null,
    "block_reason": null
  }
},
{
  "model": "people.allowedemail",
  "pk": 31,
  "fields": {
    "email": "shah.murtaza@uap-cse.edu",
    "user_type": "faculty",
    "is_power_user": false,
    "is_active": true,
    "is_blocked": false,
    "created_at": "2025-12-13T22:13:11.570Z",
    "created_by": null,
    "blocked_at": null,
    "block_reason": null
  }
},
{
  "model": "people.allowedemail",
  "pk": 30,
  "fields": {
    "email": "tahmina.begum@uap-cse.edu",
    "user_type": "faculty",
    "is_power_user": false,
    "is_active": true,
    "is_blocked": false,
    "created_at": "2025-12-13T22:08:57.652Z",
    "created_by": null,
    "blocked_at": null,
    "block_reason": null
  }
},
{
  "model": "people.allowedemail",
  "pk": 28,
  "fields": {
    "email": "nusrat.jahan@uap-cse.edu",
    "user_type": "faculty",
    "is_power_user": false,
    "is_active": true,
    "is_blocked": false,
    "created_at": "2025-12-13T22:08:56.455Z",
    "created_by": null,
    "blocked_at": null,
    "block_reason": null
  }
},
{
  "model": "people.allowedemail",
  "pk": 27,
  "fields": {
    "email": "karim.uddin@uap-cse.edu",
    "user_type": "faculty",
    "is_power_user": false,
    "is_active": true,
    "is_blocked": false,
    "created_at": "2025-12-13T22:08:55.888Z",
    "created_by": null,
    "blocked_at": null,
    "block_reason": null
  }
},
{
  "model": "people.allowedemail",
  "pk": 26,
  "fields": {
    "email": "ayesha.ali@uap-cse.edu",
    "user_type": "faculty",
    "is_power_user": false,
    "is_active": true,
    "is_blocked": false,
    "created_at": "2025-12-13T22:08:55.335Z",
    "created_by": null,
    "blocked_at": null,
    "block_reason": null
  }
},
{
  "model": "people.allowedemail",
  "pk": 25,
  "fields": {
    "email": "mohammad.hassan@uap-cse.edu",
    "user_type": "faculty",
    "is_power_user": false,
    "is_active": true,
    "is_blocked": false,
    "created_at": "2025-12-13T22:08:54.757Z",
    "created_by": null,
    "blocked_at": null,
    "block_reason": null
  }
},
{
  "model": "people.allowedemail",
  "pk": 24,
  "fields": {
    "email": "fatima.khan@uap-cse.edu",
    "user_type": "faculty",
    "is_power_user": false,
    "is_active": true,
    "is_blocked": false,
    "created_at": "2025-12-13T22:08:54.123Z",
    "created_by": null,
    "blocked_at": null,
    "block_reason": null
  }
},
{
  "model": "people.allowedemail",
  "pk": 23,
  "fields": {
    "email": "ahmed.rahman@uap-cse.edu",
    "user_type": "faculty",
    "is_power_user": false,
    "is_active": true,
    "is_blocked": false,
    "created_at": "2025-12-13T22:08:53.487Z",
    "created_by": null,
    "blocked_at": null,
    "block_reason": null
  }
},
{
  "model": "people.allowedemail",
  "pk": 22,
  "fields": {
    "email": "learnerdurjoy@gmail.com",
    "user_type": "club_member",
    "is_power_user": false,
    "is_active": true,
    "is_blocked": false,
    "created_at": "2025-12-13T18:20:22.391Z",
    "created_by": [
      "rashik@uap-bd.edu"
    ],
    "blocked_at": null,
    "block_reason": null
  }
},
{
  "model": "people.allowedemail",
  "pk": 20,
  "fields": {
    "email": "saad@g.com",
    "user_type": "club_member",
    "is_power_user": false,
    "is_active": true,
    "is_blocked": false,
    "created_at": "2025-12-11T21:57:01.832Z",
    "created_by": [
      "rashik@uap-bd.edu"
    ],
    "blocked_at": null,
    "block_reason": null
  }
},
{
  "model": "people.allowedemail",
  "pk": 18,
  "fields": {
    "email": "clubm10@g.com",
    "user_type": "club_member",
    "is_power_user": false,
    "is_active": true,
    "is_blocked": false,
    "created_at": "2025-12-11T19:36:23.069Z",
    "created_by": null,
    "blocked_at": null,
    "block_reason": null
  }
},
{
  "model": "people.allowedemail",
  "pk": 17,
  "fields": {
    "email": "clubm9@g.com",
    "user_type": "club_member",
    "is_power_user": false,
    "is_active": true,
    "is_blocked": false,
    "created_at": "2025-12-11T19:36:23.033Z",
    "created_by": null,
    "blocked_at": null,
    "block_reason": null
  }
},
{
  "model": "people.allowedemail",
  "pk": 16,
  "fields": {
    "email": "clubm8@g.com",
    "user_type": "club_member",
    "is_power_user": false,
    "is_active": true,
    "is_blocked": false,
    "created_at": "2025-12-11T19:36:22.999Z",
    "created_by": null,
    "blocked_at": null,
    "block_reason": null
  }
},
{
  "model": "people.allowedemail",
  "pk": 15,
  "fields": {
    "email": "clubm7@g.com",
    "user_type": "club_member",
    "is_power_user": false,
    "is_active": true,
    "is_blocked": false,
    "created_at": "2025-12-11T19:36:22.973Z",
    "created_by": null,
    "blocked_at": null,
    "block_reason": null
  }
},
{
  "model": "people.allowedemail",
  "pk": 14,
  "fields": {
    "email": "clubm6@g.com",
    "user_type": "club_member",
    "is_power_user": false,
    "is_active": true,
    "is_blocked": false,
    "created_at": "2025-12-11T19:36:22.958Z",
    "created_by": null,
    "blocked_at": null,
    "block_reason": null
  }
},
{
  "model": "people.allowedemail",
  "pk": 13,
  "fields": {
    "email": "clubm5@g.com",
    "user_type": "club_member",
    "is_power_user": false,
    "is_active": true,
    "is_blocked": false,
    "created_at": "2025-12-11T19:36:22.941Z",
    "created_by": null,
    "blocked_at": null,
    "block_reason": null
  }
},
{
  "model": "people.allowedemail",
  "pk": 12,
  "fields": {
    "email": "clubm4@g.com",
    "user_type": "club_member",
    "is_power_user": false,
    "is_active": true,
    "is_blocked": false,
    "created_at": "2025-12-11T19:36:22.903Z",
    "created_by": null,
    "blocked_at": null,
    "block_reason": null
  }
},
{
  "model": "people.allowedemail",
  "pk": 11,
  "fields": {
    "email": "clubm3@g.com",
    "user_type": "club_member",
    "is_power_user": false,
    "is_active": true,
    "is_blocked": false,
    "created_at": "2025-12-11T19:36:22.863Z",
    "created_by": null,
    "blocked_at": null,
    "block_reason": null
  }
},
{
  "model": "people.allowedemail",
  "pk": 10,
  "fields": {
    "email": "clubm2@g.com",
    "user_type": "club_member",
    "is_power_user": false,
    "is_active": true,
    "is_blocked": false,
    "created_at": "2025-12-11T19:36:22.836Z",
    "created_by": null,
    "blocked_at": null,
    "block_reason": null
  }
},
{
  "model": "people.allowedemail",
  "pk": 9,
  "fields": {
    "email": "clubm1@g.com",
    "user_type": "club_member",
    "is_power_user": false,
    "is_active": true,
    "is_blocked": false,
    "created_at": "2025-12-11T19:36:22.803Z",
    "created_by": null,
    "blocked_at": null,
    "block_reason": null
  }
},
{
  "model": "people.allowedemail",
  "pk": 8,
  "fields": {
    "email": "suza@x.com",
    "user_type": "officer",
    "is_power_user": false,
    "is_active": true,
    "is_blocked": false,
    "created_at": "2025-12-10T15:59:18.237Z",
    "created_by": null,
    "blocked_at": null,
    "block_reason": ""
  }
},
{
  "model": "people.allowedemail",
  "pk": 7,
  "fields": {
    "email": "fariazarin@uap-bd.edu",
    "user_type": "faculty",
    "is_power_user": false,
    "is_active": true,
    "is_blocked": false,
    "created_at": "2025-12-09T20:17:56.080Z",
    "created_by": null,
    "blocked_at": null,
    "block_reason": ""
  }
},
{
  "model": "people.allowedemail",
  "pk": 6,
  "fields": {
    "email": "shaila@uap-bd.edu",
    "user_type": "faculty",
    "is_power_user": false,
    "is_active": true,
    "is_blocked": false,
    "created_at": "2025-12-09T20:13:20.704Z",
    "created_by": null,
    "blocked_at": null,
    "block_reason": ""
  }
},
{
  "model": "people.allowedemail",
  "pk": 5,
  "fields": {
    "email": "tahira.cse@uap-bd.edu",
    "user_type": "faculty",
    "is_power_user": false,
    "is_active": true,
    "is_blocked": false,
    "created_at": "2025-12-09T20:09:14.588Z",
    "created_by": null,
    "blocked_at": null,
    "block_reason": ""
  }
},
{
  "model": "people.allowedemail",
  "pk": 4,
  "fields": {
    "email": "bjferdosi@uap-bd.edu",
    "user_type": "faculty",
    "is_power_user": false,
    "is_active": true,
    "is_blocked": false,
    "created_at": "2025-12-09T20:05:59.761Z",
    "created_by": null,
    "blocked_at": null,
    "block_reason": ""
  }
},
{
  "model": "people.allowedemail",
  "pk": 3,
  "fields": {
    "email": "aloke@uap-bd.edu",
    "user_type": "faculty",
    "is_power_user": false,
    "is_active": true,
    "is_blocked": false,
    "created_at": "2025-12-08T21:08:56.245Z",
    "created_by": null,
    "blocked_at": null,
    "block_reason": ""
  }
},
{
  "model": "people.allowedemail",
  "pk": 2,
  "fields": {
    "email": "rashik@uap-bd.edu",
    "user_type": "faculty",
    "is_power_user": false,
    "is_active": true,
    "is_blocked": false,
    "created_at": "2025-12-08T17:49:50.117Z",
    "created_by": null,
    "blocked_at": null,
    "block_reason": ""
  }
},
{
  "model": "people.allowedemail",
  "pk": 1,
  "fields": {
    "email": "durjoy@uap-bd.edu",
    "user_type": "faculty",
    "is_power_user": true,
    "is_active": true,
    "is_blocked": false,
    "created_at": "2025-12-08T16:38:02.792Z",
    "created_by": null,
    "blocked_at": null,
    "block_reason": ""
  }
},
{
  "model": "people.baseuser",
  "fields": {
    "password": "pbkdf2_sha256$1000000$9uhgmdkpTqkKYWCnTv2DuP$MahOC0rLqedH3M3e+1E0fc/i/Tm1V7gbByzy0Hfic6Y=",
    "last_login": null,
    "is_superuser": false,
    "username": "hasan.mahmud",
    "first_name": "Dr.",
    "last_name": "Hasan Mahmud",
    "email": "hasan.mahmud@uap-cse.edu",
    "is_staff": false,
    "is_active": true,
    "date_joined": "2025-12-13T22:37:07.405Z",
    "allowed_email": 35,
    "user_type": "faculty",
    "is_power_user": false,
    "phone_number": null,
    "profile_picture": "",
    "created_at": "2025-12-13T22:37:07.405Z",
    "updated_at": "2025-12-13T22:37:07.405Z",
    "groups": [],
    "user_permissions": []
  }
},
{
  "model": "people.baseuser",
  "fields": {
    "password": "pbkdf2_sha256$1000000$IcJcMXLbJk1ltGG4dTGp7v$3QgqcNYiV20sr9Q0lI+ToyMYin8tBtGADmYKqwxqadY=",
    "last_login": null,
    "is_superuser": false,
    "username": "fatima.begum",
    "first_name": "Dr.",
    "last_name": "Fatima Begum",
    "email": "fatima.begum@uap-cse.edu",
    "is_staff": false,
    "is_active": true,
    "date_joined": "2025-12-13T22:37:06.828Z",
    "allowed_email": 34,
    "user_type": "faculty",
    "is_power_user": false,
    "phone_number": null,
    "profile_picture": "",
    "created_at": "2025-12-13T22:37:06.828Z",
    "updated_at": "2025-12-13T22:37:06.828Z",
    "groups": [],
    "user_permissions": []
  }
},
{
  "model": "people.baseuser",
  "fields": {
    "password": "pbkdf2_sha256$1000000$MkbDZRXiQDRpZEayirbmcO$1A4ZLpdyT7ZUWdZgG/+AUEKn36xPkiF9bJQnL8XEmtc=",
    "last_login": null,
    "is_superuser": false,
    "username": "mohammad.ali",
    "first_name": "Dr.",
    "last_name": "Mohammad Ali",
    "email": "mohammad.ali@uap-cse.edu",
    "is_staff": false,
    "is_active": true,
    "date_joined": "2025-12-13T22:37:06.061Z",
    "allowed_email": 33,
    "user_type": "faculty",
    "is_power_user": false,
    "phone_number": null,
    "profile_picture": "",
    "created_at": "2025-12-13T22:37:06.062Z",
    "updated_at": "2025-12-13T22:37:06.062Z",
    "groups": [],
    "user_permissions": []
  }
},
{
  "model": "people.baseuser",
  "fields": {
    "password": "pbkdf2_sha256$1000000$etu4ItE2rQoUzBgEHn4cNY$H6mzKDzjToCUHo0Go9WUqO5k6bKx53JWl5biADH1w6Q=",
    "last_login": null,
    "is_superuser": false,
    "username": "mahedi.hasan",
    "first_name": "Mahedi",
    "last_name": "Hasan",
    "email": "mahedi.hasan@uap-cse.edu",
    "is_staff": false,
    "is_active": true,
    "date_joined": "2025-12-13T22:13:12.688Z",
    "allowed_email": 32,
    "user_type": "faculty",
    "is_power_user": false,
    "phone_number": null,
    "profile_picture": "",
    "created_at": "2025-12-13T22:13:12.688Z",
    "updated_at": "2025-12-13T22:13:12.688Z",
    "groups": [],
    "user_permissions": []
  }
},
{
  "model": "people.baseuser",
  "fields": {
    "password": "pbkdf2_sha256$1000000$NENrQgsT6Nh65nh6Gsa8WG$o3qHMxiQGL7TdcatK1L+F1scJI6z5dIPSZYlO7Y5IPc=",
    "last_login": null,
    "is_superuser": false,
    "username": "shah.murtaza",
    "first_name": "Dr.",
    "last_name": "Shah Murtaza Rashid Al Masud",
    "email": "shah.murtaza@uap-cse.edu",
    "is_staff": false,
    "is_active": true,
    "date_joined": "2025-12-13T22:13:12.122Z",
    "allowed_email": 31,
    "user_type": "faculty",
    "is_power_user": false,
    "phone_number": null,
    "profile_picture": "",
    "created_at": "2025-12-13T22:13:12.122Z",
    "updated_at": "2025-12-13T22:13:12.122Z",
    "groups": [],
    "user_permissions": []
  }
},
{
  "model": "people.baseuser",
  "fields": {
    "password": "pbkdf2_sha256$1000000$6xCBiNgz6LbphlER5ea0U3$U3wBbokU7AjwBznt3qVMvaCNxOxpvbU0YMMS7ci4NJM=",
    "last_login": null,
    "is_superuser": false,
    "username": "tahmina.begum",
    "first_name": "Dr.",
    "last_name": "Tahmina Begum",
    "email": "tahmina.begum@uap-cse.edu",
    "is_staff": false,
    "is_active": true,
    "date_joined": "2025-12-13T22:08:58.185Z",
    "allowed_email": 30,
    "user_type": "faculty",
    "is_power_user": false,
    "phone_number": null,
    "profile_picture": "",
    "created_at": "2025-12-13T22:08:58.186Z",
    "updated_at": "2025-12-13T22:08:58.186Z",
    "groups": [],
    "user_permissions": []
  }
},
{
  "model": "people.baseuser",
  "fields": {
    "password": "pbkdf2_sha256$1000000$UOMIJZHZH3aivWuRjRfVV5$B6FiS5arakhTDPesI8P+Oo4urZvWtcIdLuB+47DRahs=",
    "last_login": null,
    "is_superuser": false,
    "username": "nusrat.jahan",
    "first_name": "Dr.",
    "last_name": "Nusrat Jahan",
    "email": "nusrat.jahan@uap-cse.edu",
    "is_staff": false,
    "is_active": true,
    "date_joined": "2025-12-13T22:08:57.059Z",
    "allowed_email": 28,
    "user_type": "faculty",
    "is_power_user": false,
    "phone_number": null,
    "profile_picture": "",
    "created_at": "2025-12-13T22:08:57.059Z",
    "updated_at": "2025-12-13T22:08:57.059Z",
    "groups": [],
    "user_permissions": []
  }
},
{
  "model": "people.baseuser",
  "fields": {
    "password": "pbkdf2_sha256$1000000$0pHl0EbeeX3PBC497eCaFM$+tDiIxl7b502hlmpibsNXEqOISMc9YurhbXYbwcsgsw=",
    "last_login": null,
    "is_superuser": false,
    "username": "karim.uddin",
    "first_name": "Dr.",
    "last_name": "Karim Uddin",
    "email": "karim.uddin@uap-cse.edu",
    "is_staff": false,
    "is_active": true,
    "date_joined": "2025-12-13T22:08:56.439Z",
    "allowed_email": 27,
    "user_type": "faculty",
    "is_power_user": false,
    "phone_number": null,
    "profile_picture": "",
    "created_at": "2025-12-13T22:08:56.440Z",
    "updated_at": "2025-12-13T22:08:56.440Z",
    "groups": [],
    "user_permissions": []
  }
},
{
  "model": "people.baseuser",
  "fields": {
    "password": "pbkdf2_sha256$1000000$4hal4mvcVWDlTZFefZxulj$KyU8AkEXUzFyVlz1XeQHgrYvSUn2BuUAGWzRC1x77QA=",
    "last_login": null,
    "is_superuser": false,
    "username": "ayesha.ali",
    "first_name": "Dr.",
    "last_name": "Ayesha Ali",
    "email": "ayesha.ali@uap-cse.edu",
    "is_staff": false,
    "is_active": true,
    "date_joined": "2025-12-13T22:08:55.877Z",
    "allowed_email": 26,
    "user_type": "faculty",
    "is_power_user": false,
    "phone_number": null,
    "profile_picture": "",
    "created_at": "2025-12-13T22:08:55.878Z",
    "updated_at": "2025-12-13T22:08:55.878Z",
    "groups": [],
    "user_permissions": []
  }
},
{
  "model": "people.baseuser",
  "fields": {
    "password": "pbkdf2_sha256$1000000$LE2EltzQeJuzROyu1fbuQ9$bLcGTCFmPpM9qXH4Dfmh3u8TfDyOINJIx5hM8lC5ME8=",
    "last_login": null,
    "is_superuser": false,
    "username": "mohammad.hassan",
    "first_name": "Dr.",
    "last_name": "Mohammad Hassan",
    "email": "mohammad.hassan@uap-cse.edu",
    "is_staff": false,
    "is_active": true,
    "date_joined": "2025-12-13T22:08:55.325Z",
    "allowed_email": 25,
    "user_type": "faculty",
    "is_power_user": false,
    "phone_number": null,
    "profile_picture": "",
    "created_at": "2025-12-13T22:08:55.325Z",
    "updated_at": "2025-12-13T22:08:55.325Z",
    "groups": [],
    "user_permissions": []
  }
},
{
  "model": "people.baseuser",
  "fields": {
    "password": "pbkdf2_sha256$1000000$NEEgLIHJMaCXsxwq37D7kP$KFUdjkx4jNQXe1mhNggs6K9ydReexmgCW7di2fdlm6E=",
    "last_login": null,
    "is_superuser": false,
    "username": "fatima.khan",
    "first_name": "Dr.",
    "last_name": "Fatima Khan",
    "email": "fatima.khan@uap-cse.edu",
    "is_staff": false,
    "is_active": true,
    "date_joined": "2025-12-13T22:08:54.741Z",
    "allowed_email": 24,
    "user_type": "faculty",
    "is_power_user": false,
    "phone_number": null,
    "profile_picture": "",
    "created_at": "2025-12-13T22:08:54.741Z",
    "updated_at": "2025-12-13T22:08:54.741Z",
    "groups": [],
    "user_permissions": []
  }
},
{
  "model": "people.baseuser",
  "fields": {
    "password": "pbkdf2_sha256$1000000$Gzru6Z1jYJ5cx909vElZYP$KaYGMCQJqCaQFqdIC1k8Jct+anypJOCJojsUeReCx0w=",
    "last_login": null,
    "is_superuser": false,
    "username": "ahmed.rahman",
    "first_name": "Dr.",
    "last_name": "Ahmed Rahman",
    "email": "ahmed.rahman@uap-cse.edu",
    "is_staff": false,
    "is_active": true,
    "date_joined": "2025-12-13T22:08:54.106Z",
    "allowed_email": 23,
    "user_type": "faculty",
    "is_power_user": false,
    "phone_number": null,
    "profile_picture": "",
    "created_at": "2025-12-13T22:08:54.106Z",
    "updated_at": "2025-12-13T22:08:54.106Z",
    "groups": [],
    "user_permissions": []
  }
},
{
  "model": "people.baseuser",
  "fields": {
    "password": "pbkdf2_sha256$1200000$sXcGQpIBFperfHbUIG9Ex9$P8D88sdte1TyF7C6SgiPSB4U+DlSFL712gnoc1g/2Vc=",
    "last_login": null,
    "is_superuser": false,
    "username": "saad",
    "first_name": "",
    "last_name": "",
    "email": "saad@g.com",
    "is_staff": false,
    "is_active": true,
    "date_joined": "2025-12-11T21:57:02.605Z",
    "allowed_email": 20,
    "user_type": "club_member",
    "is_power_user": false,
    "phone_number": null,
    "profile_picture": "",
    "created_at": "2025-12-11T21:57:02.605Z",
    "updated_at": "2025-12-11T21:57:02.605Z",
    "groups": [],
    "user_permissions": []
  }
},
{
  "model": "people.baseuser",
  "fields": {
    "password": "pbkdf2_sha256$1000000$yVwc2Y0dgQiDWyaggRvwOR$pDK8ca2dRhELiF1ObkWtn/IzxAPBy9S3DTpucFVos7k=",
    "last_login": null,
    "is_superuser": false,
    "username": "clubm10",
    "first_name": "",
    "last_name": "",
    "email": "clubm10@g.com",
    "is_staff": false,
    "is_active": true,
    "date_joined": "2025-12-11T19:36:23.083Z",
    "allowed_email": 18,
    "user_type": "club_member",
    "is_power_user": false,
    "phone_number": null,
    "profile_picture": "",
    "created_at": "2025-12-11T19:36:23.083Z",
    "updated_at": "2025-12-11T19:36:23.083Z",
    "groups": [],
    "user_permissions": []
  }
},
{
  "model": "people.baseuser",
  "fields": {
    "password": "pbkdf2_sha256$1000000$yVwc2Y0dgQiDWyaggRvwOR$pDK8ca2dRhELiF1ObkWtn/IzxAPBy9S3DTpucFVos7k=",
    "last_login": null,
    "is_superuser": false,
    "username": "clubm9",
    "first_name": "",
    "last_name": "",
    "email": "clubm9@g.com",
    "is_staff": false,
    "is_active": true,
    "date_joined": "2025-12-11T19:36:23.042Z",
    "allowed_email": 17,
    "user_type": "club_member",
    "is_power_user": false,
    "phone_number": null,
    "profile_picture": "",
    "created_at": "2025-12-11T19:36:23.045Z",
    "updated_at": "2025-12-11T19:36:23.045Z",
    "groups": [],
    "user_permissions": []
  }
},
{
  "model": "people.baseuser",
  "fields": {
    "password": "pbkdf2_sha256$1000000$yVwc2Y0dgQiDWyaggRvwOR$pDK8ca2dRhELiF1ObkWtn/IzxAPBy9S3DTpucFVos7k=",
    "last_login": null,
    "is_superuser": false,
    "username": "clubm8",
    "first_name": "",
    "last_name": "",
    "email": "clubm8@g.com",
    "is_staff": false,
    "is_active": true,
    "date_joined": "2025-12-11T19:36:23.009Z",
    "allowed_email": 16,
    "user_type": "club_member",
    "is_power_user": false,
    "phone_number": null,
    "profile_picture": "",
    "created_at": "2025-12-11T19:36:23.010Z",
    "updated_at": "2025-12-11T19:36:23.010Z",
    "groups": [],
    "user_permissions": []
  }
},
{
  "model": "people.baseuser",
  "fields": {
    "password": "pbkdf2_sha256$1000000$yVwc2Y0dgQiDWyaggRvwOR$pDK8ca2dRhELiF1ObkWtn/IzxAPBy9S3DTpucFVos7k=",
    "last_login": null,
    "is_superuser": false,
    "username": "clubm7",
    "first_name": "",
    "last_name": "",
    "email": "clubm7@g.com",
    "is_staff": false,
    "is_active": true,
    "date_joined": "2025-12-11T19:36:22.977Z",
    "allowed_email": 15,
    "user_type": "club_member",
    "is_power_user": false,
    "phone_number": null,
    "profile_picture": "",
    "created_at": "2025-12-11T19:36:22.978Z",
    "updated_at": "2025-12-11T19:36:22.978Z",
    "groups": [],
    "user_permissions": []
  }
},
{
  "model": "people.baseuser",
  "fields": {
    "password": "pbkdf2_sha256$1000000$yVwc2Y0dgQiDWyaggRvwOR$pDK8ca2dRhELiF1ObkWtn/IzxAPBy9S3DTpucFVos7k=",
    "last_login": null,
    "is_superuser": false,
    "username": "clubm6",
    "first_name": "",
    "last_name": "",
    "email": "clubm6@g.com",
    "is_staff": false,
    "is_active": true,
    "date_joined": "2025-12-11T19:36:22.961Z",
    "allowed_email": 14,
    "user_type": "club_member",
    "is_power_user": false,
    "phone_number": null,
    "profile_picture": "",
    "created_at": "2025-12-11T19:36:22.961Z",
    "updated_at": "2025-12-11T19:36:22.961Z",
    "groups": [],
    "user_permissions": []
  }
},
{
  "model": "people.baseuser",
  "fields": {
    "password": "pbkdf2_sha256$1000000$yVwc2Y0dgQiDWyaggRvwOR$pDK8ca2dRhELiF1ObkWtn/IzxAPBy9S3DTpucFVos7k=",
    "last_login": null,
    "is_superuser": false,
    "username": "clubm5",
    "first_name": "",
    "last_name": "",
    "email": "clubm5@g.com",
    "is_staff": false,
    "is_active": true,
    "date_joined": "2025-12-11T19:36:22.945Z",
    "allowed_email": 13,
    "user_type": "club_member",
    "is_power_user": false,
    "phone_number": null,
    "profile_picture": "",
    "created_at": "2025-12-11T19:36:22.945Z",
    "updated_at": "2025-12-11T19:36:22.945Z",
    "groups": [],
    "user_permissions": []
  }
},
{
  "model": "people.baseuser",
  "fields": {
    "password": "pbkdf2_sha256$1000000$yVwc2Y0dgQiDWyaggRvwOR$pDK8ca2dRhELiF1ObkWtn/IzxAPBy9S3DTpucFVos7k=",
    "last_login": null,
    "is_superuser": false,
    "username": "clubm4",
    "first_name": "",
    "last_name": "",
    "email": "clubm4@g.com",
    "is_staff": false,
    "is_active": true,
    "date_joined": "2025-12-11T19:36:22.918Z",
    "allowed_email": 12,
    "user_type": "club_member",
    "is_power_user": false,
    "phone_number": null,
    "profile_picture": "",
    "created_at": "2025-12-11T19:36:22.919Z",
    "updated_at": "2025-12-11T19:36:22.919Z",
    "groups": [],
    "user_permissions": []
  }
},
{
  "model": "people.baseuser",
  "fields": {
    "password": "pbkdf2_sha256$1000000$yVwc2Y0dgQiDWyaggRvwOR$pDK8ca2dRhELiF1ObkWtn/IzxAPBy9S3DTpucFVos7k=",
    "last_login": null,
    "is_superuser": false,
    "username": "clubm3",
    "first_name": "",
    "last_name": "",
    "email": "clubm3@g.com",
    "is_staff": false,
    "is_active": true,
    "date_joined": "2025-12-11T19:36:22.870Z",
    "allowed_email": 11,
    "user_type": "club_member",
    "is_power_user": false,
    "phone_number": null,
    "profile_picture": "",
    "created_at": "2025-12-11T19:36:22.872Z",
    "updated_at": "2025-12-11T19:36:22.872Z",
    "groups": [],
    "user_permissions": []
  }
},
{
  "model": "people.baseuser",
  "fields": {
    "password": "pbkdf2_sha256$1000000$yVwc2Y0dgQiDWyaggRvwOR$pDK8ca2dRhELiF1ObkWtn/IzxAPBy9S3DTpucFVos7k=",
    "last_login": null,
    "is_superuser": false,
    "username": "clubm2",
    "first_name": "",
    "last_name": "",
    "email": "clubm2@g.com",
    "is_staff": false,
    "is_active": true,
    "date_joined": "2025-12-11T19:36:22.840Z",
    "allowed_email": 10,
    "user_type": "club_member",
    "is_power_user": false,
    "phone_number": null,
    "profile_picture": "",
    "created_at": "2025-12-11T19:36:22.841Z",
    "updated_at": "2025-12-11T19:36:22.841Z",
    "groups": [],
    "user_permissions": []
  }
},
{
  "model": "people.baseuser",
  "fields": {
    "password": "pbkdf2_sha256$1200000$ZtJDWupbb7U7inW21i53Jy$FsQgFIuhET1IhjFTQXw5jatMXcAGAb6eRgb1AGqwE2E=",
    "last_login": "2025-12-13T21:34:18.348Z",
    "is_superuser": false,
    "username": "clubm1",
    "first_name": "",
    "last_name": "",
    "email": "clubm1@g.com",
    "is_staff": false,
    "is_active": true,
    "date_joined": "2025-12-11T19:36:22.813Z",
    "allowed_email": 9,
    "user_type": "club_member",
    "is_power_user": false,
    "phone_number": null,
    "profile_picture": "",
    "created_at": "2025-12-11T19:36:22.813Z",
    "updated_at": "2025-12-13T21:35:19.948Z",
    "groups": [],
    "user_permissions": []
  }
},
{
  "model": "people.baseuser",
  "fields": {
    "password": "pbkdf2_sha256$1200000$1II2eYifyiDulFsAkwf0aw$jE4JfXa/2gBu0w445rE3CmlrDzNvtZBLTQVu05I5+8c=",
    "last_login": "2025-12-11T18:29:26.418Z",
    "is_superuser": false,
    "username": "kabir_bhai",
    "first_name": "kabir",
    "last_name": "",
    "email": "kabir@example.com",
    "is_staff": false,
    "is_active": true,
    "date_joined": "2025-12-10T15:56:11.850Z",
    "allowed_email": null,
    "user_type": "officer",
    "is_power_user": false,
    "phone_number": null,
    "profile_picture": "",
    "created_at": "2025-12-10T15:56:12.532Z",
    "updated_at": "2025-12-10T20:32:21.253Z",
    "groups": [],
    "user_permissions": []
  }
},
{
  "model": "people.baseuser",
  "fields": {
    "password": "pbkdf2_sha256$1200000$zdm6DbfH8Rp73lYln4zcUQ$FBEgWTEh15f0vNUsmJK6iy7YRJ+C9V8m2JfybiemBDo=",
    "last_login": "2025-12-10T16:00:11.488Z",
    "is_superuser": false,
    "username": "suza_bhai",
    "first_name": "suza",
    "last_name": "",
    "email": "suza@example.com",
    "is_staff": false,
    "is_active": true,
    "date_joined": "2025-12-10T15:56:10.723Z",
    "allowed_email": 8,
    "user_type": "officer",
    "is_power_user": false,
    "phone_number": null,
    "profile_picture": "",
    "created_at": "2025-12-10T15:56:11.828Z",
    "updated_at": "2025-12-10T15:59:21.361Z",
    "groups": [],
    "user_permissions": []
  }
},
{
  "model": "people.baseuser",
  "fields": {
    "password": "pbkdf2_sha256$1200000$wx3jxS1wX7xC7WRFM2fshQ$5B42ExVkoI1EWojAIKP64ovfrc/UWsXipYhATvAV/3w=",
    "last_login": "2025-12-13T16:22:15.428Z",
    "is_superuser": true,
    "username": "dee",
    "first_name": "",
    "last_name": "",
    "email": "",
    "is_staff": true,
    "is_active": true,
    "date_joined": "2025-12-10T15:49:24.271Z",
    "allowed_email": null,
    "user_type": null,
    "is_power_user": false,
    "phone_number": null,
    "profile_picture": "",
    "created_at": "2025-12-10T15:49:24.916Z",
    "updated_at": "2025-12-10T15:49:24.916Z",
    "groups": [],
    "user_permissions": []
  }
},
{
  "model": "people.baseuser",
  "fields": {
    "password": "pbkdf2_sha256$1200000$abknjoBfcmwwrIhgJADCiO$PLNRoB8xLgv6s3brGJCfEKfUyGTI2IcSZ+Ph7pI2Dkw=",
    "last_login": null,
    "is_superuser": false,
    "username": "Subah",
    "first_name": "",
    "last_name": "",
    "email": "fariazarin@uap-bd.edu",
    "is_staff": false,
    "is_active": true,
    "date_joined": "2025-12-09T20:18:23.290Z",
    "allowed_email": 7,
    "user_type": "faculty",
    "is_power_user": false,
    "phone_number": "01791150598",
    "profile_picture": "user_profiles/Subah_.jpg",
    "created_at": "2025-12-09T20:18:24.708Z",
    "updated_at": "2025-12-09T20:18:24.708Z",
    "groups": [],
    "user_permissions": []
  }
},
{
  "model": "people.baseuser",
  "fields": {
    "password": "pbkdf2_sha256$1200000$GLBlW7YaLAPe12lArWtgpE$hoQjd+uugZgIWflVmmyiXQOYZP4QwAH+JcyqIJzZDkA=",
    "last_login": null,
    "is_superuser": false,
    "username": "Shaila",
    "first_name": "",
    "last_name": "",
    "email": "shaila@uap-bd.edu",
    "is_staff": false,
    "is_active": true,
    "date_joined": "2025-12-09T20:13:43.685Z",
    "allowed_email": 6,
    "user_type": "faculty",
    "is_power_user": false,
    "phone_number": "01819818234",
    "profile_picture": "user_profiles/shaila.jpeg",
    "created_at": "2025-12-09T20:13:45.208Z",
    "updated_at": "2025-12-09T20:13:45.208Z",
    "groups": [],
    "user_permissions": []
  }
},
{
  "model": "people.baseuser",
  "fields": {
    "password": "pbkdf2_sha256$1200000$scoFudieKWLRFopbbFfKR1$Uo7J/fgzb8/2sx0jA4Mg9vGBrl9CN1ncXJYw22/CDvQ=",
    "last_login": null,
    "is_superuser": false,
    "username": "Tahira",
    "first_name": "",
    "last_name": "",
    "email": "tahira.cse@uap-bd.edu",
    "is_staff": false,
    "is_active": true,
    "date_joined": "2025-12-09T20:09:44.539Z",
    "allowed_email": 5,
    "user_type": "faculty",
    "is_power_user": false,
    "phone_number": "01914876034",
    "profile_picture": "user_profiles/Tahira.png",
    "created_at": "2025-12-09T20:09:45.979Z",
    "updated_at": "2025-12-09T20:09:45.979Z",
    "groups": [],
    "user_permissions": []
  }
},
{
  "model": "people.baseuser",
  "fields": {
    "password": "pbkdf2_sha256$1200000$2eyTOLqhC2b9V9S7ZwQGyD$wwGeinF5xW9Ty51EzpX3vlyMRZyU3/cEv/VRvKqoRLk=",
    "last_login": null,
    "is_superuser": false,
    "username": "Bilkis",
    "first_name": "",
    "last_name": "",
    "email": "bjferdosi@uap-bd.edu",
    "is_staff": false,
    "is_active": true,
    "date_joined": "2025-12-09T20:07:34.619Z",
    "allowed_email": 4,
    "user_type": "faculty",
    "is_power_user": false,
    "phone_number": "01760242388",
    "profile_picture": "user_profiles/bilkis.png",
    "created_at": "2025-12-09T20:07:36.019Z",
    "updated_at": "2025-12-09T20:11:21.088Z",
    "groups": [],
    "user_permissions": []
  }
},
{
  "model": "people.baseuser",
  "fields": {
    "password": "pbkdf2_sha256$1200000$lFtu9bSE2hMqKAA4S3i66z$yZyIJhxsQmoRWXaEDasX9Z6UtBX5KPkTE5fgO9qun0I=",
    "last_login": "2025-12-16T20:47:56.996Z",
    "is_superuser": true,
    "username": "tahiya",
    "first_name": "",
    "last_name": "",
    "email": "22201038@uap-bd.edu",
    "is_staff": true,
    "is_active": true,
    "date_joined": "2025-12-09T06:59:31.314Z",
    "allowed_email": null,
    "user_type": null,
    "is_power_user": false,
    "phone_number": null,
    "profile_picture": "",
    "created_at": "2025-12-09T06:59:32.073Z",
    "updated_at": "2025-12-09T06:59:32.073Z",
    "groups": [],
    "user_permissions": []
  }
},
{
  "model": "people.baseuser",
  "fields": {
    "password": "pbkdf2_sha256$1000000$iQMJaW0HBpFxq8UTULnf63$8E1bSsGi4/2SuFcfBs5sXBJmeedgTdMuDvLtpOkMXts=",
    "last_login": "2025-12-08T21:09:28.673Z",
    "is_superuser": false,
    "username": "aloke@uap-bd.edu",
    "first_name": "Dr.",
    "last_name": "Aloke Kumar Saha",
    "email": "aloke@uap-bd.edu",
    "is_staff": false,
    "is_active": true,
    "date_joined": "2025-12-08T21:09:27.833Z",
    "allowed_email": 3,
    "user_type": "faculty",
    "is_power_user": false,
    "phone_number": null,
    "profile_picture": "",
    "created_at": "2025-12-08T21:09:28.666Z",
    "updated_at": "2025-12-08T21:12:27.024Z",
    "groups": [],
    "user_permissions": []
  }
},
{
  "model": "people.baseuser",
  "fields": {
    "password": "pbkdf2_sha256$1200000$zOPhleobApRTQrHRgnSpPw$Cp8pt+L8/hen97xOi0Jli6lq95lSYpXRIP8dFdPBaGo=",
    "last_login": "2025-12-18T18:54:54.537Z",
    "is_superuser": false,
    "username": "rashik@uap-bd.edu",
    "first_name": "Rashik",
    "last_name": "Rahman",
    "email": "rashik@uap-bd.edu",
    "is_staff": false,
    "is_active": true,
    "date_joined": "2025-12-08T17:34:44.453Z",
    "allowed_email": 2,
    "user_type": "faculty",
    "is_power_user": false,
    "phone_number": null,
    "profile_picture": "",
    "created_at": "2025-12-08T17:34:45.645Z",
    "updated_at": "2025-12-13T12:52:11.691Z",
    "groups": [],
    "user_permissions": []
  }
},
{
  "model": "people.baseuser",
  "fields": {
    "password": "pbkdf2_sha256$1200000$mVutF4Zfqjcye0zufXJczT$Y4LGkLGLk/hCBWddSyZJJXtnTPp85OAVUKmLvEkfVjs=",
    "last_login": "2025-12-19T15:41:32.157Z",
    "is_superuser": true,
    "username": "durjoy@uap-bd.edu",
    "first_name": "Durjoy",
    "last_name": "Mistry",
    "email": "durjoy@uap-bd.edu",
    "is_staff": true,
    "is_active": true,
    "date_joined": "2025-12-08T16:30:57.462Z",
    "allowed_email": 1,
    "user_type": "faculty",
    "is_power_user": true,
    "phone_number": null,
    "profile_picture": "",
    "created_at": "2025-12-08T16:30:58.060Z",
    "updated_at": "2025-12-18T19:02:11.414Z",
    "groups": [],
    "user_permissions": []
  }
},
{
  "model": "people.faculty",
  "pk": 31,
  "fields": {
    "name": "Dr. Shah Murtaza Rashid Al Masud",
    "shortname": "SMRAM",
    "designation": "Professor",
    "phone": "01712345690",
    "bio": "Head of Department with extensive research experience",
    "about": null,
    "profile_pic": "",
    "cropping": "",
    "joining_date": "2020-01-01",
    "last_office_date": null,
    "google_scholar_url": null,
    "researchgate_url": null,
    "orcid_url": null,
    "scopus_url": null,
    "linkedin_url": null,
    "researches": null,
    "citation": 0,
    "sl": 1,
    "routine": null,
    "is_head": true,
    "is_dept_proctor": false,
    "is_bsc_admission_coordinator": false,
    "is_mcse_admission_coordinator": false,
    "is_on_study_leave": false,
    "cv": ""
  }
},
{
  "model": "people.faculty",
  "pk": 5,
  "fields": {
    "name": "Dr. Bilkis Jamal Ferdosi",
    "shortname": "BJF",
    "designation": "Professor",
    "phone": "01760242388",
    "bio": null,
    "about": "",
    "profile_pic": "faculty_photos/bilkis_8Dmi6X5.png",
    "cropping": "0,0,400,400",
    "joining_date": null,
    "last_office_date": null,
    "google_scholar_url": "https://scholar.google.com/citations?user=QaITgeIAAAAJ&hl=en",
    "researchgate_url": null,
    "orcid_url": null,
    "scopus_url": null,
    "linkedin_url": null,
    "researches": "",
    "citation": 0,
    "sl": 2,
    "routine": "",
    "is_head": false,
    "is_dept_proctor": false,
    "is_bsc_admission_coordinator": false,
    "is_mcse_admission_coordinator": false,
    "is_on_study_leave": false,
    "cv": ""
  }
},
{
  "model": "people.faculty",
  "pk": 3,
  "fields": {
    "name": "Dr. Aloke Kumar Saha",
    "shortname": "AKS",
    "designation": "Professor",
    "phone": "None",
    "bio": "None",
    "about": null,
    "profile_pic": "",
    "cropping": "",
    "joining_date": "1998-07-09",
    "last_office_date": null,
    "google_scholar_url": "None",
    "researchgate_url": "None",
    "orcid_url": "None",
    "scopus_url": "None",
    "linkedin_url": "None",
    "researches": null,
    "citation": 0,
    "sl": 3,
    "routine": null,
    "is_head": false,
    "is_dept_proctor": false,
    "is_bsc_admission_coordinator": false,
    "is_mcse_admission_coordinator": false,
    "is_on_study_leave": false,
    "cv": ""
  }
},
{
  "model": "people.faculty",
  "pk": 23,
  "fields": {
    "name": "Dr. Ahmed Rahman",
    "shortname": "AR",
    "designation": "Professor",
    "phone": "01712345678",
    "bio": "Head of Department with expertise in Machine Learning and AI",
    "about": "",
    "profile_pic": "",
    "cropping": "",
    "joining_date": "2020-01-01",
    "last_office_date": null,
    "google_scholar_url": null,
    "researchgate_url": null,
    "orcid_url": null,
    "scopus_url": null,
    "linkedin_url": null,
    "researches": "",
    "citation": 0,
    "sl": 4,
    "routine": "",
    "is_head": false,
    "is_dept_proctor": false,
    "is_bsc_admission_coordinator": false,
    "is_mcse_admission_coordinator": false,
    "is_on_study_leave": false,
    "cv": ""
  }
},
{
  "model": "people.faculty",
  "pk": 24,
  "fields": {
    "name": "Dr. Fatima Khan",
    "shortname": "FK",
    "designation": "Associate Professor",
    "phone": "01712345679",
    "bio": "BSc Admission Coordinator specializing in Database Systems",
    "about": null,
    "profile_pic": "",
    "cropping": "",
    "joining_date": "2020-01-01",
    "last_office_date": null,
    "google_scholar_url": null,
    "researchgate_url": null,
    "orcid_url": null,
    "scopus_url": null,
    "linkedin_url": null,
    "researches": null,
    "citation": 0,
    "sl": 5,
    "routine": null,
    "is_head": false,
    "is_dept_proctor": false,
    "is_bsc_admission_coordinator": true,
    "is_mcse_admission_coordinator": false,
    "is_on_study_leave": false,
    "cv": ""
  }
},
{
  "model": "people.faculty",
  "pk": 7,
  "fields": {
    "name": "Shaila Rahman",
    "shortname": "SR",
    "designation": "Assistant Professor",
    "phone": "01819818234",
    "bio": null,
    "about": "",
    "profile_pic": "faculty_photos/shaila.jpeg",
    "cropping": "0,0,315,315",
    "joining_date": null,
    "last_office_date": null,
    "google_scholar_url": "https://scholar.google.com/citations?user=0lyN-9cAAAAJ&hl=en",
    "researchgate_url": null,
    "orcid_url": null,
    "scopus_url": null,
    "linkedin_url": null,
    "researches": "",
    "citation": 0,
    "sl": 6,
    "routine": "",
    "is_head": false,
    "is_dept_proctor": false,
    "is_bsc_admission_coordinator": false,
    "is_mcse_admission_coordinator": false,
    "is_on_study_leave": false,
    "cv": ""
  }
},
{
  "model": "people.faculty",
  "pk": 32,
  "fields": {
    "name": "Mahedi Hasan",
    "shortname": "MH",
    "designation": "Lecturer",
    "phone": "01712345691",
    "bio": "Lecturer currently on study leave",
    "about": null,
    "profile_pic": "",
    "cropping": "",
    "joining_date": "2020-01-01",
    "last_office_date": null,
    "google_scholar_url": null,
    "researchgate_url": null,
    "orcid_url": null,
    "scopus_url": null,
    "linkedin_url": null,
    "researches": null,
    "citation": 0,
    "sl": 6,
    "routine": null,
    "is_head": false,
    "is_dept_proctor": false,
    "is_bsc_admission_coordinator": false,
    "is_mcse_admission_coordinator": false,
    "is_on_study_leave": true,
    "cv": ""
  }
},
{
  "model": "people.faculty",
  "pk": 25,
  "fields": {
    "name": "Dr. Mohammad Hassan",
    "shortname": "MH",
    "designation": "Associate Professor",
    "phone": "01712345680",
    "bio": "MCSE Admission Coordinator with research in Cloud Computing",
    "about": null,
    "profile_pic": "",
    "cropping": "",
    "joining_date": "2020-01-01",
    "last_office_date": null,
    "google_scholar_url": null,
    "researchgate_url": null,
    "orcid_url": null,
    "scopus_url": null,
    "linkedin_url": null,
    "researches": null,
    "citation": 0,
    "sl": 7,
    "routine": null,
    "is_head": false,
    "is_dept_proctor": false,
    "is_bsc_admission_coordinator": false,
    "is_mcse_admission_coordinator": true,
    "is_on_study_leave": false,
    "cv": ""
  }
},
{
  "model": "people.faculty",
  "pk": 6,
  "fields": {
    "name": "Tahira Alam",
    "shortname": "TA",
    "designation": "Assistant Professor",
    "phone": "01914876034",
    "bio": null,
    "about": "",
    "profile_pic": "faculty_photos/Tahira_uG7km7B.png",
    "cropping": "0,0,315,315",
    "joining_date": null,
    "last_office_date": null,
    "google_scholar_url": "https://scholar.google.com/citations?user=dqg6FwkAAAAJ&hl=en&authuser=1",
    "researchgate_url": null,
    "orcid_url": null,
    "scopus_url": null,
    "linkedin_url": null,
    "researches": "",
    "citation": 0,
    "sl": 8,
    "routine": "",
    "is_head": false,
    "is_dept_proctor": false,
    "is_bsc_admission_coordinator": false,
    "is_mcse_admission_coordinator": false,
    "is_on_study_leave": false,
    "cv": ""
  }
},
{
  "model": "people.faculty",
  "pk": 26,
  "fields": {
    "name": "Dr. Ayesha Ali",
    "shortname": "AA",
    "designation": "Assistant Professor",
    "phone": "01712345681",
    "bio": "Department Proctor and expert in Software Engineering",
    "about": null,
    "profile_pic": "",
    "cropping": "",
    "joining_date": "2020-01-01",
    "last_office_date": null,
    "google_scholar_url": null,
    "researchgate_url": null,
    "orcid_url": null,
    "scopus_url": null,
    "linkedin_url": null,
    "researches": null,
    "citation": 0,
    "sl": 9,
    "routine": null,
    "is_head": false,
    "is_dept_proctor": true,
    "is_bsc_admission_coordinator": false,
    "is_mcse_admission_coordinator": false,
    "is_on_study_leave": false,
    "cv": ""
  }
},
{
  "model": "people.faculty",
  "pk": 8,
  "fields": {
    "name": "Faria Zarin Subah",
    "shortname": "FZS",
    "designation": "Lecturer",
    "phone": "0179115059",
    "bio": null,
    "about": "",
    "profile_pic": "faculty_photos/Subah_.jpg",
    "cropping": "0,0,315,315",
    "joining_date": null,
    "last_office_date": null,
    "google_scholar_url": null,
    "researchgate_url": null,
    "orcid_url": null,
    "scopus_url": null,
    "linkedin_url": null,
    "researches": "",
    "citation": 0,
    "sl": 10,
    "routine": "",
    "is_head": false,
    "is_dept_proctor": false,
    "is_bsc_admission_coordinator": false,
    "is_mcse_admission_coordinator": false,
    "is_on_study_leave": false,
    "cv": ""
  }
},
{
  "model": "people.faculty",
  "pk": 33,
  "fields": {
    "name": "Dr. Mohammad Ali",
    "shortname": "MA",
    "designation": "Professor",
    "phone": "01712345692",
    "bio": "Former Professor specializing in Artificial Intelligence and Machine Learning",
    "about": null,
    "profile_pic": "",
    "cropping": "",
    "joining_date": "2020-01-01",
    "last_office_date": "2023-12-31",
    "google_scholar_url": null,
    "researchgate_url": null,
    "orcid_url": null,
    "scopus_url": null,
    "linkedin_url": null,
    "researches": null,
    "citation": 0,
    "sl": 10,
    "routine": null,
    "is_head": false,
    "is_dept_proctor": false,
    "is_bsc_admission_coordinator": false,
    "is_mcse_admission_coordinator": false,
    "is_on_study_leave": false,
    "cv": ""
  }
},
{
  "model": "people.faculty",
  "pk": 27,
  "fields": {
    "name": "Dr. Karim Uddin",
    "shortname": "KU",
    "designation": "Assistant Professor",
    "phone": "01712345682",
    "bio": "Specialist in Computer Networks and Cybersecurity",
    "about": null,
    "profile_pic": "",
    "cropping": "",
    "joining_date": "2020-01-01",
    "last_office_date": null,
    "google_scholar_url": null,
    "researchgate_url": null,
    "orcid_url": null,
    "scopus_url": null,
    "linkedin_url": null,
    "researches": null,
    "citation": 0,
    "sl": 11,
    "routine": null,
    "is_head": false,
    "is_dept_proctor": false,
    "is_bsc_admission_coordinator": false,
    "is_mcse_admission_coordinator": false,
    "is_on_study_leave": false,
    "cv": ""
  }
},
{
  "model": "people.faculty",
  "pk": 34,
  "fields": {
    "name": "Dr. Fatima Begum",
    "shortname": "FB",
    "designation": "Associate Professor",
    "phone": "01712345693",
    "bio": "Former Associate Professor with expertise in Database Systems and Data Mining",
    "about": null,
    "profile_pic": "",
    "cropping": "",
    "joining_date": "2020-01-01",
    "last_office_date": "2024-06-30",
    "google_scholar_url": null,
    "researchgate_url": null,
    "orcid_url": null,
    "scopus_url": null,
    "linkedin_url": null,
    "researches": null,
    "citation": 0,
    "sl": 11,
    "routine": null,
    "is_head": false,
    "is_dept_proctor": false,
    "is_bsc_admission_coordinator": false,
    "is_mcse_admission_coordinator": false,
    "is_on_study_leave": false,
    "cv": ""
  }
},
{
  "model": "people.faculty",
  "pk": 2,
  "fields": {
    "name": "Rashik Rahman",
    "shortname": "RKR",
    "designation": "Lecturer",
    "phone": "None",
    "bio": "None",
    "about": "<p><img src=\"data:image/jpeg;base64,/9j/4AAQSkZJRgABAQAASABIAAD/4gHYSUNDX1BST0ZJTEUAAQEAAAHIbGNtcwIQAABtbnRyUkdCIFhZWiAH4gADABQACQAOAB1hY3NwTVNGVAAAAABzYXdzY3RybAAAAAAAAAAAAAAAAAAA9tYAAQAAAADTLWhhbmSdkQA9QICwPUB0LIGepSKOAAAAAAAAAAAAAAAAAAAAAAAAAAAAAAAAAAAAAAAAAAlkZXNjAAAA8AAAABxjcHJ0AAABDAAAAAx3dHB0AAABGAAAABRyWFlaAAABLAAAABRnWFlaAAABQAAAABRiWFlaAAABVAAAABRyVFJDAAABaAAAAGBnVFJDAAABaAAAAGBiVFJDAAABaAAAAGBkZXNjAAAAAAAAAAV1UkdCAAAAAAAAAAAAAAAAdGV4dAAAAABDQzAAWFlaIAAAAAAAAPNUAAEAAAABFslYWVogAAAAAAAAb6AAADjyAAADj1hZWiAAAAAAAABilgAAt4kAABjaWFlaIAAAAAAAACSgAAAPhQAAtsRjdXJ2AAAAAAAAACoAAAB8APgBnAJ1A4MEyQZOCBIKGAxiDvQRzxT2GGocLiBDJKwpai5+M+s5sz/WRldNNlR2XBdkHWyGdVZ+jYgskjacq6eMstu+mcrH12Xkd/H5////2wBDAAcHBwcHBwwHBwwSDAwMEhgSEhISGB4YGBgYGB4kHh4eHh4eJCQkJCQkJCQsLCwsLCwzMzMzMzk5OTk5OTk5OTn/2wBDAQkJCQ8ODxkODhk8KSEpPDw8PDw8PDw8PDw8PDw8PDw8PDw8PDw8PDw8PDw8PDw8PDw8PDw8PDw8PDw8PDw8PDz/wAARCAPAA8ADASIAAhEBAxEB/8QAHwAAAQUBAQEBAQEAAAAAAAAAAAECAwQFBgcICQoL/8QAtRAAAgEDAwIEAwUFBAQAAAF9AQIDAAQRBRIhMUEGE1FhByJxFDKBkaEII0KxwRVS0fAkM2JyggkKFhcYGRolJicoKSo0NTY3ODk6Q0RFRkdISUpTVFVWV1hZWmNkZWZnaGlqc3R1dnd4eXqDhIWGh4iJipKTlJWWl5iZmqKjpKWmp6ipqrKztLW2t7i5usLDxMXGx8jJytLT1NXW19jZ2uHi4+Tl5ufo6erx8vP09fb3+Pn6/8QAHwEAAwEBAQEBAQEBAQAAAAAAAAECAwQFBgcICQoL/8QAtREAAgECBAQDBAcFBAQAAQJ3AAECAxEEBSExBhJBUQdhcRMiMoEIFEKRobHBCSMzUvAVYnLRChYkNOEl8RcYGRomJygpKjU2Nzg5OkNERUZHSElKU1RVVldYWVpjZGVmZ2hpanN0dXZ3eHl6goOEhYaHiImKkpOUlZaXmJmaoqOkpaanqKmqsrO0tba3uLm6wsPExcbHyMnK0tPU1dbX2Nna4uPk5ebn6Onq8vP09fb3+Pn6/9oADAMBAAIRAxEAPwDwccUUUlMoM9qXNNooEPzSZptJkUAL70maM0nvQAtIaB7UtACUtJ7UnNAC0UlGe1IB1Gab2pRQAoNGaKQ9aAFzRSYpaAEPPSlopuaAHUU3vTqAEzS0g6UtABTs02igAzRmik/CgBaUUlLSEBpO9LmkoATrxRScUUwENJn0o96TrQMCaXrTe1HagBaTOKDSd+KADmj29KO9HegYdRSZpaSgBDS5Jo9KT6Uhi0nSl68UZ70AHrmkzS5GMigcmgAPrTqb34pw9qBAKWjg0UxC+9KCaWm80AOFOpopwpAiVOafjFIuMVJjikUAOKnQ1WHvUqGkxo0Im7VuWcjBhiueibmtu15I5xWU0aRPWPD0yLtY4yK9itL4eUrE8Yr590m4aArj5q9t0EpeWg3cY7V581JSvE3lyuOp0E9zEY85FcDrsQmtXrt5rABfkrmNRhIjZG7itY1Jqfvoyio20PnXU49srCuckFdnrsJS4b61yEqmutMlmfIO1VXFXmQ1XaI1aZDKLCozVwwMaabdqq5NijTDkfjWgbVj2pBZv2GadwM2jB71rLp8h7VKNMkP8JpcwWMPB6UEc10SaRMf4DVmPw9dycpGfyo5kOxymDTgjGu1j8KXzcCI1oReDL8/wGlzoOVnngialWFvSvUY/A96eq4rQi8BTn73FS6sR8jPIVt36EVL9lfOcV7TH4DUH52q/H4GtV+8an28R+zZ4YLNyelSLZSHsa98j8Gaep+YZq+nhbTIxylT7dFeyZ8+JYSnGFNW00u4boh/KvoGHQ9MH3EBq9HpVmv3YxSeIQ/ZHz9Hod43Ajb8qvxeGr9/+WZr3j7HDHyFAqZEjP3QBUOuV7M8Si8Kagf4CK1IPCV6DkjFettHznFLwflNZusylBHB2nheVMF2rr9O0mK2YPnpWkvHSn8nisKkm0aRR2thNC0CrwMikvLOPbvSuds/PK7UHIq3Lc3wAhYDiodVOHLJEOnaV0zivENsPLfjpXjF+oVyK931kNIj57ivENUTbKw967qMrwREtzmJRzVKQVoSiqMgrZEMpNVdqsOKgbrWiIZEajP96pDUZyaokYaZTj7U0+tMBvUUnelNHWgGJ9aTNLz3pD1piE+lHbGKDxxQetAgpOKOccUtADe1GKX6UnuKANSjikpDTAdmkpM0exoAPpRxSdqdQAUhpaKAEwKOOtLTfegA70tFJQAntSZpTSUAOyBSGjPpQfWgBfpR1pueaXmkA7ik9qOlFABxSd6WigAzS03mkoEO9qUGminUAApD6UdqO/NAC4pM80uaTPrQAvaloooADRSGgdqAGk/rS0hpuMDigANJxRSE0DDNGcmko70wDnNL06U3oKMmkMUHvRzmkHtRzQIXPpSikNGecUDFHHFHekxS9eaBXEwKMUHFB45pDuFANHSigYU7pzTQKXr+FMTFxTu9JmgH9aBC9qUdKT6U6gAGKcKbxigUAWFp+eMVXBp+41LKJR71ItQg1MvtSYIsxnBrTt3ORisxK0IDg1mzRM7XSJisi5Ne0+HrzaNoPUV4NYP8wOa9W8NXTGZEYcHvXDXi+h0Raa1PV4r1SCrnpWBqcizN8vSugWyiZMjqaxL+yZAWA4qJ86SciKfLzM8l8Q6O0jl4xnNcI+iXBbhTXussaHrzVRIYC2AgqliOho6XU8VHhy6b+A1MnhO6f+E17ksEQ/hFO8tFPYVr7ZkOmjxiPwXcHqKvR+B3P3q9ZzEOpH51EZoF6uv50e1kLkR53F4Fix85q/F4JsV+9XYNf2aD5pBVV9W05DkyilzyY+VGMnhLTU421bTw7pqf8swadJ4h0xD9+qzeK9MTvmj32LQvR6VYKcCIcVbWztk4VAPwrmH8ZadGSVGaz5fHtsD8iCnyTYXid8Io16KKaF5z0rzWT4g/3FFZk/j+5b7mBR7GQc8T1sr70jPHEMlsV4lL44vm6Nisi58V383WQ0/YSD2iPfDd2ueZB+dSi7tAMmRfzr5pbXrsn/WH86b/AG7dHgyH86aw7E6qPpB9VsIz80q1Tm8QaWowZAa+d31adurGoDqMrdWq/q5PtT33/hJtJhPyHNRSeNdPT7orwQ3jnnNN+1Mepqlh0J1We4SeObfsuaoyeOyP9WoFePee3rTxKTVKjEXtGeov43vG6YFVz4tv3PDYrz1ZDVyJyaTprsPmZ3cXiK/Y8yGt+x124ZgJGyK85gbpmty2fBGKwnFGsWfQfh6+hZMk7jiuqeGC6XcOvqK8b8LTu0wjHQivRibu1XemSCK5lU5LxkroJwvqnqZ2r2yqpA+leFa7B5dww9690u3leD951615B4nixMT61rhZXiE0eczLg1nyDtWtMOTWZKK7EZMz3qu1WpKrsOea0RDK5xUZ54qU81GcUyRn1ph4HFP+tNPNMBmeabmnGkIJpgJ1pDTsdjRxjBpiGdqTmnc8UuD3oAYKO1Owe9LgmgQwZo6dacBxRigC/wBqM0tNpgLSZ4o/pTc4oAU9qdTR60tAC9qORScUc0AKaKTmjNABRSZpM80AGaTOaKOtABz0oozS9eKAEpc80mKXFABmlJpM0UAFOptFIQucdaPrSUdqAFyetOphNKDQAuaWm+1OoAQUZpaSgB1FN7UooAWiimHFAB9abxmlPtSUAIT6U3GTSnOaQ+opjDOOlJnrR9OKaT6UALnjik96Mik7UAOzg4oB9aKaOOKAHmlHWmil5pAKKdTeB1petABR1pfam0gF4xzSY4pQKO1MAGKWk+tL79qAClFJ9aXrQAuaUdKaKM0APHNHvSCn0gCne1IM07HekUOFTKahHanrSAto1XYmrOU1cjNS0UjoLIncCK9S8P3W3bz0rye1fBFdxo87q48vvXLWWh0Uz3y1vyFUt0Iqe7u0liKrzkVn6FsubVTL1ArWnslxlOlcqVTkdthS5ObU4O6nWCMse1cRdeJHiYhDiu51y2xbyqByBXhGoF1lYH1rWlRVrsudTsdPL4suj0as2XxTdn+M1x8kjCqjymupQRg5M6uTxNdnPzmqEniG6I++fzrmHkaqrOc1ooInmOhk1u5b+M1VfVZj1c1gFiTUZJquRE3ZtPqMn941Wa/c8ZrLOabyM1XKFy+16571Abpj3qtj1oxTsIlM7HnNNMrGoxz1oxRYQ7zG7U0sxoFLgjk807ANyfWgZNOHPWlHNADSDSgEU7HNOxQA3rUig0gFOBpDHrUy1EPepVpMZYSrsXWqKVciPNQ0UjXgrbtqw4DWzbnFc8jVHp/g7b9rXdXtQWOWPaa+d9DunguFKdc17LDc3TRiRQcYzXM6nJLVXTHKHMrlnULVFHP3a8c8X2wXDp0r1SW7ll3AgjI715/4li3WG4joajDSTnLl2Kkmoq54xMtZkorXuQAxFZcoFegjFma4qswz0q64qswzWiIZWYVERU7CoyKolkPamEdqmIxTMc5qgIiM0m3JzUmKQ9aAGEGkAqTOKT2piGYyaMU40mPzoAbj+GkwKf1NJigBNtLilwOKCKALNJ2pelFMQh55o780c0nfmgBeKB1o4xR0NADqKKbmgQvbiik5pCe1Aw7UmPWk9jS8YoACaT2oOaO1AC9qQelHXg0UAOo69qTilPNAgo6cUvakoAdTaUikpAH0pKKOaAFzSc4oozQAuadTeKTigBRTqb70vvQA6jApo9adQAU04FKAaKAGdTQcUp7UnU0AN+tNOAad3pMUxjeBSZ7U7ANJgDmgBp55ooI5oxQAHkUUYxQetADh70vtTe/PWlxSAUc0o60n1pR1zQAtAoGT0pfYUAHej2FO460gFACc0m3tTsc5oxQA3ApPanY7GlFADetOzRxRigBynipKYox7VIKQ0SKMiilTpSUhgemKUUnUZpRk0gJ1qynWqi1bjoZSNS3Zsiu10aXbIuTg1xUB5GK6jT3GR61z1FdG0Hqe56LcyeVgdq6yLUCY8OpBrgPDEj7wsh+U16WbaKRMLXFGE7vlZVVxuro5LUAJy+7+IV4Prlt5Vy496+h7+3MfJrxfxVbbJ2Yd66MO3az3Jlboeaypis+Ra15l61nSLXUjNmbIMVUatCRTVJxVohlYimHjrUpFRn1qhDCOMik9qfzTcY/GmIb9KSpMUhFADMUcUoFLtoAZ2pacKXGaAG/SjA607b6UuDQAnGKdRgUuPWgBBTgKMdqUUAOFSioxTxSYywtW4+tVFq1H1qGUjVgNbEBrHhrXgrCZrE6bS5As6k+tfQmlXEL2idOQK+cbM4cV7JoryvZptzwK5JycGpI15VJWZ2F3ZxlC6V57r1t5lhMB/DXUyXtx5YjcEYPNZd4nm20ynnIqIzi53irCjFqNmfOV4hWQisqQV0epx7J2HvWDIorviZMzXFVXFX5BVVhWqM2U2FRH0qywqIiqJICKaQT+NTEU01QEODSFeKlwaTGKBEW3mjb6VIRSYpiuR7fWk25NS45pMZNAEeBSbQKk6UEc0DuMxShecU/2ox6UxXHY9aDRigUwExRnNIeeadQAgoBNHPagUhC0nI60d8UdaAAkUhpMUZoGJ7mkPFHejmgBRnqaUim9KUZoAX6UuKQUtAgp1J9aTNADqaM0dOlIKQDsdqQ/zoz6Ue9AC49KSjNBoASkpe9IMUALQDSc0A+lADuvSjp/Sko5oAXOaBig9OKXp1oELSE0HkUZ9aAEPFJj0qSmj2oGNx3pCKcRmkoAbjtTepp/fikI9OtADcZHPam4p/tRgdvrQMYFNGOcU4DjPSjHJoAaAc07Bp6r8vNIR+lACDqc0DkelKAc0oB5NAWADjIpQCenU09QegqdbZ25AxSuFisAenpR2ro00eSa2a6fCiMdO7H2rPhsJZydowAMnufwFLmRXKzNxmnKjN90fjWu2lTxAOV8xT02/wBaqtAxOCfw6UcyYcrKjIo+6ct3PaozWitnuVi7hT2571RwAdpBznFMVhmKOelTFVAwvOOtNVN3zdhQIQCnY7GnYCjnrTQMUDJEbikzzSZ7UUhj6B1pKVRQBKtWVqFRVhRmkBahcg10+nyDcM1zEaZNblopBHNZzRrFnsOg3DFkRGzmvS7aW4jI5yK8Q0Iy+arRnGCK94050ngUv1xXnTg+dcrsbza5dUUb+dphtNeaeKrcGLf3Fet3VipUstebeJoc2hYdutb0YTi3zGd4taHh9wuGNZ0grWuhhzWVIa7EZMoSCqLjvV+Q1TcVSRLKpFR44qdhUZFXYVyIikqTFNxTsIZilpcUoHFFgGe1JgCn4pStFhEfHelxT9tGKLAMApcU7FLtosAwZFL25p+3NG2iwXG4op+2gLRYdwANPB7UgFPC0rDuSrVuOqqrVuOpaGjRhNbEB6VkQVrwjFYSRrE27Q4YV7p4TuIjYqD1HWvCLbgivVPC0jlSi1yVbr3ka2urHpc9pFOpZcZrmLiFU8xD1xV03dxCrRnjPSs2aTeAxPJFZc0ZTTSswhFpM8H12PZdyD3NcvIK7PxEn+mP9a5CVa9CKMpGc4qo4q+61Vda2SM2UmFRFatFajIq7EXK5FMK1YK00rTsK5Bim4xxU23FGM0WC5XwaXFS4oxTsBDtzSban20baLCIcUbam20badguQbTS7amxRtosBW7U6kpM0hiUc5o+tL9KQADxR9KBgcUdqBC0006mmgBCBSYpSDSUDCk+tFLxQAlL7UUZNAhRxxR7Ug9KPegBQe1LkUmKTNADh6mjOaZS0AHA5NLSUmaQD+1J9aSg0AFBznik60d6ADtRnNJSj2oAXpyaXNJmk9xQIWnU0enenAcZoAAeKdTM0tADqQ4pBwKXjFAxaTGaOKUCgBoXFJjnNPIpD7UAMINGOc1KEz0FaNhplzqFwIIV57k9APUmk2NK5l44qa2s57qQR26M7HsBXpFv4YtrcJ5Mu6QH5pSuVGewHc10EpsrdnW2QFmXa2MKAMYycd6ydVdDVUu55lFoVxK5QMpZeqqcn/AVqQaNaxEEwtMT0weAfetWWRHJgsh5aEYZxwx9h6CpobZo4/LiKLnHLOM8eg6VLmy1BEC6b8qbVXjOSEHAPbn0q8dKtFy84jfHGcAHHrTTCQ485Q3ctu/LgcUxY1I8wGMk/l7nmouyrEi6VpckpZkA6YKLxU76PHDiW2hSXoAN3THsarTzokW0lQBydv8AiKjj1uOFMbm47beKWo9DVvIpDZeQo8gyAAkD06isq0Se2BNpGZGJ5Jw35e1QDxGsLsXjJB7BSv8AjR/wlk0YOyzwT68cflT5ZC5kaDXDlgLy08tRg7lG18n6VUv9Ogv2E8QLS5HzkYO334x+NLZeJYjIvnxldx6g5P610kE1jLiRrjPORxtB9iOadmgumcNd6K0MRZg2N2c4yemf06e9c1cQCOQlBkt/KvY9TvYoLYE+WWduF4AwBjj1rAuNTgmIjMSlDjPy8cU4yYnBHmsdlM8hCjCA/eNKwKkogOB3Nd3P/ZGouVQhGHHykjHbjtVSbw28kjyW827JzirVTuQ6fY4oFl6j86SQKSCvANdJJpd3EpjYq/Yb+M/SseaxuY3IaFl/DI/OrUkyHFoolcHFGD0qcIxBBHIBPNRHk1QhAKeKQU8CgCaOraCqigCrcdFhFiMkGte2lIIBrLQCtOBRxilKJcWdxo1wFYc4r13TLmUW6sM8V4hp3zSKB1r27wvtEWyXmvNxEOx1KXunQHUHMewjBPrXI6xH51nKvsTXezW0cq7l61yV7FzJEe4NEOeM0pMzi4taHzlf5WVhWLJXTa3D5V26+5rm3FehEyZTYVWYVcaq7itEiGVCtR49KsMKYRVWJINvFJtqXFJjmnYVyLbRtqXFGKdgI9tGPWpcUYosIjC80bakxS4osFyPbRtqWkxTsFxm2jFSYpcUWC5FtoxU2KaRSsFxgFOApcU4VNhj1q0lV1qylS0UjQhGK1oayoa1YaykjWLNi3PSvVvBcqbyr+leTwV3nhmYxXC4rjq6K6Noq+h7PLbQ3S5GM1ymoQeU+PStUXM0J3KOCKx7+aRwS/WuWdSMpRaVmEItXV9Dx7xJHi5Y+9cTKteieIky5auCmXBr04bGUzMcVVcVekFVXFbpGTKTLUZFWGFREVZLIStMIqY03FVYRCRSYGKlIpuKLCIyKTFSYpMUWC42jFOxS4p2C4wijFOxRiiwhmKMetSYoI4p2Az6bzRQfSsiw5oFApPegBc0ZozQKBCmm9OlKKTtQAEmm04+1NpgHFAoJpD1wKBi54o70n1ooAdmkJ9KQnHSjFAC5zzTc+tKSaQ0CF54ozSc9aDyaLALmlzTTRmkAucUE4poNHvQAvSjPNIcGjpxQA7OKXPFMz7UuSM0AL24pRnpTenFOzSAXNAJpop3HWgQvWgZpBS5oAM88U4AYqPIzxS0DHHk5FO7CmDPX1pRQA/HNSRQS3DhIlLMewrR0vTJNQkwx2IOrGuojltNN/0fS18yXPLt/OolK2hcYXINO0EW8S3V/wDeJ+WMck11Svb2kRUAQxqdzKvU+xb2rl5L2RDsVy0xOXkPOPZayL28wgiTLM3IBPr0/wAayactzZWWx0z65GFZ5G2RR8gL69hWDJq51BwAwt4s5+Y9T71zd3KUPlD5ipyT2z/9aqDEsTn8M1apomU2em2mv6Zap5E0izEdCIxj/wCvSvrOm3QxDarwfvBOc/ga86twVO7qa0BezRHLOW2/dXPyj60nTQKbPQkuY5QQkbbvVRtGapyxSFQS6qVzgE5/QVxUNxPK3mTOdx5GT8v4+1a1rcBpAI4Y1cdeM5P49KlwsUpGkyqpz5wIPYL/AI1XnaZQB5/HswH6Vtrd2uf34jye3lZ6fQUeXpUwI2wDqRvBFTew7XOWZLklv3jsB1wf/wBdM+3zhBBE2QT/AB9K6P7PAjkx+UmV/hz0qjcW0DPgKC3+yccH61amJxKP2B7v99EFiIx8y5wfwqxD59k4jM6Nnrwcj68VMLABWRZCAQATvPGPwp7WTYCh0YDqQQT+PFNzQuVlye4lkxL5sUpHAGOgqQSMysHKpnoO2PfFZ8UeNqsfkXOcAc+tTWtjIkckkcyvGV2+W+DwT69RioKH/YZ24X5lOT8rZGPqOau2+nSqMwsEPs3b059frWR5E0DbB80Rwo5ODx19qnaGeJiIpH+VuQw5z6/ShjRrSxQojJdq2wcEE7gSOhwORSJZwvb7LKYja3Cg88+gNVotXnt5NrESE8crz/OtVNThKb/Lj3ZyTgqcip1HdGAbOKQuksDbsDDHgfXPvXPvZFoAI0IIfaSOf1r0INZXJ5ZgScnByfwx/hVeW3jt5FEeSnr3z1yaam0JwTPO5LSSNmUqRtqBVxXc313ESygdc9R1+nrXIyKC/FbQlcxnGxCBVhKjAqVRWtjMtKfStG3fBFZqir0PWhoaZ1Ng6hwWr1vw7cMrjByDXi1q/wAwBr1PwzuSVHY5FedioXR1U3oeli7mQsqqSPWsaVyz5ccmutjWGaPC1halbiDD+prCFOUXGV7oUZrVWPAfFdv5d85Hc1w8len+NYcXO/sRXmUnFepEykU2qBqsNVdq1RmyEioyKlNMqkQRmkxTyKTpVCEpCOKdRigBvNAFOopgNxRinYoxSEN60uOadQKAuJjtSgU6loC43FGKfSYoGMxTgKMUopMY5etWEqAVOlQykaENasNZMJ6VqQ1lJGsWbEBrtfDkireJnpmuHhPSum0mTZMpHrXJVWjNoH0DGkE0QXisPVrUIue2KZb3EqQLKmT0zTL67knXkYGK4Z1YyjZrVDjBqWj0PLfECg9K88uF5r0XWwTmuBuF5NepT2Mp7mPIKqOKvSCqjiuiJkymwqIirDCoiKtEEBBphFTEcVGaoQzFNxTzTTQIbSAU72pMUwExRilo5oASjFLRQAlGDS0dKAMr2NFFIayLDpQaTPNLQAcYo60UUAL1pDS0lACUHrS5pDTAQ8Unal7cUmaADHNHbNHtR7UAHWjFGfSigBCR2o60Y9KCD2oEJzSkYoxzR9aAD60mPSlpPpSAWkz2NHvR3xQA6kpuRQc0AL70g6Umc0ZxwKAF70vtTTzS5wc0AKT2pe2KYTUlACg5ozg033owaAFJ9aXvmm470vOaAHCrNrEZpQnbufSq21vwraslWKHeevX/AAqWOKuzUMm2IWtuNo/iqvNOtsP3XVuNx71WM5C56Fv85qjJI276AfrUJGty6WCrls8559az5Jm85pjwf/rVJIwDLGBx0z9abJEZCyj61SQmVgCQGPPGDUBXYdpHBq1EpA2tU8UIyNvQmncCKAZJXvkVE49e1a89nNZJFdkbo3+Un+6w7H61QO1snGc9qm9wsQEEj1qZGPAJ27ehoZDxkf8A1qAGBx3FAGnDe3MHzAlsH7ysf5VoDV/MYb2ETH+LaCOfWsNcqcheKkDvn5ORipaRSZ0AudRHzgLIo6FCMGrInuXH71M8A4YDv6Vi200iOCVwD6VrSzMpVQx+UY9eazaLWo9pNoPBQH24prXC5HlkEdzt/wADSNfSOAsoDAjFVzJBjcY8UWBky3YwRIqY7EZBp8V5FE2/a4JP94H8OlZxuYk42g+1VWuoieUwKpIVzpm1WWXakM4XaOhUc1Eb6yibzZA2SeX5x78Vzn2qHfhhuGfoKnYxuAIXMZPY8g/jT5Bcxrz6hG8pEKBvTC5P555qo064ZYW8uUH5i3CfpVBWMLeYy7SON6c4FTuuIzcPKME44ycinyoVy7AZfNDTysP9yuv07JB86Qnbjbu78Z61xEaJMqiNt6qCV7EH/CrtpeX9oyAjKqcFW7jsR6VMo3KjI2NZxGfPt1Co3zeuDjvXFhg+DjB713pKXNp5a4KuwC5/hPofY1xs9vJHIwkTYQenb8Kuj2Iq9ysFX61IFXsfzoxinY9a6LGI9atRcGqwqeM80mCNy2ZcjNehaHOcqEPevNLc8iu10QMZVYHGCK5K8bo6aTParaW4jO5BximXtzJMgLjvWppckUlsqnriodTtQkRdelecqclFST0L5k5WaPJPGsIaJZBXj83U17f4rj8zT9w7V4jcDDGvVp7GM9yi1QNU7VA1bIzZCaZTzTDVohjaSlNNNMQtFFFABS0lLQISiiigBaWm06gBadTeKdQA6m04UhpjG0CloqWMcKmSoRUy1DKRdirUhNZUJrUhNZyNImvAa6HTWAlUn1rnITW5ZnDiuaotDeJ9BaUIHtExg5UVFqFmEjLL0rD0e4f7Cu3qorUm1B5YxER9a8+U4uDjJaofJJSujy/W0wzCuAuV5Nej64Msxrz26HzGvRou8UZz3MKUVTcVoTCqL9a6YmTKjDmoSKsPUDVojMiIqMipTURqhDDTacabmmITFJSk5pM0AFFJmjNAC0U3NGaAHUlNzRmgDM7UlLxnFFZFiDmjtRzQOeKYCetLzmjig0AA68UcUY5pDmgAzmjpRzRmgBCc+1JS57Ug64NAAfWgCig0AFHJpPegHmgBaP50UnGKBBzik7UuaKAExR3pfrTelIBD6igcUppPpQAUc9aT3NJnimgF9M0mfSgn0ptAD80n1pOnJpSfzoAd0pR04qPJIyakXqMUATKpbkU0itjR44prnyZjgPwD6VY1jS2sJEYcq4yD2z3qObWxSjpc5803vmpT1OaQimIRUyNxPFbEoMcSpnkgVmwYEgB+6eDWpOrbwCOlKRUSrISzbs9MD8Ka68lgO1DJ94U9QMfNnHtUlFWRsYK9RWzbIl5F5wbDDg1TntSyBoBn1PrUFq1zbOdqnafvKehx2oA2/sQX94Tjb14yDR9it9xUZ9VweP8AEUz+0pIv3YXcMcfjT7R5LmQfNsUdc9vxqHcpGms0htWtpCGQn+Ksl7N0bcnzIf4gOn1rZQGdvKgUuPWtG20i7Q5ToeoxxWTqKO5qqbkcstodxOST+dOa2c9V5/Wu6GiTON3lfXHH86sQ6TEj4kt5h6/LnNQ8SjRYdnB2+lTTNu2kL0z61ojRDjoeeuRXoSWQOBFaTk+4Cr+pqzLpN5Kojl2xIeqpyxHoW/wrCWKNVh0ebw6aYxti57s3Yf8A16VrWRnO0gdunWvRTpaxRiOJAqr0ArInsCpLAYNEcRcboWOElgK54wR6GsmQ7WO8HNdxcWW/nHTvWHd2RXOea6YVEzCdJ9Dm3kA7VEWQ/d6mrE1vsPy9PeqRVgcd66E7nM0yYqmCRwR2BoUqOhIquDzyM0/djrVWFcuqoHOc09ZLheCMp3K1nHGeOM09ZZ0P7tjQFzUVHjAmgYY6kCtuAxXQLTnCbclkOcHoOK5+1vwh2ToAO9bdqIJXLWcgVj1B9u9JopM1ra1eNkWJhJGCAR6rnkn9K3NZ0q4uLFZAgBi3Z4wSM9f8K0tJgub7ba+XG543SocAjr0HetbVr60Vm01DuwMFs9T0IrDmakW1dHi5XBx6UVcvLWS1naNxjBqmRiu9M5WgFTJVcNUiMKTBGrAcEV1mkTbZQAcVx0LDIroNPG+RQOK56y0Nqb1PdtJedrdWTkitG8uZ5E2OCBiqHhWRI7cI3NdNfW6SxF19K8n2b5ZOLNnP3ldHm2tR+bpsg9q8FuxtkI96+hrxN9rLH6A18/6mmyd19Ca9Oi7xTMqm5jvUDVK5qBjXSjFjCaYaCccVGTVIkU0UzNNzVCJM0ZqMEUbqAJM0tRbqNwoAloFR5FLnNAD8ilzUWfWlzQKxLmlzUWcUuaB2Jg1BNRZozQA/NLmosilzSYyXNSg1XBqQGoZSL8ZrThaseNq0YWqJFxN2Bq27RsMDXPQnpW1bHkVzTN4nu3hfyJLFS2M1s3OnLjfF+VcT4YnItzHXXrqLojRsMntXBKcNYyRUoyvzRPP/ABBBtJrzC8GGIr13XSJQW9a8l1AbXNdWGfuImaMGU1Qc1cmOTVCQ12xZgyuxqFjTnPNQMa0TIYE1ETQzVCzVVxDiaaTTC1M3d6LiJScUm7NRbqQtTuFiXNJuqPd3pu6gVibcKTNRlsU0tRcCXdS5qHdSbqdwK9JTsCjtWZYlJ/Kg0nXrQAUZOKU8UnHagBc0nXmjFFACUe1LRQAmKMUe1GKQB3paPakzgc0CA/pTe+Kf1FN6UwE560tGM9KKAGkUoox3pM9hQAvbNJ2xS44pvT6UgG5xzS9+KO1NNMAOOgpMUYoz2oAMUvTj86SgccUAGe1H0o96BQAo96cKj+lOUnNAGhaTGKZXHY16Csa6rpstpJy4XzISfUdRXmanBrqdIvmI8gnBzkH0NZTj1NIPoYEiMrEMMY4NR+9dHf2huJjJBjzG6r0DfT39q58xsjFJBtYdjTTuJqxLEvBB78/hWgxLkbuq8VUQfvAvYgYxVnK4yDQxoiYEH1zUtqAJAG+72pow3yLUqjaeRg/oaljL/lqmB0I5B7fSqr3UwbYfw4qIuM7QxApqpn5skkn5eOtIZorEko826GAB0B5rX07SHvCpC7I+yj+tSaTpb3k6tKMqvPtmvU7K0jt0Uba4cRiOXRHbQw99WZ2maFDboAq811VvYQxrgKPxqSIBavR8815kpuT1PQUFFFR7dOmAKckIHTmr21SMimAc8VFh3IhGR1/SldFIqUkdzimqygcnpTsIpvEpBGKy7m0GMCt1yOprOk+d8jpVxdhM5aexYfNiueu7Xceld7dKCCp6CueuId3QV005mUonAXVgTkFfxrn7ixYcgEV6NcW+axrm2wDx1rsp1TlqUjz94WHGOlQnd0IrpZ7TrxWTLauh3LXZGdzklCxm7vSnhqleP1GKavsQD6GrIHrIcfMhrasGtVkWSWJvUEHFY4E56AHPPy4qxEXRwWBz+eKATPR4PEos7UwaRGIWyQ7H5mAPQj+XtWZb/a31ASW6NPJLnMaLjp1JPv61j206iQNtwT/CBx/9euoTUbq1CG1wPM+9j74HoCO1ZSVtjRMr+IrGQIl8qkBh8w9PY+4rkfmbmvU5LGbWtLaOWVAyDejHgFT1JI4yD1ryu7VLeZokbeFONw6H6VdKd1YzqR1uMLUB8VWLUgatWzOxqxTYIrfsbkK4Oa5BHNa9nJlgKxqPQ1ge/wDheZ5FwrA8V20s92kOxhgetea+B5FhkU5zur2KRY7iEgeleS6fM5WepvKdrXRwUvzGRT3FeCeII/LvZB7mvoCcBLpozXh3i2LZqEnua7sK/cRnVWpw7mq7GppDVdjXYmYMYTURNKxxUZNUmSG6m5ozS1VxCc0uaQn0paLgABNTrETSIKsrTEIsAp/kqKkBozQIrGMCoWXFXGqFwKAKuaXdSPxUO6i5RPuo3VX30u+lcCfdSg1CGoBpNjLAapFaqoapVapuMvo1X4W5rKRqvQtUSLib8DdK27ZuRXOwN0rbt25Fc02bxPY/BgR92/2r0Gezjcb4xzXkfhS6eObaOhFelwaiYmCOeo4Bri5oczjNFzjLSUTl9WtiAVNeP6uNkrCvbtXkWQByOTXi3iAbbhvrWmFfuimcjK3NUXNW5jWe5rvTMGiBzzVZmqSQ1VZq1TIaBmqJm9KaxqImnckeWphY9qZupnNO4Eu6k3Coskc0hOelFxEu6jdUOfSkzzxTuFibdzSbqi3cUzJouBYDdqaWFRZ4FIc0XAtUzinGm9KQxvagDtSn2pOaACjFFGKAEzRS4ooAbS96OKT2NIB1JQOlHtQAcGg0tN4oEFIfSlpv0pgLSDmk6DNGf1oAdkdaQmg+1Gcn6UAJ29aDTqTqOKQDOnWm+9ObmkpgIab70vTrQR+VACYzS5FJ1NFAC5GaXvjtTffril5NAB3o/SkPPAoOR0pgPBI69KvW0vlyLIOmcGqINSI+04xkGlYaZ05YNkbtpHzA/wBasQ6hBcEw6lGsoxw3Q/gazozvgSQH7owfXFU5IiGKjkf55FZWNLnVNollIvnWc5X+6Dzj2qomnpGSk0u5fYf1rGgup4HDIcgDmtTz1ukySEbv6Gos11KTQ544IGPlnH1qu5hlbazAEY61VZiWPOcGhsOPnAz2xTsK4OiKRhgxz9RitPTbZ7iYFuecc1mxIu8sBkL+Wa7bwzEHkBP1rOrLljoaUo3kdzpNgsMQOPaugXA4x0qpHlFGOgFTq2TntXhzd3qezFWReQ5OPSrKuMYrOD+hqRGOc1BZqrJgYpQ2elVI2arAIIx0oJaFJpBjHNNPTAp20igQ1xkYqAoKnwaUKMZpoDLlhZyc9/Sqk1qFQr1PXNbxVfxqhOBjmrixNHMTW6k5xWNcQK2cdq6x4eWLmqEkCgdBiumnMylE4uWyznIrNk07Nd89tG3U4rPlt488Gu2nM5pwPPLjTiAQBWNc2jRjKjGO1enS2aMCCM1iX1gpQnHQV2xV1c45qzPPQuWwMipFkMfToPer00GxtwHtUQt90hRh+XWi5BetrneAYH8tu/dT9a6W0ExkTzThW98j8D/KuGVhG52Ar2we4rqdNvLS5tZLOZdrcGNs9CD/AFFRIqLPVtKhWXRblIhuyrAjpxjp9c14jqAkSYiRdpHGPpXtfh5obbTZZpnAO1ty5ySB1PrkV5DqcAkuXkAOMnbkHJHqaxpu0mVNXRgl6UMT1ppXBp6r0roMrEyn0rTtThhis5BWlbDkVnMqJ6r4RnJnjUHv0r2ljcxpuTowrw/wqiR3KS56EV9CWssVzAE74rzZUlKdr2ZvOTS2OLuQwmBbrXj/AI1i23hb1r3HWIhFIp614/42iy4f2rfCXUeViqO+p5JKOaqMOavSjrVNhXejnZA1RYqYjtUZFWiGMptPIpvWmISnLzTCMU5evNAFleuKsrVZT6VOpqkSyTpRnFFJQIU1E54qSoGIoAryVSY/NVqRqpMctxSZaFzS7qj6UtIZKCaeDUINSj2pASg1IvtUI5qQUmMtIauRHkVQQ1cjPNQy0bdu3Nb1uelc7bnmt63PFc0zaJ6T4RKG8VX6V7DJYwTRAKOccGvBtCnMN0jDsa9ij1CSEq5+6cZrilOMZe+tzScW1eLKOo2bxR7X7V474oi2XBPrXt2oXiXMLeg4rxrxXguD7VWGau1HYmV7K55xL3qhJWhN1rPkrvRkyk9VHq29U2rVMhkRqM05ulRn2qyGN7033px9aZ1piG5xQTmim+1ABmg+tBNJTAM55pCeOaQmigBe1NyaDSdaYF6m80uKQ0gG+9JS80HFACdKB3oxRSAM0vajpR7UANpSKX2pO9AAPejg0nsKSgQuTikzRz0pOppgBPb1pMetGeKOc0AGPSkGaUUvagApAM9KdR2pANzzik5oPWk6UAIaSjjNISaYCZ703nqKcaaTmgA4pc89aOOlAxQAuR1oHHNJ0NFMBc0uOOKb2p2PWgA5pw9aQU4cjNIDQtJGA2Dr1Ge/tV87W+dRjHb0rGQkED8RWojCQ7x2HPvUSRcRw2ZwwIOOM0YTonGfWnM2SPWo2BB9OKkseUCgHOT0FSbMAbupoQheTyx9KUZJy55akBbiRVjJHJNdtoMflgEcE1w8RA256scKK7HTpSqhc9a566vGx0UNz0GJyUXbVrcMcdcVl2T7olHvWigy4z2rxpqzPVi7oUEjrVqF8/eqB8Z4qSBdxOPWoLNaHBwauKuecVTibbgZq8JPlpohjdgHNRE/NUjSL0z9KqPOoOM80WES5GTmmb/QVD5nBIqvJKV4A4NUkMtmTj0rMuLhFPzHpUU90UHpj1rkNU1Uh/l6EfNjsa1p022RKVkat7rMMMO8EZ7VyM/iEscg5/kK5y9u3ZiuSTWVskfj9K9GnQS3OGpWb2OibXZnY7WyKQas75ycEe9YossjLHr6U82wAABxit1FLYx5pHV2usA4R/m9fWtAtFcITHz7HrXA/Z2zlSc+1b9l9pXknp3raErGcrvcq3VmPLkzwORWC2PP2vz8gz68f4129+mYHfHLLz9a466tzEqSjgqoBz+tNklQoCd55jY4Jx0zTI1kg8znlW5x7VpWUUUk6QzYKsDge4/xFVA/leZGD1OeR+hqQOk8O+JZ9NuxMxEitztfp749K6vVLiHXJlktALMYAcA5z24NefWwNkN1zCpV/uuc5U122l3N59sjS4RGj44wMEH37YrKa6ouL6HL6joLWsjPuDDPH0rnmVwdr12Pi/Zb3iwW8wdSoICdAD2z61xoNXBtq7Ino9CVBWjbjBFUE61o2/BFOQkd1oE22QLnHNe6WC3BjSWI9ua8G0RI2kXPGK+h9DuENoiHjjFeZVinNJux0OTUTG1AyvzKcnNec+MYt1ur167rMCrEXWvMPFMfmafu9K0wsXGTixSd4po8MnXmqLCtS4XDEVnsOa9FHOyqwqIirLCoWFWiGQkUmKkNMNMQ3FN6Gn5FMJFMRIrVOrVS3YoEhFAWNMNmn1miY0puWp3FYvsQKqyMBVZp3NQszHk0rgkLK9QdOacetNpFBSZ96XB7UmKQx4p4qMdalGDSAeKlFRVKtJlImWrUZ5qotWU61DKRs256VvW7dK5627Vv23aueZtE6zSWAnTPrXvdtaW9xaKO+BXz9pbATKT617np99FHChHTaK4pyjGS5loXJNrQhvLEwKy44NeReKoWCqx6dK9qvb6OdCsZBwM15P4rZZLfcBjmlh+VTajsGriuY8im6ms+TNac45NZslejEyZReqj1ccVUetUZsrtUZ44qVqiJ9atEjDzTG4p59KjPFMkbz1pOvtTjTeKYDeAaWkOKOtMBKOQaD7daP50ANxng0uMmlpPamBbPWg0d6WkAlNxnil7UgoAMetHWik+lIQvSjNFJ9KAA+9HTmj60n0oAPrTetLkmm5zwKYxaQH1peBSe9AC0gORxRScUCDINPzTaB0oAdTc0ZpBQApzTevSl6nNB4pAMzSd6U+tNxg0wD6UlHNBJPFACHIp2KSl5oAQ4zS0mBwKWgA7UvvSE+lO7UABHNToAUIHJHNQg4HNSodpBzj6UAWIozIpUHleR/WrqAoAo6inxwbh56D5cc/WpVj25kkBUjoD3zWcmaJCIWQZ/hPQVfaGKfOzC7eDz3qqUCJv654x6+gqKZ3jIEfygc1JRO0SRg7zk+1VdnmTbOQuaYrO7bmOcjNK8hVeOuP50WC5agbzbkyDhUGFHpXR2cjFwOlcrZZL4B4NbcE4Vwg6+tZ1EaU3ZnpmnSHaEFb65yK5HRnL4NdUrjNeLWXvHr03oWwOMYqQXEUABPWsDUdSeJxa2/wB4/eb+lYF1qJixGSdx5OPSiFFyCdVROzn1y3hHbcvOP8Ky28TbnxGw57HvXAT3LSFsM3J+tV0hlO0DOOtdSw8UtTldeTZ6QdblkkC9GA/PjFRxaowfEh6n/wDVXMW5cBRIc46HvV8R7pRL6cj61LppGikztopWZQT0xUE0rKCo7c1WsZvl2ueas3duHiJ61h1NuhzWo3Mm0gE5x2riLmds5Zs4rotTZ0J9uwrkmjkm3bmWMD++cE/Qda9HD07rQ4q89bFNmBbdVmBXfiNc89T0pI7RMgOSSfwrqZrrTrawiiMfksjMzMpy7AjGMdgK6uW25z3MKayuI03SPtB9eKo+RO2fLYsfYZ/Wta51oQokEFqFSX94jSHcTyRkdu3NV4dQvJULhQcHnjimoktkcNnc5H3VPT5mAq80eu2sRe2hjlUAk7TuOB7CqoZb2QFI8SE4G3v+FdBpN9NY3McjDIVwSPUdx+VVbsS2YGka1eXupW8eoCM2rSKsoIwAmeefXFaXivTRpd01vuEkW1Srr0ZW5B/KrWqaXNYX0mmWyL5fmO4bHVXOV/IUmr2OqSeHhFcKJNjDa68sqjsfYUnO9gULHDSPtiz2Qg5HXFQMjlvOiYc/MMnr7VYZtibem5dv4jt+NUow8e5duUzgj/CqRLNC3le5cLIx9GUnt7V6bpC/Z0MsjCVY179Rn0ry2EKJx82cDjI/rXeWN3Ndosf3VUDKgYzWVQuBheJ0jN7+5cMn3hgY61zGBmul1i1knvXeNGXdyFPIGBXPMmDj0qqexE1qOU81fhqgoq/DwRVMSOt0afZKFbgV7voSSzWYERzxwa8J0hFeQBq978NXKQwCPqMV5uJjFtXOhN8uhZvBc4xMc4FcZr8e/TH9q9RvIo5oTID2rzrVIy9nMnoDRQg4TavcXNzRPnu7GHNZziti/XbKw96yGr00c7K7VCanYVEwq0QyA0wipTUZFUIjIqMjmpDTTQIYabT8UmKAGHNHenH1pMUAFN9qd2pMUANIzTCMVLgU3HNIZHSYp5waMCgYgqT2qOpBUgSDjinimZp6mkUiZaspVZetWEqWNGrbmugtulc/bV0Nt2rmmbROi08fvVr33SbOB7FM8krXz/ZnDgiva9FvG/s+Ns421x1JKLTkrmji2tC7daaYGLp0Neb+KIG+xMw7GvVX1GOaAL1z1rzTxJg2UwT1pUuVT9zYSb5fePFZxhjWdIK1bj7xrNkFd8TNme9U3GM1ekFU3rVEMqmomqZqhNWiCM008U800+1USRkZpOacc0lMBh4zikz3p5/Wk7cUAM6UnSnmkxTAT60daXilAA4FAFummnUUAMOaQU+m98CgQmeKQ0p9aTqaQC0nTpSClzTASjk9aQ8UnTpQAp96bQfWg9BQMKTpSGjJ6GgQvtS80mfSloAM4FJntSjpQfagApM0nvSnmgBOtJ3oNJQAE800Y704Y6CjFACdDxSdDinYxxRjnNAxOKAadg0dvWgBuO9LT6aR6UANA9aU88UuMmkwc0CFHHFPXB6U3FPC0DOg0uVogcDcGBUKPf0qzNa3eGnkVn2kDj1rGtLmW0cSRHBFdTfas1zH5lvgbwPMT0I9PrWUk7mkWYsMLCdA7ZzlsenNV5TltrcMTVkFhuuiSpBG0D17CqE0n8bHLMfmNJAybKxr94HHpUB3Mdw5Oaqq3zbzVuIkzAKOaoRatmUEr27/AIc1aszvkVm/iNUVfMpA4yDVuwf/AEqNfUis57Fw3PVtOHkwLgYJFaM12LaIynkgcD1NUoDmMKKy9XMsjpbRfXjrk8CvItzS1PXvyxKL3zO/lxjdI55PU1dj02Pyw02Se/NaNp4evbf95LCynGeVxSTiRiVjUtt6noOK6UuiObzZmyJDAMYCiqDuM/IrEewNbcekTzT5dtrYHQZ4PPeodTttMtG23Fzvk67d2cVoo9BN9TLjlAyWIXb1yQK04Ly3H35DgDsrH+QqktxYOENtGq+WMPjOX5z371q2cqNgE4yPwrSdJJXJhUbZRl8R2tk4UxynPcjH863Dq+p3QMOmQq2VyGY5HP5Cs2/txdW01s3zDaWXPYgZGK6bwpaiW2BI+UAKB9BXNU5Ix5ktTePO3ZvQ8+1Cw12QFbuQbuoCED69Ku+HNIhuY7q6mXeYIJHwezdB+Rr0TXNIhlttyDDAdRXCaPqi6VNeWdwMfaozET25I+atsNiPaRcTGrS5Wmc7I3lOzqmWAwBV3Tllhika4iR3nXaWc5ODU0kQ85/L+YIxX8vSn/ZGdepzWvP3M1DXQwptNVUjE8rSCEEKvYA84HtUUaQwKQG4zkj1rZk0y4fIDHHemLojnk85pqqu4nTfYLe+likjktMRyR8qwHI960rKzMjKSc5xyaltdJIPP0robe1WPCjFTKv0Q40erLGso81zaue9uhx742n+Vb2m28UsJjlXKlcHNZchjdoWPGIiOfZ2rZsSAQV5zTUtBONjxHxLoy6bq0tmg/dS/OgPY98Vzi2rLNgk7SMgntXuPjfTFubQXir+8jHB+leO3CjgqcqO/wDIVpGWhlJEMMH79JHIG7jOetdVYXUagpKdr87fSudhtZLmWOMcFgSPatRbU286wgF3b+H+EevPc0pAi/f6tIjCJYQ5YEb8etcjcshf5QBj0rv44LBY1hu5BlugHABA9a4G/SOO5dYn3rk4NOmTMrr1q7EeRWeDVyJq0ZCOo06fy2Br2nwvIbmIiPk14bp5G8A17f4QljgI2d64MVFNanTBu2h2E0V3DFsYnFc7druilU9wa9A3w3SFa47UIwkzxryCKxhTUZpxd0xKd000fOeqx7bhx6E1gOOa7HXYCl3JkfxGuWkSvUiYSKDCoWFWZBiqxrRGbIiKjNSGoz71RIw1Hink02gBKZS0lACUdKUDmkPNABSEU6kpgNppp5pKQEeOPeinU2kxiD6VIKjp4PNSMeOlPFR5zUgpFImWrKdarLVhOtSxo1bfjFdBbE4Ga562xmugt655m0Tesz84r3Xw1axSWCE+nSvBbVsMDXsnhm8b7FgdVrjqtJpyWhrZtNI6W6sPKBKDjrXB+IID9lnB+tehjU0kgw/UnbXDa+y7J9vcdKmCgql49SE5W948IuRhzWZJWvd/fNZUorviQzPkFUnFXpapvWqM2VGqFhxU7VCferJGVHinmkpkjKSl96Q9KYDSAeaO1L0o4pgJRTqXg0wGYpMCn4oA9KAJ8UlTYqNhQBH70EAUuPSk70CENNzSnNHXigBPejBxxR0NHAoAQim06m0DEPNIKXHHpSZ6g0CFopO9OxQA057UvvS4oxTAKbkYxT8UmCOlADcj8KOaXGaDxQAnNJ1pw+lGOKAE2jPFLjuKkA5pwXPSgCIL60oXNThaUJRYCDZmnBKnCUoTvTsK5X28UbKs7ad5dFguU9mRShKt7PSgJRYLlQJTwp7VZCc07ZRYLkAXOK0LZQJFD9CeagC1KuVBx1ocbjUiSVnSQxv8ozwD0571lynbIFc55JyO9XXTzGMjnJA4zTJYIFRZZTg4xjHXisXGxpe5RDM35Vctx85I7d6pNIxHycZ796uwsqDHTFAEkGfNQtzmpLR/LvUY/wB6qyybXBJ4VjUk6Fbnd0z0/Cpl2KT1PWnuTbWkl2FLhBuIHoOtdei4kEunwKArDMh5YgjPfpXlRvnmtrWGJseYTvPsBjH613Hhy6GluHVfMVlKuG7g8Z+o7V58UoN8x6Em5r3TqLjUbvU7ZprxjtxhEB4HI6+vHrXG3LsX8pflGRk+wretir2sh9+AfrWLcxtL7Yz+NCeoculkWdVNxcXz2lnIIQIYyzHgnKDgfWuC+x3N3Y+XBGftSSsH3Dgxleu48cGu3v1hWWOaRc+ZBF+gx/SqpvTsKW6HJrWE7GfJzJXMiwtpbSOVZyiebj5AM44q9YWyrJujfIb+E9KVdPuLhg0hxnsK3rWxES7QMClVrKxdOkY8k6tP9nwQTuU49lz+Vdn4SjeLS4PM4Zxu/PpXOeUv2qSXjKLJ164xxXc6dEsMUUXQIoH5Vw153ikdNOLuzRuog8ZBryXxHpDczRL8ynKn+Y/GvYpAuC1cvqJhlBjYVGHk4yuhzipRszy6whlwZN2EbnBrpbaFGXINY+oFNLcs/ELNyR/CT3+nrVuzn3YMfzA4IxyK9WrG6ujkho7M6BbQY6dae1uvtU9ulzIM+W3rkjA/WpXe2h4lmjU+gO4/kM1w2Z0XRVaNY0yBVXlm+TtT5r22HEaNIfV/kX8up/SsW7uXl+SRvk/urwv/ANf8a1pxZEpGzdXcLyRLAQwiTbuHQknJP0ycVs6dMv3RwM5xXGK3QitixnZZPlPQ5I9q71DQ43I7y8tFvbBlPO5T+dfPF/bmC6vLOTjY3X05r6QsJPMj29iMj8a8b+IVgNM1AXqDKXWCR/tL2rKLs7A1dHNWiC3iinkUsUGT7DNXU2PqFtctkhy0iYPA9BWRpdz9tnFg/wAouP3efTI4/WtdFENjazucbImPP97catk9DF1C5WRd/wA2R0B9e9c+XJOaJbueUkuxNQBvWtoqyMG7k4NW4zVFTVuOhgjdsn2sDXsHg8S3MoMYzgc14zaH5gK9s8CXkVnLh/4xiuOuk9GbwbS0PRmt7qElhkZrGud6tl+fWuzS5gn+Suf1jZENqDO41xukoSUoO6HGbejR4T4mixdMfXmuHkHNeh+KV2zYNefS9TXqQ2MZme4qm45q89UnrdGTIDUZqQ1Ge9USRmm0pppoAbSdKWm9aAFHWkzRR2wKADpSdqWkPHFMBDSdKdTe9JgIaaaceaaTSGFKKZTgRSGSCpBTBnvTxUlIlWrKdarLVhKljRqW/UVvWx6VgW9bluelYTNYm7b9RXs3g22SW2Jb1rxi3PIr1rwncMkLqp561x1mkrs11a0Oyu9M2KTH06iuO1yM7JCe613a6nEYWL9RxXFa64eNyvdelZxUFNOBMXKzUjwm9XEhrHlrbvv9Y1Y0or0EQzPkqi9XpKpSVqjNlVqhb1qZqhNWSRmmGnnmmEUyRKbS0nAoAPrS0nNKKYB3pwFJxTqYhMUYpQaWgC0RTCKsYphFaWArkYphFTkVFjFSBGabT6jPWkwCjrR1pKQAaQ4xTs4ppoATvRS0lMBo4qQCkAGaWgBeOtHalFFACUhHNP7UmDTEIabgdaf7UUAMx3NOAOaUVIo9KAEUe1Shacq1Mq8VVhXIwtPCVMEp4WmK5X2Uu2rG2k207CuQ7aXbUwWnBaLBch20bQam2U7ZTsFyAJShanC0u2iwXIcUu2pdtKFosFyMKO9LIq+WrBdzkkYPSpMUoIUc1MolRZhbdkpUj7tOB6mllOSSOpPFR57Vzmwjnlq10KXUBMg5AHTrWQQTVyyZlZ1zwV/WpY1udFoNn5tyQX3rGPT1r0q2UKAAK4fwmvlzzI33jg16EE2nNeZim+c9TDL3DRswHd42x8yHb9RURt9z5xTIuCGPGOa2IkXaG68Vk6mhpy6la6slmtLeQj7gaP8AAHI/nVBbREPA+tdMqh7Zo/Qhh/WqflRqDUObCMEijFCDnI69KssqRptHUinhX+8RtX1PA/M1UmvLaMlgDOR2Xhfxb/DNTqy9jPkUM4VV+aVxGD6gHLfkBXXRtjFYdlIZ/wDSpiN7ZRFHARc9B9e571NPqMNowRmGe/tUzTdki46K7N25lZLYkHGK4K71BUGXPeti51WKS2YKQc+9eXazqAiLMOfQCujD07syqzSR1zXVnfgIwB4wQe4rjdS046ddBrN2RHPG0kflWTaaymNsgaNvU9K1YblrqeOHO8A5r0ndI4bqWxr6dbzTjM0jt/vEn+dbqWAVC2cGlt7Zo1BAxVppNqkntXBKbbOuMbIoSQELnOSKouhAA6mrc1zkYFZrTjNb0b9TKraxajbjHcVdtWCy+Z+BrIjlG+rsUhWQMDx3+ldxyHqelyEoh/CuQ+KduZNJt7hRny5CPzFbOjTMDs9MfjV/xjbLd+GZtwzsIf6YrllpK5pE+ctEhuBrVrGEIcyIRkY711Pjdo7aztY7YgI8k3T0Dn/GtzUX36BY39ooE0LGIuvUZHFcj41P2ePTdPPWG33N9XOa2WrM5aI4ckjrQGzUYbg56UAmtjnLaNV6Ks+OtCKkxo1bbhhXqHhOQSXCKQcivMbUDcK9U8KmOORHzzkVyYhe6b0z142UwxPGSMCsm7aXI8zk5rqba6VgI37isvWY0RA8fXNcCpRtGUGVGbvZo8Z8ZqFmB9RXmUp5NepeN04jfvXk0pOTXrw2MJldzVVjUzdagatUZshNRmpDUZqySM0w0880lAiOkzT6ZzQAlL7iko6UAL7U2ncU08UwEJoozSHGKQCGmdafTTSGNNKOaTvxThSGSU9eaYMZxTxxUlImX1qylV1FWEqWNGjB1ratz0rEgrag7VhM1Ru2/UV654MtxNuJOMYryG3PIr1TwjcGPeoPbNcda1tTVLsd9daZtJdOhrk9UhYxlf8AZIrtrbUkeM+b1Arl9VdHIdDgEHis0oc8ZQJjzWakeA6iu2ZgfU1hy10Grn/SX/3jXPyV6CIZQkqjJV6SqT1rEzZUaoTU7VCcA1aJIjmmEVIaYRTJI/ajHFL3oxQAnvTh+tAFLimAgIp1Hak6UxCil60nFO60wNCmGn001oIhYVEetTGoTzzUsZEetMPWnE8UxjUgBzRxTcmjOKQDs0U3PNLmgAGaXtmko7UwFA9aB05oo60ALmlz6032pe/NMQ7ig4ptKDQAe9FKPSjGKYAKnUVEvJqyop2ESotTgVGoqwoqrCuIFqULTlFPxTsSRbaNtSYpMU7ARgCnAUCn4p2Abil20uKdQA3Hal204UtAiLFGKeRTcUAIaYwyMD0qQ03pQ0MxnQxkb6jxkbhWpcoZF3DqvArLwSeO1cs42Z0Rd0TWiJLIIm5B/wAKvpEsYYD04/OqdmyxTK5Fa10URsRncSoz7eorGT1NYLQ1fDs2zUTj+Na9NRgVH0ryPS2MV1HKOoNeo28m5BzXn4qN3c78K9LGnFjrWvFeeVAIvLViD1PvWCjZyOlWA4ziuM67Jm0by4XIURj/AICT/WoHluSvzSY9dqgVBC2etWzz16U7sOVGeyBjk5Y+rHP86ga3kkIXrk1qbQTirMEIUbm6mlewWOammNkSh4wOK4n+ydS1m88+6mKw7vuA44r07U4bZ4yZR0rjGZlYpD8qZ7VvSl1RlVV9GSXllaWqBIDt2jBOa4jU4GBMg+b0NdBOjSBgd2Qe9OSwa6txGAScccV0wko6mE05aHCLkHJHNdDozxxz+bLgBatTaHJHy+ARUYsGQjniuhzUkYKDizsk1W1cYDUkt5CwwCK4WaB0+YHpVb7TInU1kqCZp7Zrc6i6lAbGevSqDOe9Z8F3vXbJyM1dzuG4VvCFjOU7kyMcVeilJGT61mIcGrcP3jitDM9G0KQSFCD1rq9bQv4evUH/ADzOK4bw9kSAetdr4ilaLwzeMmdxQAY9TXLU3NInmXhIum+zvE3xSYDKf51xnj8OviO5SUcDAj9kA4rsvC0V2Z1uboeVAi5eR+AAK8/8aagNU1ya/j/1bHCf7o4FbR+IynpE47vinClODSD0rcxLEdaMNZ6CtCKkwNa24Ir0bw1JmdEPcivOLfqK9I8MbVmRj2Irlr7G9M9tSzmKCVDjArKu/PUHzOTXSWl0pRVboRVDWVjMZMZ+avOUI8qlFlxk+azR5N41Xdao1eOS8E17Z4tQtp4J7V4pOPmNevT2MJ7lJqhapmqFq2RkyFqjNSNUZqiSI0008004piEpmPSn0lADDRQaMetADaKWkNACGm9adSUDG4BpuD3pTmjrxSYDetKKTFKopDJBUgplPFSUTLVlKqqasp1qWNGjDWzB2rGh61sQdqwmaxNy2616p4Ot/OkbnGBXlFueRXqPg642TFfUVx1ttTaPkd/e6UykzRenaufv4mXaPauyt79GzHL1Fc9rDoxVozgGsbQUoyiyYuWsZHz/AK0u28kH+0a5ySur8QkNeyEDHNcpJXoxM2UZKovV2SqUlaohlV6gapnqBqtEDTTDTieOab1qhMQ0opMcU4DtTEAFLTqOKYDaaacaTmgQ0U+mGlFAGhmmnrS5ppNaiGNUJ96kY1AxqWMY3WojinMeaZ7CpAXtSfypOhpw5GKBgeelOFN560HmgQ4mkpKMigBR0ozxRSZpgLnnFKDxTfeloEPzS+5pAKWmA4UtIKdTEKvWrKVWXg1bSmDJ0FWVHrVdBzVlapEskAxT+1IPSnVQiPFIaf3oPSgQyiilxQAtLSU6mAlLSUtAhDSU6m0DEPSkpTSUARkA8GqNxAFXevBFaNIQDwaiUblRdjGEhUBl47V0mlaLdX7/ALwbIxgse5HtWDPbkMTjINd/4LnLLJbuSSowPp2rhxClGN0duHtKVmMutL8lg8a4UnArorNyY1J9KsXEiFPKk4/xqpbE4ZO6nP515kpOS1PSUUnobKZIoBKnJPf+dJBnv3pCrFiD3NYNGyZdhckmtFJOB6isiI4OG9aseYdxAqSjUjfcwA61PNcx28e9+lZkMqgFj2rndW1IyN5aHnsOwFNR5nYmUrIs3+qNckRRDgnBot9PMmGdsL1JNVLBEbLzYwOeabc6qJZCqnbEnHpxW6jbRGV76s1jNZwfKkfmN61UvdRnWIC3VYvXH+fes6O7lmX/AEaFpMHGQD+dKNK1vUXVWAhQ9+pFUkluO99jBunkkzNI5Lcj6YrHmvQjcScjrXow8IW2M3k7Nnkgcc1k3Vroti7wwIrDPU881005rZGE4Pc4WXUnPU7s1VW4ExOByK6O5iimO4KFX1qgbeJf9WK6Tka1KMZwQRWtA56VW8lV5qVDtPFAGgBxmrMJIfPrVKJ9xwe9alvHvkAFNsDvPD8e6WMnjNbnja6az8OFIzh5pFUHOMY5JqLQLbYgkI64xXL/ABL1QRz22mg5CoWI7726CuR+9Oxo9Ectc6hNJpwtp5DIM9WPBY+nsBXn9+244XnFdbqFn9ltIklcfKgOO+481w1w25sCuqnHqc82VORTlHPNGKcBzWpBYjq9FVOOrsdSwRpwda9D8MnMyqe5FeeW/UV6N4Y2rMrHsRXNW2N6Z7pDYs0QYHHFZN8kkYIJroLS5AjQMeCKo60IzHlDzXnSpw5FKL1KjKXNZnm/iUbtLbPavDrgYY17vryltMfNeFXQ+c16tLYyqbme1QtUrVCTxW6MWRNURqVjULVaEMptOJpvbigQnSmninHpTM0AFIfWikNMBCeKTNBpO1AATimk06mcE0gCko+tITikMWlpvSlAoAlpwpoFPHpUjRItWUqsKsp6VLKRowGtiDtWND1rYg7VhM1ibUFel+DoTLc7favM4O1ek+EJvLuh7iuSttqbRPT7jTSn72PPvXN6kkiqB6E12FtqCSZjkNc5rLoRuhPGa5pKClGUGTFy1jI8I8QrtvX+tcpJXX+JCGvXIrkJK9KJDKUlUZOlXZDVKStkZsqvVdqneq5q0QxtNNOptUIWlFMzTxTEPFGKBRTAaaYTTzTCaAGH1pQabSjpQBfJppNFNPTitGIaahNSkVG3NSBA3Wme9SPxURoGOptIeuKUYzmkA7rxSimUE4HFADsU6o8mnL04oELy3WikPTilxxTAMc0vekHrSihCHU6kAIpwqgFFL0o9KWmIVetWUqsvWrKUAWk61ZWqyVZWqRLJRUtRrUlWhDMUhp1FAhlLRiloEFLigUUDEpKdTaBAaSlpKAENJRRQAUUUuKBjcA9a3NBmFtdgrxu4rGFSIxRgw7VnUgpxcWaU58klI9HmtTdyIUbGScj0qIW8tlcbZGDBvTtTNJu0vYkOcSoQD7itm8hLW5I5IOc189NOEuVnvQkpx5kEZKkY5FTMM85qhbyEqAeorRXovvWcjSJEME81JuHPrUb/ACtimp1IqCiQM21q5KRczuzHp1NdScgVkT26u2Mda1pOxnUVzn7vUbgsLa1Und1I7Vuabp0O1Wu/3hHOD0/+vV20so4hkAZNXGCp8xHArSVRbIzjDqzbguII02ouBjGBUb3siHcg+lc9LqaW2dveuZ1DW7iQ7UyAaIQbLlUUTrry/lcHMirj3rh7uW3Vy27efesaWW7kOTnmo1gml5Y1106ajqcs6rkXDdGU+1TKxPWq0cGw1Z24ra5gBNMqTFKF7UxDoeWFdno1m00qjuR1rmbW3LyAeteq+HrHA3nqayqSsioo6iyRIIvMfhY1LH6CvCLyX+3fE9zqs7ZjiyyA9No6V9A3ce3TriCP77ROOPXaeK+dFCafp8u85mk61lQ1bHUMnVtRiuXbaOc1zTkE5FSOdxJPrURrvSscjdxh6UopM80DrQCLKHpV6OqCVejqWNGrb9a9B8Nn9+q+pFee2/Wu98OyBJ0PvXNWehtA+gILIvAvOOBWbqELICc5rSsL5fLRWPBAp2qGJrdtvU1wOEHDmi9SlKSlZnnetLnTpPpXgt7xIRXv2qDOnyg+leB3/wDrW+tejRfuoiotTJc1AxqRzzVZjg5roRiIx4qFjTmNQFuatEi5oJpmaTPpTEPzTaTJpc0AJQaSlpgNpppcelFACU3pTqZyaQAaNuaeBmplSiwXIdhqQRmrKpUoUU+UVyqI8U4IccVa20BaTQ0yuF5qdAadsp4GDUNFplqGteDtWVEtakPFc80axZswdRXpPhCHzroAdhXmkB6V6J4RnMd4mDjNcdbY3iep3OmyRr5kR5xWDqEbrCqntXX21+khMUh5rE1oxshMJHBrllGF4ygyYylrGR4L4kUrdtXHSV2vigj7W1cXIK9SKIZRkqk9XnFU3FaozZScc1AasuKgNWiGQmmHipCKYaoQ3mpBTMetPFAD6TNFHGaYAaYfan0wigRH3xQKD60ZoGXqSlpvNaEjDUZqQ1GaQETYqI9c1K1RmgY33Pegdc0nUc0E4FIAPrSkdqTiloEFAp1HFMA7Uds0cU760AGc0vvSUvSmIcKfUYzTh60wH0tNoFMQ4cGrK1WHWrK0Ay0lWVqslWFqkSydalFRLUoqyQooooAbRTqbQAU6iimAyig0lIApKWm0CCkpaQ0DCnUlLQAUopKUUDNjR7r7LeI5PHQ/SvWolikg3ggg14fuK8ipZPEeq6fDst5cJjoea8/GYR1LSjud2FxPs1ys72a4SG/aBT7itWGQMBXhsesXj3gu5ZCzk5Oa9T0rUVuYFkU9f0rz62HcFqdtLEKT0OqdR1NVhxT1mBUVG7belch13HlwVxVfYC1M34OPWnhjkUyWW02gcUyVQ4I7VGrdc07PQCgCk1hHIORUDaNE5+VeBW/HGWFWkjRRzwKtTaJcUcjJpSgYAxg81nSWSrwK7S58sgnt0rnrp1U8YreE2ZyijDaBVqNosio5rwbvSoDeg/jXZDY5J2JvJq3DbF2Ax2otUNywVR1rrltYrYKOpwKJSsSlch0vTt7gdl6/WvSLZltotsYG88A+grk7J0iXLcAVoQ3fmdTgn+Vc07s1SOrgJfCk5JyP0r5dv7iT7RNHIQSHbOOnWvpjT5MyID3NfLuqZXUrpf8Apq/8zWuFWrMq70M1+vFRGpTzTDXcchEaWl70hpMaJozV2M1RTrV6Ks2WjVgPIrs9CP79QfWuKg612uglRMpPbFc9XY2ge/6fYma1Rs4wKiu4ZI0Kk9KsaReBYFVulXNSkieAkHmvNdODhdPVFc0lKzPPtT/48pR7V4DqP+tb619BX8Ze3kUdxXgOsRmK5dW7GvTofCiKm5gSGq7GpZDVVjXQYsazVCT3oY0xuKtEsM0oPFRDNOBpiJM0uRTB70vfimIdQemaQ0H0pgFN606k47UAJjmlA/OjntUijmiwCqtTqKjHFTrVJEkiingULT6YhMdqMU6loYxMUuKWlHJrOSLRZjrThGazYhWnDWEkaxNODNek+C7Frq9BBwEGTXnEPavSPBl8bW9Cj+MYrjrJW1N436HqNxpJDeYjEH2rDvoJBEVB711lvqCSuYn61j60VETNARnNcFWnBWnTY4SlflkeEeKYWS6yehFcTIK77xXLvmVD1Arg5K9antqZy3KLjNVJBV1hVRxWyRkyi4quwPWrjiq7CrSJKxqPA6VMwqPGaBEdOXFKRigUwHUdaKKAENIeaU800+1AWIiPejBzQaM560FWNHZzQVq35Zo8s07k8pRKVGUrQMdMMWaOYOUzSlRleK0zFUZh9qOYOUzduaTbV/yT6UnknpijmCxR280bT0FXfJNJ5Jo5hWKmMUYOKtGI+lJ5VHMFitjFKQelWPL9qNlHMFiEjmkI44qbyzQU9qfMKxEKWpNho2HFO4WEo6U/YaXYadxWGjrVhKjCHNWFSncViZKsrUCip1FUiWiZalFRCpKtCYuaTNFFMQCnU2jigB1FNp1ADDRSmk4oEJSUtJigYlJTqSgApaSgUAFLSUtAxap3URkTgVbzSGk1cEc3JbAIJR90cH2Jrb0C8mtpgi5Kk81I0CN+Nbek6cI4GcjG7p9K466tHU6aLvLQ62G6BGe1XBLuXk1ziblG4dutWkuN2OxryZQ7HqxmaxbnNSK1Z6zinmQYrNxL5jQWQk7TU6mshZgeD2qys21euaXKx3NdZ/KXGaqzaipwhOB3NYlzdsPunGc1iXN3uyue+RWkKdyJTsdJLfDA2nPrWLdXKuDzWM9ywGAaqzXHHXtXRCmYyqENzL8xK1XjY5wahZtxqRGCnI5NdS0OV6s7HSbgW2H6muoiuPNbceg5rz+0ZnweldN5/lQiLPzHqazktS0adxqSMQg4xVizvA3Jz6D8K4mS4O4nNadpORwO1LkHzHr2jXG+RDnoRXhvizSXs9Tnu4/ngllchh2OeQfcV6voUxRx6nFcRDeQXGs6pod//qpZ3x7EnqKKOknYmqro8wNRn3rV1XTptMvZLOYcoeD6jsazCK7E76nI0RUtLijvQxocKuxZqmgq9EKzZojShrrtEJE6iuShHSut0QgTDNYT2NIH0FotmJrVXY8YqS+tnhBHUVDoV55duoPSty8lhktzyOlec6cJQdnqVzSUtdjz+YHawPoa8I8SgC+cV73cjAbFeEeKVxfNXfhvgQqu5xb9arPVmQVXYV1IxK7VEetTsKhIqkSxtKKaeDg0tUJjxT6jBFOzzmmSOoopOnFMBaKKKYhQKeKYDTgcUwJhUy+tQKamU0xFgU8VEDUgNAh1GabuFN3UMEPzT19qgBqeOoZaLkQrThFZ8QrUhFYyNomhCM13/hW3Mt4hHauFhFd94UuDDeKPWuHEL3WbwPUZdNkjUSocN1zWLqAkFrtbkg119vepIfKk/CsTWxEIyY8da4KkIrlnFhCTu4yPCfEuftRz6Vxz123ifBuc+1cU4r14bGUim4qo9XXqpJWyM2U3qq4q29VmqySswphqRqjNADDnpQKXpR3pDFpaTiigBKaaU0GgZEetHej60vOaCrHRZFGRWf5+KPPNHKO5o/KaMCs77RS/acUcoXNEqtMKLVL7UKQ3QpcrC6LuxaPLWqX2oGn/AGpfWpsx6Fvy1pPKWq32taUXa+tKzHoWfIU00wCohdJ6077Sh70rMdkBgFJ5ApfPB70vnL60ahyoZ9nFBtxUnnL60olHrS1DlRB9nFH2erHmqaXzBTuxcqK3kU5bck1Y3ipEdc0czFyIr/Z6PJI5q+CpoYjFHOxchRVOamVDTgRmpRirVVkumhgXFLkU5jxUBJq1WYvZEmRRUYal3VXthexJRRiot1O30/boXsGPAoNN8wU4Oven7dC9ixCKSn74z1NO/d+tL28RexkQ4owetSOUXvTBItP2yD2LG80EVJvFM3in7aIvYsZS5pC4pNwo9tEPZSFozSZFLkU/ax7i9nIWloXFWo7eSXhFJP0o9rHuHIxlvC08qxL3Ndz9nWKMRr0ArP0bTHh/f3C7S2QoPoOprenAxxXn4mqpOyOuhT5VdmKgG7HrUM9v/EnFXZFA5UYxT8b19sVxnbHVGGszx8Gp1uD3NWZrfPIFZMqSpyORTVmDui954xkGk+1soHcVlGYDg5BqIzkDI4qlElyL89yxOcfSsp2yRipHuhjnvVZ7hQK0iiGyMh6iKsetH2gHmo2mB5rRIzbBlANPUgVWL+lOR/mqiTo7AquCRk1fuZgOnWsG3l2Dk81O0hkNOw7hkluau28hDfjVNanj4PNMR6RoDkoqE5+bP515p4jkaw8a3Zzjc4f8GANd74elAYDNeb+O5A3ihpV7omfw4qIL3xy+E7TV7I67oyXkKlrm1ABAGSyH/CvOZLO5iYrJGyn3BFekeEdVlhMUydVPIz/9evXp70SDzZIUkVwCpKA5FN1OTQz5OY+UGRlOCCDTMGvp64t9Cu2xe2EWfXbis268HeEb1N0cbQ54/dt0P0oVdMXs2fOyDmr0Q5r1K8+GMbBm0u8VmB+5J8p/OuTu/Cmt6Y+y5t2x/eUZB/Kq9omHKzNhFdPpQxKprn4o2U4YYIro9K4lGfWs5MuJ7zoFt51sCT2rSu7Ro145FZPh+5KQL6YrqZZ4pIua8/lhJNdSm5KRwdwuA1eGeKx/ppr3u7ALNjpXhni5ALw124b4UKqcBIKrlauyLVdhXakc7ZVYVEVqyRzUZHFWkS2ViOaYRip2HFMIosK4wU7pTRTvrQMdR9KT6U6mISlpKQUCHige9NyaXtVATA1IDzVcelSqc0wJw1O3VCDTxQKxIGNJk0UoFJjFHWrMY5qFVq1GtQ0UXoa1YRWbCK1oR0rOSNImlCK7fw1A0l4gHauLhFd34WlEV4h9a46/ws3gemTWEqKsq9cViagJFgZW55rsra8jm/dP1rB1kRrG3l4PNedOnFcsoscZu7Ujw/xJ/r+fSuLfqa7jxSymcY9K4WQ168TORWc1TkNWHNVHNaozZXc1XapmNQMasghaozUjVEaBjTSimmlApALxijrS9KO/NAxDTTmn00g0DRHRR7UopIsm3UE45ptITitTC4uabu5pp460mTmgLjtxppamEn6VGx5pDuSbzRu9KiyelA96LBcmDUbzUIIpc0WDmJt9KG9Kg3UvNFg5icMaXe1QbqXd0osPmZOJDTvMPaq2e4pcnFFhcxZDn1p3mN61Vz2pwNPlDnLYlbsasJI2etUBVqLqBUyRcJXNJHbFI0jUKOKjbrWSVzSTsPDN3qVZDUFANbKCMHNlneSKTOajFSDpVqCJ52LRSiin7NB7ViYpNhqXFLij2SD2zItlNaInpVmjFHsUP2zKfke9H2c+tXMUtS6CKWIkUfIb1oETjjNXqKXsEV9YZU8tx3pDG/rVvFKAKTooft2UCrim7W61s29lcXkgito2kY9lGa7rSvhvqN2BNqDi3T06tWFTkgrtmkKjlsjyrbITgZz7Vt2fh3Xr3Bt7SVg3Q7cCvoXTPCegaOA0cIkk/vONxrce4TGF4A7HiuGWJX2Te19zwe2+G/iObBlMcHrubJH5V0Nv8NdQiwW1Taw4G0H/ABr1tFEi5OAAOSDRIEiAZOc1k60mHKjzXU7IWUlvabi/kwKpY9WOTk/jWPJzkHk11niNPLuIJB/HGR+R/wDr1yrsclelXF3VwZnyLxzTLfnKHqKtsAarMpjbeO3WhocJWZOYSRmqE1sDnFbcWCMg09okfqKyvY6bHGTWQ64rMktCDgV3ctnnpWXNZsO3FaRmRKBx8lqcVUa2YV1ckHtVCSMVqpmTgc41tzxTRbt0IrcMa5xTDGlac5nyGKYivFCoRzV6RR2qHpVJktD4xirSZPFV0U1bUVZJKBUoBzxTFFTKO9MDbsLjyDkV5/4olM2sb85JAH611vmbFz6VwOqy+bfGQc4/pVRWtyZvSx3/AIcbGY+3b2r2HRdW2r/Zkw3qQSuefwrxfRPkmGB09a9Esp44ruKZ+x2n6His5q4ROsbxAlheCyu0DwuMoxGfqOfStGDU9Bu38p1RX6AEY+lctrVml1F5THDA5Rh2PrXH/Ozi2vP3c6fckHf0+orHlRd2ewT6NAyloJCm7rg7l/8ArU2GW+twRInmoBwy8g1x+jeI7qwuktbzgOMEnkHHpXdKLS/hM9u3lMODg8VEo2He5nT6Vol+Wa5stkjfeKjBzWafB2mA77KVo29H6VuSRXtudxkYrj5WBzSw3TNyJj9GANQ5FJGlo2mSwp5UuDjoVOQa1LmzaMZXpVC2nZTlcEjuOK2VvonTEo7VmqUJJp7kS5k7o4q6JDMK8T8W83le+3lj9odpLdhz/CeteH+MNMvobovJE231xxXXhmlGxNTXU85kFVmFX5EIbBGKrstd6OdlIioiKtMtQkVaIK5FRsuanIqMihiRXIp9BpuKkoWl96TgUmaYAaSg03NAD84pQaj9zS57UAS5p4PFQAkcVIDTTETg1KuTUKmplqgJhTgKBTwKAHoKtoKroKtxikxlyIVqwisyKtSGspGkTThFdr4bhaW8QLXFw13fhaUR3qHvXFiPhZvA9Fn0+aMCVcg1i33miAh85zXbwXMc48t+tc/rKKiMUweRXmypqLjKD0KjJttM8P8AFAxMPpXDyGu78VlTMuOuK4KSvWRmyo5qm5q1JVN61RDIGNV2OamY1AxqrkkZNRnmnGmk0wGmlFN4pVoAfntSUUUALSUtIelAyKjqaD1ozmkWS00mnYxTDxWpzjDTe+KU802gBG/WmEU4+9M96Bh1OKO3NFHBpgLigcUhNFIQDjrTs9qKT2oAX3p1NpDx0piFA607PFFAxjigBw6ZpwptSUxDhVqHgiqq1ai6ipkaw3NVBxUUgwasRjio5RXPF6ms9iA0opKUV1xOVkgqUVEtSirRI8CnCminA1RIvFPpKWgApe1JThQA3FGKfipEgklYLGpYnpgUmxkFFdJZ+FNcvWAjtnAPdhgV22l/DORiJNVmCr/dTr+dYTxMIbs0jSk9keYWtldX0ohtY2kY9ABmvUNF+G0jILjWX2d/LXr+Jr0nTNJsdIh8nT4QuOrHqfxq88suckZrzK2YN6ROunh7fEVLDSdN0uMR2UKxjpnuT7mrpyy5U/8A16jXL9eg6gd6n4U5X7rfpXnuTk7s6UktjOuJigAIAzxxUkC+aQG5DRnj3FWLmFZUII5FVLdthQN1QlfwNCAZCI1l2kAZIP8ASpr5TtTB4Dc0y5j2OkqjgEqfxpLy4V3t4lP3wzEf7uP8aaGzn/FMI+xwXPP7t8fgwrh5Fxgg/WvTdZiFzpUyAchdw+q815kGVgGropvQiREBxikKgjke1TE/lTD71oSVIbn7NN5EvCscKf6VsgcZrDvbXzom5xxVbSNXJkNjdn94nQ/3h/jWc4XV0bU6nRnRupIqqwxV0MHHBqrL1xWSNyhMm7sDisuWBPTmtWQ1nyHPStYkMy5Ldarm3HUVqNzzURUVomZtGMYMGoGhGa12U9cVVkWtIszcSmFAHSpAOKftpTgdK1uRYTOBUgcYqEmmFsCqRLI7u42oa4+f55gPU1uXkhc4HQVmQR+Zdxqe7irTsZy1O701ALjPSuh88jIP0Fc9acSMQccHvV6OTzHaQ4OKloZ3NvqAvbZY5D+9Qc+49aSe2ivE8iQcj7rDqpriIbqS3nE0ZwwPH0r0TS7iC+iEsXDfxL3BrmqaamkTnmiuLX/RtQXfGTlW9/UHsa17C5udPZmRzJC4691PvXSfZ45IykoDK3Y1zsn2vSriQ22XtxgEMO59PUds1MZ30KatqdnZ6zJJAp3Buxz0P1rQaKyuG3LiNyMgjla8xsbhxKQp2JLk7R0zXU21+6qpyFwcHFKcRJnTCO5tiGxuX1HTFTbyARjkfMBnqKqQX7LwTxWoskMuCPlbsRWJdyESrkZTG6pGaORD5y7lzghuRTGh3ZCtjB6ehqs6zISxPDcHNLUNDK1PwhouphjLAFc8ho+D+Vef6j8MJ1Zm02cEYyEfg16ujyBfmONvGc1Mbo425ye1bQrzjszOVNM+ZdQ8Ia7YE+dbOVHdRkfpXLyRMhKuCCOua+xRMXONowwyPrWFqfhvQ9ViZbm3VGfILqMEH1rqhjP5kYyodj5NYVCfavYtW+Fd/Chl0qYXAzyp+U15dqGl32mTG3vYmicdiK6o1Yy2Zi4NbmSwptSkVGR3qhDaTtTjTDQAh9qbwKVj1ptMAzQKPpTj0pDFHrUg6iox0qRQe9NCJ1qdKgUVYUVYidakA5pi9KkFAEy1ZQc1VWrcdJjLsdaUNZqVow9qykaRNaGu38NQNLeoF7VxMFegeE5RFdj1IrhxHws6IHosllNCBIhIJrB1Ayi3YOSTmu2guY512NjNc9rSIkbbADzXDOko8soPQITd7M8N8UA+ePpXDSV33iooZxjriuCk616aIZRkqm9XJKpyVaIZVaoDUzCoSasRGajzzUhqNqoQ36U4U3gUCgCSiik70CFz3pCeKDTSRQNDCcUnTpQfWk5oLRaIqM1IabWhgQGmmnMBTT3oAYT+tNxTjxTaYwo9qQZ70pxSAO3FL2xSYo/GgQopaQY6UpxTAPpSUvUUUCE4p44pMDtTh/OmA4U8UwdaloEKPWrMXWq61ZjGDSlsaQ3NiH7tMmHFSQj5aJhxXIviN5bFI0DrSmkFdsTkkSDNTDpUIqVa0IJRQOtIKcKYhadzRSgE9KAsKK2dJ0S/1icQ2UZb1bsPqa6/wt4Gm1DZf6nmOA8hP4m/+tXtFlY2tjEILONYl9AP1rz8Tjow92OrOmlh3LWRwek/DvTLdA2pMZ5COQOFFdza6XYWaBLW3SMDoQBn86usSox+dMBI5Xge3Irx6mInN+8ztjTitkBEgydvHtUe9c4JKmpCz9V6/pTfMUnbMuKxLI2LLw5x6GgySKuT8w70rKyrkHeh/MVEGMR3DkentQMeBHJyh2sKashQYcblP86RkViGjOMjIpqSDJjkH3uv19aALQbPB69veqlxESN8fUf5xSDIIB9cfj/9eplJOTgjswp3AakiTJz0YfrWBIyv4hWJf4IufqQSf6Vpyr5NwB0Dcj61ylxdNbeKpHb7p8v8iuK0hqxPY7KRVaMxkZDAg15AwEMjxd0Yrge30r11xzz0rzLW4Fg1SZeiyHf+B6/rWtLewpFJTkUEdwcGoA+MY6dQKsg7h9c1syBGCnr1IritatHgcXMX3kORXa4O3ntVG9t0nhKt3zTi7MTM3StWFxEAx571tNLketebES6bdFT90ng101tqG5Rk81M6et0bwqaWZtOxHNUn5phuQ4xULzVKRbYhPNNOT6VA8vrUfnVpYzuTkEjNV5ADSiXNMZs8U0hMjIqJsCpjnGBVd60TJZA74qqzkjAolYk4pFArQyZUnXA470umwZufNYfKgJz7npVsxbveuglsPsFtDbEYdl8x/q3QfgBTuS0VYsgHByc81MpZBszwfpUYwB14qaBiWLU3sIkiXnpzW1ZSS28glhYq4NUIVzwa1oosdOfSueTLSPQtI1CHUE/e4SRBlh2IHeqlx5l+0txEcKCAnoVHX865azilvLjyoSVjRh5jj/0Ee57130ap8u1cADGPasWuV3LvfQ5aSzlJZBgA/OvPQ+xp9urK64YsH4OOxrpJLZQOgO3kcdjVJrZQxVCwB+YAdKfPcVh8UrYGeo4P1rXt7jisbaNwCH5XGefWpoGKms5Fo6dJt7Ef3hU29XQM5PzcH6isaGUgg5x2q7HIyK3J4ORUpg0WCqPznrwQD3pPI2+/NDvkMeBkZH1o848MSPmGaYh6gFSq9RyKerg4yeH/AJ1GD8walYhQyHtyKi47E+wHknB6HtWdqemafqkPkanCswIxuI+YfQ1HLckyMq88rx9auxyHawcfKGI57V0KLjqRe54H4t+HVxpitf6Tme2zyo5ZfrXlboynBGK+0wuxsocg9q8c8eeAxJ5ms6KmNuTNEB0/2l/wrrpVukjCdPqjwoimdamdCpwetQ45rquYjD6Uw8ZPpTz1ptMQnGKceab3+lOFAx9SLjOKjHWpBTQiwoHrVharpU4NWInFOHWowaeDQBOpq1GapqatIaTGaEdaUPWsuI1pQ1lI0ibNv1Fd14bheS7TZ2rhrfqK9B8KSCO9Un0rhr7anRA76WyuYP3qMeaxr4yi3Jc5Oa7iG4inGxutc5rUSRxnYM89K4pwUbSi9AjJ3s0eF+JgRcHPpXFSV3fikobjjriuEkr0YsllGSqUlXJKpyVojNlR6gNTvUBqxEZqMmpCMVGaZIhwaBQRmgUwHZ706kpM0ABphp5qM+lA0M7/AFpM+lIc5pPpQUXzTDTzTTWpiQtyKjNSmoj1pAMwTzTeM4p3tSZpjEPSko6nijikAvaikPXFO470AFL1pPalyM0xB3oxmkpR6UxDgDSnOaQ+lOoAcKf2ptOXmmIkXmrkI5qrGPStCEc1Mi4mnEvAps3SrUS/LVeccGuT7R0PYoGmilNNrtickiUVMtQiplrQgkApQKB0p9MQCvTPBHhJr+RdVv1/cIcop/jI/pWP4N8Mtrt55twCLaHBc/3j6CvoWJI4IlhhUJGi4AHQelebjcXye5Hc6qFK/vMcIwMAcAcYHan4K8qaG68f5xTCDt4+teI2dwMxB3MvT0pQUPI/T/CmhjkA8880xlVuRwxOARSuMkPBz0H6U1wG+Vh/n2ph8xMn72O9G5XHB/CmBGGe3bP3lNOkUY86LlT1HpSkkDawzmoN7WkmTzE3X2oQxFIX5eoJyPY1I6LKgYcGnTIoIZeUcdfeqayGJzEeM9KfkIUOy5D/AEPuKsqwA39xwfcetR4Ei5qNS0R2ntx9RSGTXkPnwHbyy8rXm2s5N410QSBEmcdc5Ir0+MhTtHQ/drgfGVrPYxHVLdN8Y/1gHb3rWk9RM6W0vre8hEkbAuoG4d1JrjfFsZW4t7gfxAqT9OR/OmeHfEmhm1WITLHM5y4fjmtfW4bTUdP8xZ1Ty/nB6gn0/GtbOMibpo4JSGOT196nVhwR26VSQMOTz9KmQc4J61sSaChSOc0x1IPA4/WnIf5VLuOck9qkDmdT06O5QkjrzXOjT7y2jMyjfGpwSO31Fd+VDgk9O1RQkWVwJwAynIdT0Ze4NaxlfRiemqOIjucVOZc9K6LX/CzWwGo6WDJbSjeAB90GuQVux7UWXQtSLDOTzUBc0p6VHg5qkDJUYk1YXJ5qBFq9GmRUsaI+tV5RgVoFMVSn4oQMx5PvUsXzNgVHMfmwKuWcfIJrW+hlY39Kslluoy4yF+b8q0/EMbLqHmN911BH4dan8OjzblzjKoAM/wA66HXdN+2WDSRj95CCy47juKy5rPUbR5jIWZgg4Wtm2hXaAO1ZUTRuPNyPQc1qwSKoAzyey8k1rK7M0aEScYq7BC95IbaBio2sWf1wOi+/vWReyz25jR02CRip556A8/nW9o0jxw2zMMmKXYT67sjmrp0L6yJlUtsdHbfZ0ijS3CrG6Arg4O4da0IZtyZ6ZrCtf3YaOUHMEhCn2Jxg/pWuR5Ureh5H41nWgioSNRJflUt7qaYOSp3dDg+1VlYEMRxgbufapP3RLMSDlc8djXK1Y1FljwpB6IcipFXrj61IignABwy96lQfIGI9qzkykMjGD+oq4GJVsdxmoABjpT1JBx+H51mMurIA6EnORjHXilAVlBHQHFVIzgxt3BxVtHyHPbdnNWmJonChQcVVuZgi7s/w1I0gwQK5rV70QxGQ/wAAY4+lbYelzyIqSsixYuZ7guOQH/8AQBj+dbG8rAp9WLH3rD0hfKsg2SGCDOf7zcmtO8ZkVIhyVUCt6ms+VGcfhuWYpwx4PernmbSx65bkVlWijevT1qysuWXb3Yt+AqJR1shpnjHxI8JJav8A27piYgkOJVXojev0NeNkGvs5o7e+tZLK6QPHODvHt6182eOPCTeGb5fJJe2nBaNsfofpXTSqfZZlOHVHAVGetStwaiYda6UZCfSlFMJxRmgCYVKOKrKxPNSq1MRbQ1IGNVVNSg1VwLQapAarBqkDUrgW0arKGqKtVlGqWxpGlG1akBrGjNaluelZyZpE6C27V33hqNpLpdvauAte1ei+E5RHeLnuK4MQ9Dogd/Lb3cJEiH61kai8ptfm655rtIp45xtNc/rcaRwttGeelcNSko8sovQUZ3dmjwbxJn7UfpXFymu88UeX9oyvXHNcFLXpwZLKUlUnq5JVJ62Rmys1VzVhhmoGGKtEkRppp545phpoQ2lAoxSimAGjHenUnNAhp60w1JimkUwIDSfSnEc0YoKuXzURqXtTCK1MiFvSoST1qduOlQmkMYaaafmm8Y5oGJ0o6GkNLSAT3NKOtJj0pwoEGaMcZoxS5pgFAx3ooGaYhRinAdqQetOoAcM08etNFPHFMRND15rTh61mRda1YOoqZFRNmIcVWue9W4vuiq1wOtcj+I6ehlHrSAc0N1pR1rtgcktyRRUy1EKnStSB4FWrS2lurhLeIbnkYKB7moVFen/DnSBPePqsy5SDhP8AeP8AhWVaooQcmVCPNKx6ro2mRaPpsNhH/APmPqe5rWAGT6dPypq5DDNKobJUj0r5icnJ3Z6iVlYXdk46VIKiPU+/NOzgZPWpGNLdTjoPzpoAJHYnmkyOnqaAeGY+mB7UDEGdnB6mmyRKXO3g+1P5BRfTk0AhiT6mnYCBW42ScH19acQGHlvkg8U5lVvlqvnYSTyvrQMSB/If7FcHKP8AcY+vpSXkLeXuP3lOM/yNOlRLmIxvjnoe4Pap7dzPCYpv9Yg2t7+hqhFKFww9+9WnVXTJ7cH6VnMDBLk9Dwauxv2OOaAGoSpMMn1U1ZdEuIWjmAZSCrqe4NR43qARkp1+lNUvDJtPIx+YpIZ4F4h8JnRtVIhz5LnfHnpjuPwrR0yxkH7n+BvmGeRXsGr6fFqFrtwCR80Z7g+n41ydrZiNc4wyHP8AjXYqnMtTJrUzLjRg0Xn242sR0Hc1ywvHEjQuoLIa9ehiDAxnkMOK4rW9LS3vFugmAT82KIu7sD0Vzm5dQFvI8bxNlBk46YNaNjHPqMbGAohX+E9TW9NpkN55T5/1ilCazLCyksJQGP3T5bfT+FqqSsCZxmp6tf2N0ttLGEQkqW9812FlY2eq2W0r85HX3rf1zQYNa05m2jzMYOOxyOa5Xwm8kEr2NzxPCdpz/EB0NK946AdLqOu3NnZra7ViljCgZA2uoHOPfvivObhY9TL/ALvyrkAv6B8dR/hXrOq6VDrGntGw+bGVPcEV42/2i3drWb5miJUjvx71VGS1TFJW2MwDPNKF9KtMmV3IOB1x2qLFalJiqMVbjqsPep0qWUPc4FUZulXGOBmqj5akhsyjF82TWjboVGfSnrDk5Na+n6ZLfzCGMYReXb+lU2RY1fCrGO7wMkMuMY4+prtLnUYrMmN5IwzKx2HkkAVyl7fWumw/YdPALHhn9/6muRv/ADVkKSnDhRkk5PPY1UKXO7mU58pi3GwzkR8KZGwPY9K3vD8BMwZuccf5/EVQFkPNLMTwwIrs9GgWOUYGBgGu2EdbHPOWhDrkZe4YckK8Zz6ZBFaNivl2s6AA8q/vxg0amha4mx/dQ/kc1Zs4v35HUFQD+orSbSZENUXkI+0MuPlmTPtmt1AJLdJCB0xxWRBEd0LMo6bT/jW3BHtiZQfuniuGo7nTFDFO1sdM1Yhb7mDgkEH3qBPvgntVyPOCduMPn6VyzRqixAgO32ODU8igB1/unIp6KR5gwAcZxUcjDzB33qf8a5nuaDFG4ZpWXGOaigY7ST3qy2Ng9iKTQyIAFc55BBxUoyRIF+tRBQGK59RU4PP+8uPyouIjkYivP9Vn+13qWSjIeQJ+C8t+tdpdTeTA0h6Ku78hXAaIpvtTMzdU4H1J5P616mF92DkctbV2PRrdAIYogMb2z+AqC6cPOx7ZxV3IRnYHiJNo+p/+tWJI+WHqeazpK7cipuysaUDERyzAdBtX6mpI18uRi3SJMfiaWJQixxkYCL5j/U9KnsY/NzNJ90Hd9T2/IVDnuykiw2IIQvRiBn2Fcr4005dZ8KzgjdLbHzEP06/pW/d3C+YADnPX6VDYuJBPE3KNgEHvng/pV04O3MTJrY+P5FwcVXbrzXU+KtKfRtaubIggK52n1U8g/lXLMfWu2LMGRn0pOO1ByKTI7UyR4p6moQTnFPBpgWFYVKDVZTUimi4WLIPNSA1XU1KDSbBFlTVhDVNTzVlDzUtlGjGa1bY8isWM1qWzdKzmy4o6a2PSu98NI73aFa89tecV6b4TlWO5Hqa4KzujpiegNBcwgSL9ayNReU2ZL8nPNdnFPHOu01g63CkcDbefauerSslKL0IhK7s0eDeJBm5J9q4iXrivQfEioZcjr6VwE45rupikZ8gqm9XXqm4rdGTKzVARVlhUJFaIlkBFNxUpFMIpiI8UtKRmjFMBMZFAFLS0AN4ppFPpMZ60xEWKbipMUYoFcsH0php1NNbEjSB1qBuDVg1A9JgRGmt14p2fSmk0hjenSj3pe1JSGLjjil5IpOaWgQuM9aQUDJoPHSmA+m/SgdOKQ0CHqfSnDFMFPHXFMCQU4Uwc0/tTETRferUhNZaVpRdqmRUTdh6VBcd6kgPy0yfvXI9zpWxjv1pwpj9acDXbDY5J7kq1KpqFalWtCC0nNfRvg20S08P26oOZQZG+pr50txvkVB3IFfVVjCLezhhAwFjUfkK83MpWgonThV7zZcGGpwAAyfr+NNwwTP4/pSg7h+PWvEO4cOmDSHBBz6UcEdaY43dOc0DAqdwOOAtMCnYoHIJpzNgsTximghmRB2GaAHg7i7frUPK4H+f880M2Ecjnc3FSEjOO1OwAj8nPXFRYXykQ87z/AFp+Btdux4pmxkePvhen4VSQDHRldnj7frmovMw4uEzwPnHt/wDWqSN8wle7sQP5USKUlJjHbkeoqlERLcRJIA3Zxj8e1UY9wXB6irdtIHR4B1XlaqzZjn9A3NaQipaMluxZQhiG9eDU/BUjuh4+lU0+bK+vIq5EVOCB14NYtWdixoUAmP8Ahfla5+6i8m5EgHDdfr3roWB2Mo6xnIqhqMIePIH3huH1FawZLIIFwdvpyKXU7KO7tmGPvD9RUVvMCgYHJFa6/vFKkYyMj60rtO47aHG6dvED27/ejOefar8luryOnGJFyOPSluYvIuxLjCtwatIV2Rs3WM4P0rdzvqQlYj0+VEcI33ZVww9GHWub8Q6Q9leLq1oMGP74Hdc10UsZi3gf8s2DD6HrWoyLeWzRv94DBHt2qFKzKtoZGnXSyosqcrIAfxrivG2j+XKupwqNjDD+g9DW/aIdOma2YkROcp7EHkVuzwRalYyWcnO9Tj8RVP3XzIS1VjwqKRoJd45x1B/iHpgVfvdNXyFvrPmJuo7qe4+lVbm1ks55LWQYaI4PbI7HNXtKvTaT/MMwyDa46D8zW9+qJOf6GpgcVt6zpf2ZxPB80UhypHQe1c8z44pp31KTJGbPFIq5qEPzViLJNBRo2dm93IsKDk9/Qetad9qMVnbmysP9WvDsOrH/AD3qG6uU0myaLOHZcysOoHZR7+tUAnmaUsmPmmdT7gBScfrV0aTm7mFWpyk+kxhpPtU38OT9AMGsOZ2u7mSQD/WZb9eK6Ixva2Em44MhCY+pzWdawgBQv8QNd7XKkjkTu7kkUO6Rsc8A5rrdLhOUYjr/AFrOsLUlUbHVcV0lhBsJ/wBk8fzqKb94qS0M+VPNupDjsy/0rStIW/duB95P5UlrEZLtvdm/xrWiiCpF6Btv9KxxNT3rGlKOgyCL5UPo2K1FjA8wAc4B4qONPkdR1U5FXgh87APLLXFz6nRYx4xl61VQEkZzvXP5VGsBDDNXEAXYzY4O386ynIpIehJZWb+IY/Gqsw2qrdNpwcVbjBMef7jdaguMgSfNx1FYlFW3BBIbnmrRPBXrkVUjJ38/xAHj3q6nJwehzTYDCN2GHHGacMAj1Bx+dMjHyr75Wn4GPTp+lSMxdZymmXBB5EbD/P51z3hC3Chp3GNozn1rotbUNYXSgZOwn9P/AK1UdBhKaYiAYac/p/8Aqr0ab/dnPJe8bUzbbZU/ilO4/Tt+lULXFxeN/dTqf50uoXKxs8hPyxjApdNgaOyXd9+4OSfQVUnyQ9RL3pGoVkuB5SdZ2yfZB/8AWq9dSrBF5cYwo7+9IgECFv424HsOwrLvJhyWkwTwRXLSTnJI0m+VXM6SYsxd+CP60/TWYM2WwTnBx+Iz/KqMku4bCcn1q5YtICNhA7EmvYlC0DiUrs4f4qab51jaawg3MpMcjAflmvBnHNfXGpadHqWmXemzY3TIWXn+Mcjj8K+ULqFopHjYcqSD+FYQfQtlA8Hmkxinkc80ytSbB3p44FNHpTh0waAHDrmpAMc0wfnUg6UgJBUq1EKlGO1IaJ1qdKrrmrCmpGizH1rWtTyDWQnWtS2OCKymXE6m0Ga9C8NxMbpGXtXnlieRXpnhmUJcrXBW2OmJ6AYbmECVSeeaydRmla0Yv97PNdjDPFOvlnGawtZgSKB8cjrXPWp2ipRd0RCWtmjwrXdzTsTXE3Awa9A14L5hK1wd0OTXoUthTMp6qtVp6qt1rpRiyBhULVO1QNVolkTUw8U80w+1MQw0lKaaOtMBadmm5ooAXOKTvRRimJjcUUtN4HJoET4ppFPxSGtiSM1XfrVk+1V26+9JgQnrQMYoOab9KQxT04pvFOzmkxSATNKKQGl5oAXnoaM/hSde1L2pgLSD0pfegCgQoJp3PUdKaBThgUwHrT+1MB5qWmIkTqDWjEelZqda0oe1TIcTag+7ST9adbjK0TiuSW51LYxZOGpM06YYbNRA12QehyzROpqVTVdTUymtCDf0G3F1q1tB/ekX+dfUhAUYH0FfO/gC1+0+IYWPSLL/AJV9Ejlx+leNmUryUTtwq0bHZOSc8DNG3BJU8ZpQQR6jGP1pT3HvXmHSN2dhTGVgOB05qcAY+tIx4OaLDuQFyC24ZyM0xdjbCpwelWCASB7f0qB0wgPvQMNrCPHXDc4pM5FIHZHkXv1p52Scj5TVoRHISYG29cj+VTB83G3+6DULEgKkgx83JH1pxO55HBB+UfWqSEQSxjYrjs38qVJPMjdh1Y4X+VSowZYY+55/LmqE+63uMg/uyfyJq0K4y4kNnKtzHyEOG9x0q/eqGjSZeQelVpSJFIIyG4NJp7mWyktH5aA8e6noa0WjuSxI3wRjtWki5QqOM8isZWKsAe/P51rxn5d3defwrOuveKi9BjOvmxknG75SPeoyu6356xNVe4Iy6Z/21J9qux4kZtp4kTdUWGYyAW908J6Z4+hrUhkbbuyODWfqClDDcjn+FqswsvHo3H403sMdf24lRhjg8j8ayYHDB4m4bbj8RXQcNED/AHTg1gXcbQzCUDIzzVQfQll8lH2M3SRdp+tR2chilQk5Byh/DpUMbqYScHCOG/DrTplVC4A6ESD+tOQxNWtMxmROqNuH41WtZtpxnle3862kPnwOjc4x+I//AFVzs8Zt54pFGQy4P1FODuuViZy/jfTRHNHqkPST5G4z9DXBHr6n/vo/4CvbLq3j1TTJbRsHKnH9K8WkjaFmgl4ZCVYE4GR7VvTfQl9zq9HmivrZ9MujkgfJk5bHoPpXIanYyWc7RuCNp/MdjVyzupLOdJ0H3Tn+6CP511+t2aX9iL2DDFV3DHQr3HvT2YJnmG9E5c4FbNo0dttuZWXdjKRk/MSfukj071ktbL9qVpDiMA4/GrFzdwyPEwiQlIWgLtnkE5UjH8QreMLkynYztbuXmLQhtw53H1Y12/kBbW3j7gn9FFcM1rFcNsVsEnPX/Gu+jljnjiVD86uQynqMrXdQSirHHVu9SpqTZeKAdmBP41NZ24/dHGTuP9aS4i33gz2YV0FlbADaoziSs68yqcS5ZWxVUYjgNj25rWWIRtKCPQ1YEIWFgOqnPHT1qWZQGJHRkJrmpT1uazWhj6eD5rN6vWoqnbJj+B849jWdYEujMBjmt6NNzug/iUNWNeXvM0prQnjjVWcf3lzSA4eJvXip1HEee6YqqmGCEchHOfpXLc0LKg4Jzzk00FtrKME9cn2qZzhyAOB/n+lV84cAjrxSYy2nJOekgz+NV5wHVScnOVxUsLfIpx9w7aguj5cTsAflOahbjKcKbVRie2OR6GrUZO9QDjmo0BMcgzwh3AHrzTVJDD2qmJEy4UepD4z9alfuAO5qBwqmUbT0DCrBO47uxwalopGTqYJt5c/xxMP0rP0aVRpyzf3ECj6nrWzdoDEQRnaSK5CzuBDpixn+Akn6iu/D6wsc9TRiXBa+v0s1OVDZb3NdvaorSFz9yMbB/WuP8PwPNPJMBljxn69a62ScRL5EIyn3cnp9TWWIleViqa0uSTSEvxzWJdM+7Jx06HvW3gLGN56cj3rn7t9xZ+hA49jW+BjqZ4h6GaWMj/LjIPA9x2P4VsQPDGoZOFYZBNcw0s8ZZjhX2hsjrlT1/Kr9qGbeM5w24Hthua9Wcbo44vU6KOfMqSIu4jp7YrwHx7pQ03X5xGuIpj5iHsQ3Ne6RFVj8tidrelch8R9Pjv8AR4dSjBD2x8pgRztPIP51xyVmbI+e3X5qjNWpVwee1VytUmBGMinqOeaAKcAO1MQo4PFPFNAp4oAkFSDFRgVKKQyUVMtQLmp1qQRYQ1p25xWWlaUB6VlM0idRZP0r0nwzbTXFypTovJrzKx+8K9e8I3S282CMlhiuCvtqdMdtDsmt7u3fep461m31xPJC4c/Ma7OOaG5Xb3rmtYgEEbuvNcdWi4pSg7oVOd3aS1PE9XcmVga4266mu11zHmEiuHuTkmvWpbGc9zLeqzVYc1XauhIxbIGqA1O1REVaRLISKYRUpFMNOwrkRFJjvTzSYp2C43FLjmnAUuKdhXGYoxUgFGKdhXIiKTFS4pcetOwXA00080w1YiM1XfOanNQvSYERpvenE8Uw5pDA8GlxnJpO9Jz0FIA+lKQDSc0o9KAD26UvrSD86XHNMAzQKOMUHrigBc4p2ab7U4UxDxUgHWox6ipBTESIea04e1Zi9a04KmQ0btqOKfOKS1+7U1wOK5Km50w2OenHzVWzVu4HNVCK6qb0MJj1NTA1XBqVTWpmetfCy3L6lcXPZI8fiTXuGBkY7EV5N8KEUW95IepZQa9e2d/evBxzvUZ30FaBGueq88D+dOUNuYt/eo2kDjsKUkkEgc5GRXGbD+B0pjH5TmnEZ/OopVJ5B4FDAdhgyYPak6ocnoaYd58sj6Um1yGX0NIY94lZz6kVTKvEAG6DvVoMwkVjnpTBIwGGGeatARxTB87+3INNbaIy5ON3IIpJEV1IiO0kdO2f8moPMaKVYJ1+UDn0PatIiZO4ZJ4if4UOCO/FDolxbEA53scf0qIERN5ud8WCuPSoo5PK8oL91gSp/wA/WtOXqRcpxzMhMT9V6/SrtoR9vJX7jgx/l836Vn63G/ki4h4yVD/TPX8KW1uVcQvH0WQEn9KtrS4izcLtZccHH8q0rYggH14qrfLyn5VLYcxjnGKiqrxTHHexFc/KF6ZRsYPoamtHG2LOPlJQ+vtVfUMYJAzuU/mKS0ZfLfb1BVx+NTJe5cfUtXkIks5IzzycfzrLsnE8DICQy8/Qit+Q7w4x1A5rlFl+yX5Q5VZADnsc0U1dNDbOgjbJKkYEq5/EVBcoJIP89RT1/wBWrqclGz+dSMpLSJ+IqEM5+IlJCpOAcirakuI9xByCpz7VDdwurgjI7cVGkkgU9GwQ/vmtdxGhZzFHjLdGyjfUdKbqEQVUk7I/P51VlwofapH3XFa8gW6tM5zkZ/Gs9mNmFbP9mneIn5Q23PselefeLrFbLVPtMXCXAye3zCu3uHMNyfNBKyYY478Afj0rM1v7PrFg1luC3EZ3RbhjOO3410x7keR5kTk5Tr7DJ/M11mlTTz262MjhFJOCxyx9vp9K5SHDjc/8HBBPII61YjuJIZluI+CpHt/OtWrkbEOuW6xaitlH0Yg+mM1HrSJFDFEgGMnHtx+VWIG/tHXXuWzwSwHUgDjvR4hAVYRjkknpiumloknuYz1ZybZCh8cZGD9K9Ve0H7u5iGZF6e/GcV5i4JQrkkY4Fe026q9jZ3K9WSMn8RVzlYlK5hBBJKkyjhjmuut4NkjkdyDWc1p83mp90HJHoR1/PrXQwIWOemVrkqybNoIe5VS6eqfyocHyoDzymD+VRF2M0bAdVYfU/wCRVkBzbW7Hnp/hSj7rQPW5jaaPk555NdBAP3qEdwV/z+VYenL8zIRgBj/OugTO2Nh0Vufx/wD11jXfvGkFoPY7UUngK2D+dRIAFljz0OcdKlkAAlU/UU2Mq04ZznevSsSx7EE5A6qKhyfvdxUhcbFPQ7iKGIHPWgZJGCTIo43fMKqXx3R4U4Z1IyfXFWkb542GepU1l6k5jhbPJVwMH0Jp043nYUnoT2pZgxfo0YPPtRGylB7iotNwqQKpODG3JpoZgvPbP5A1co6sSehM7x/KP7ylfyqyj5hRsdUH6VkiUsVDDo/8+K1LbJhiC/3WH5Gs5RshpkcuSrgjsDXmt3L5JlhJwFkJNelNltu4/eBFeZajH9o8RpYL912Vm+nU11YV6MyqrVHfaBb/AGXThMfvsNxHsaY0nmTZk4j6hV6k+9aFxMIrU7OG6DHpWRp6mSYgkfvPmJ7gDtWDd25MtK2htymRLfeflbr9PQVxt9Krh/mzuGSO5rqtWnSKNVc/Ue3rXAXNwQdwTcQf0Nenl8PdcjlxUtbDoog8+EUvtbPP909fpXWxWy28YDyYUAD2welcxYzSwFigG5HHzH+63UGrjGeUGNmLEBgMexyB712zTehzwOgWeKNTtGdo5z39qsxQR6zZXOlzH5ZU2rkcg9jWKkJz8/8AEM/nWrYTJFKjR/M2eh9a56kFY1TPl/VbCSwvpbOYYeNip/CsgrXsHxS0gWusrqMY+W7UMfYjg15SyVFN3QS0ZUC4pQvap9tKF5rSxNyLbShal20u2iwEYFSAdqXbTgKTQxVFSimCpQKhlEyDmtO3XkVnx1sWq5xWckaRN+xTJFem+GraR51Ydq89sE+YV614WkRHHrXn4haanRF6aHSNFd2jh+SOtZmqXbvbEN1Jrtw0V0mDXG67HHEm0DPJrlqUeVxad0TCd3rueOaurmRvQ1xlyrAmvQdQMbkj0rkbuEEmvSpMiZzEgxVZq0p4SKz2BBrriYMgIphFSkUwitEiSIioiPWrBFMxTsIgIpCKlK0mKdgGbaXGafinYp2FcZijFSYpcU7CuRYpcVJt7U7FOwFYiozjvUpqI0DImqFvep2NQPSYEXGKZxzUhpoxSGM7c0e9Kab04pALnBo96OgxQeOtAC85pTSe5opgOFGeKTB7UY/WgQo96d1pvFOpgPFSCowPTpUgpiHr1rSgOBWaBzV+E9KTGjoLVuKtTHK1n2pq3KTiuSqdMNjIuBzVI1fuRVE+9b0tjGoIBUq1GKkWtTI9u+FuRZXhHZ1r11JgwweteWfC2Ef2XcyY+9IB+Qr0toxuBHcV4WMf7xno0V7iLZA25H0pdwwee9VFd0OOuam3I/3uprkNbEzZJNBx1JxUYUgkqc5pGYjqMUAB4UY6A0p5dgDyRUW9dpANSHJZehyKEAwZCxc5wcU3D5ZXHehozjd1Kmnu3ztjPIFWkIryRkZ/z0//AFUBhJJJFNyMAH0+tWi+4VVuIlb5gQpZTg9j9aqKAzyJrNEZMvAxyR3Az3ps6q6eZbn5B29DVmCY7ooJOCFyR64GKpzK1mftFsMwlvnHp6/hXRF9GQ11JVkE8Jhk53cfnXOWcjWrPYP/AMsSBn1Gcg/jW04Ebi4iPyNyPYjtWDq4ZYl1FTtGSp917Vpyk3O0uvnWNv8AaH86bY8KwHYmmeYrwRt1+YUQtskkU8c1gtY2K63KepHCjBx8w/Xin6cyD5SfvIV59RWdqk2dq55JB/IitGxwjIcA4Yr+dVONooE9TZVt6jj+HFcjryGNIboZyhC/nnr+IrqonOMZ6NjGKy9UhE9pJHjPX9DWdF6jmtCGwu45k5G3cvStI52xsp6/Ka5PS5pI18vIIU5AJ6V0ybpEZXXDD5gBTqRswi7oZcxZXBOax5UKOHzw3+TXREblB7/5/wAay5YQ0bKOqnP4UosbIFeTCiT5gcpkfpVvTZgQ0RPBHH1FZSboyyZORyOfT0qSKVkkMi8EHNKSGmXru1jeACQEhGPTqOaxLy1ZVkhkRZwoyu75W/AiutLpIhIIKsuayLhtsUcx5KHafp0ojJrQLHl+pW+HYzxNACR26e+R1zXNzI9u3z/MvVWHQ165dQK9y8UuCoTv6Z/+vXB3un3+mK7yosltI7IqHkkDnp269a76XvGE9DN0GLiW5YZLHaMrn3NUdemDXaQrjEa9jxk+1dJFavZ20bW8Z2spk2lvmwa4S4nNzcvM5JLHj2ArdKzMm7oRGKAnAPGOea9o0wMdEsVf73kpn8+K8V9u59RXuwT7NDbW3dI0U/8AAV/+tU1ZbDgiEj55oO5+YfUE1thlWNCDwy//AF6z4bfdMZ36kfzps8u21i5+6+3P41z25mkabK4lu5lnj2uP9Y6kVtbQbVOThW/ka5/T8SXacBQsknP6V0JZBbOgJBVjjH506rtJBDVGbaLieQA/xk81vbf3LAc8ZFYtsQ11IQc5Oea3UBC7T3Fc9V6mkNiKU5lBH/LRf/r1AjlUjckAq23360pZdsTEchtv9KjLARSoB0bIqLFFlgSkgxk5BpvUD0p5zJJk52lajXOB7fz/AMikAZwp9Vw3+fyrM1w7baSRecrkY9uRWmg5YMOorH1fLaa5yQQhH5VpR+NEz2LGkuJIrZsYBRuvuKmbaUP1P8zVLQpA1va4bPyHNWyeCPdv61cviZK2M1mb5htyVZf51rWm7ykOSP3hUA9uazZ1PzuuTgZ49jV+BTtk77ZA2frSqLQcdySYFY9xI+Rwa4S7RYfFccwAyyAfkTXe3CYjlXPPWvPtXOdUs5kOC2OfyzVUFuhTOsuJGaPahxjqam0tY4/NmP3FGc+57Vn5eQCOMZZzgCrGoXEVnDHYRtnCneR69SaUYOUuVDcrK5k6nftcNkg4bdtI9uRXOlssQR1H6VNdXGZo41IGTn5e2RRbWjvJtHODjP6V7cEoRSR50m5O5paVbPPtZkJYqVOT6cj61tTyC1jDHap4OB1yODj8KBssrXyVALMCffIrFuCZZNg53lhknlW6ip1k7lfCjQjuAQTy21mXn68VfhnIfauO3XrWVC8vkkhg4IViB+Rq5AsjEPGAe2DRJIExfHNgNV8NNKq7pbUhwe+3oa+cHQgkV9YWcP2uzls24EkZTB7bh/KvmTUbR7S6lt3HzRsVP4Guano2jSfcxStJjmrJWmba3MiHFGKlxRiiwyICnYp2MUYqWNCAVKopgp61DKRZjHNbdmOaxYutbtnzWcjSJ09kvIxXpvhi2lZi49MV5zp4GRmvYPDE0caFh2FefiLPRnRHbQ1sXNo2OcVzeszuYwCeTmvQ3EVzFurzzXQiHb7Vyypcs4pO6FCV0zye8kZZm571mSsGrS1DbvOKxS+DXqRWhlIqXCcVjSrzW9KQy1iTda3gZMpkUzAqQ001sQR7aQipMUmKoRCVpMVIRSGgVyPFKKXFFMBKdxSUtMBaUU2loEVW9qiPSnseajY0FEZqFqlNQtxSYDDjtTeaU0nvSGNNISaXnvSUgDGaAaBxzRQAv1pQPSkHNLkZpgLkCgZpAOaDjPNAhcU4etJwTTgex7UwY4etSDmmDFOApiJB7Veg6VQHtV6A5HNJjRt2taEi/LVG07VqOPkrkqnTT2MK5FUDWldDmsxq1ovQyqbhUo9qhFX9PtZL27itYhlpGCj8TW7djJI9++G8DQeHvMZcebISPp0zXoIxkc5qhY2cenWsVlFwsSBR9e9XwB2r5ytPmm5HpQjaKQoUcDtyKYYwwyvHHH1FSLkfnTgDkA+uKyLIAH4wOtSeY2MHmnJ0H1NHPORSAaVjcAjg0zEqEZP3ae2egxz60IxBBOPQ07gR+Y2HyevpQJgNmeeMH64qUoCWK8EfyqADKqGHQ9fatEIlBXPynrStyygrweOPyqu8Zxlc0GRlRccnf/WqQinPGsbB2BwuRkdRmq8UjxxJHkEOeT1HXmtiQrLKyH0zWRLE0UgIxgA49DXRBX2IbIZY0jLKp/cucf7jHp+Fc5qR3Wk9mwyFjzj/AGh0H6VvW9wMbXGcjkH36/0rB1uP7LIsytmOYcn/AHRx+ldEFpZmb3OitJvMsY2T0U/yq5ISssmcjjv+VYWkTbtOiOQMxrx+FatyzNJycgjr+IrmcbSNL6GFet5lygPTH9RW7blhvEY+6wNc/Lg3OQeCp/TFdDbgqZEA5Kg81VXYUNzX3EMwJB6GoZsEEjpz/SlVxvXcOWUGnOwdSAe39CK44uzNWcE3+iX8iBQVyf8AIrqLaVpAuZODx71iaujR3K3CttBOCfSrlnKWTkKxBzwf1rsqq6uZxepvoQFx1xkVEyEykY4II/z+VSIQCeNoAyKcCMqx7f41zI0MC5iVQjDPQr+I/wDrVWVjvBzkEY/KtyeLKSqMnawYVhSx+W24ggcMCK0WojasJS0flY5Tv7Gm3CExyQdzzx78Vm28vl3AIPytwa22CswfG3cMcetZtajuczPGftW8IWZ4x16EjqPxq2jC7t96ALjsetWnUeWSxw0Rz+Bqjcwy27m5tAWV+WTv9R/UV0QmQ0UZYfOiAdOQ3BB5FZU1ppM8rRXdmvnKvzADG4f3xj9a1Ptttc70Rwkg52ng1W1G3lkkNzEP3kQDqR3HcfjXVGbWjMnHqUh4a0MTJIkLgqd2MnBxzXTxCGV5WmB3twh7DoKp6bqCTKseDlVJH+6f8OlXGlDQkgYw+axlJ31KSVtCzuVU49M1y91IWj8scjzFA/HmtCW/iZplT5/lI/Ht+VYQG+ZIxnaJVFa0Y295k1H0N/R4vLiWRjk+ac/XNdKFdxNgjsf6Vk2MYjgkCr9181s/wtuIG8cfhXNVleRpBWRmW2fOPQ5VScVtj7q568VjQqiPHyCTkGtUn5MLxxj/AD+dZz1ZUSnMvySAg/K2786lBZ5mwNqsmainZi2ckCRP160luQTAxBbI2nPT0oWwMtrkJGzPnHy4H5UySaO3DE8ksAPxptxMkMTRkfNuwoHXJ9Kyrq6WcPH8qk9MMCQw5H60KLY2zRguROqyY2nJBz2wcGqmoKWt7iMcjaTj6g1H50YeWFSQWYSZ/uq67mP8/wAalCuIvNfP7/JCn+Few+uOvvWkFaSZEndGL4YlD20HyjgN071t7lxgDHLf1rgfD1+tpM0LcfM4Gf5VuDV0PyDgg/1Nb1Kb5rkRlobikESKe6tmpbZl8ucLnmNW59cVmQXBkR3HTaf6f4VNazhZyrcZgBqZK6sNPUsXd0quWP8Ay0iJ/Hg159cuJ5rQr95SQPwNaeo35YwYP3UP6ZFZmnxSXerWVrGPmxvb2BOSTVwjyq5Mndnf2sa2kL3jjkgqg/ma5PUrzbsuVGC46Hq2eK6rVryKPES9BgKB7VwRzc3ar1xGQo64OTV4VW99k1dfdRbsbB2DmYfMMMB3xW3OyWqq0S43Dr3zV2ztltx5k7YMigHPtzWVdvBJlYcko20HsRjNdFObnLyMpR5UU5ZHlbMjNuCtjH06ULG+/dgcMhO7ryMc/wCNW4Ld3IyAFIIOferMYtrYK0y7icoRnoV5rqcktEYpX3LFta5UGc7ApKcdeTkfWpXu1QGKAY7VkXOo3NynCiMFUJI+vBqZULO2epJqeW+rKvbY6HTLorNlWH4+oNeV/EPSlsdaaaP7lwPMH1PWvRLSQbgTg8jIPfPX8etM8fafHqOgfb41zJbY/wC+Twa56nuzTNI6xPndhzUZFTP1qM1sjIZik6U6kNADaMUpoqWUg+lOFNFPFZspFiLrW7ZjkVhx9a6CxAyKzkaROr0+MkjFer+HbKVrdsZ+avNdM2gjNex6BcpHbD0JxXnV7N2lsdF2o3Qn+l25Me44PFclr0jYYZ6CvULmOKWPzOK8y8QbAzjtWCpuFRK9whK6ueS3jncc1kljkitm9ClzisllGa9OL0MZkDscVlTHmtaQcVkyjmtabMmVjSYpxpK6EQJikNOopksjIphFTEUw0xERFIaeaYaAEpKKSmA7NJmm5puaBlcnimMaUmoyaBjSajPSnk/hUZPbFIBppvSlz+dJ1pANpvWnH1NIBSGHXiiijmgBc4FAx0pMdjS9MihAKDxR3zRjjigHApiFHXNPGSee1MFOFMGSCnioxxUtMQv0q5BVMHvVqDOaT2GjftO1arH5KybOtUjKVyVTopmTc8istutatwOKymrSjsRU3Giu7+HaJJ4otg+MDcR9QK4MVraPqEml6hBexnBjcH8O9a1FeLSM4uzPr1oyfbmmDHI9MVBY38N5bx3MR+WRQw/KrYCsMivm5KzPSuM65/CpcYGfQ03b7e1Lkc0gArhSB60uAT+NIWByB1Jp3AJoATaOcjPNQlRtf1B/pU1R7dwcCiwC7sMOfvL3qNlBhOf4TS4/1eeaTtIpA7GqQDHXYSMnFRSY2A9QD1qyzghOM5U8/hUEilQxjOAeorVO5ICPdK7AhwV6j61TnbyYo94Ow8MfYnrUx+R3lCkBk52mkVlkgijfJ3cEHuDW0NGS9jC1CMxgTR9ufqKo3kP9oaZJakgO4+T/AHscfnVuOURzSaVccY4jY+np9Kydz20rPKD5aEovtiu7kMeYbpcpS1WKReVQA+xAxXRyNu2nGMr/AIVzFwxhvDg7fNUMfTJ6j863kdjDGSRjb/SuepGzNIsoNEPPAzjOf5VsQNGCrZJ3JzWdKUjcOeeav2hKiIlRnlazqbFR3NeFwFj2gnHHNSA8j5cA8VCkjY28DDdKkO7cQxwQc1xs1MPVYBJAcjJAyPwArNs2fcGdAQRxt4roLj58g9MY/nXLrGYJSN33GB69q7Y6wRg9zqoASiNncCOnpVgd/esuF4yhcnkcjFXlfrXM1ZmyJmO6QbhjeuPx61kzRr5YBzwSp+hrW3/cY54P6VXuEDCSMHPQ/TrTixM5whomZG7dDW/by+ZbHGSy81l3kYZBIMZxuHvUVle+XcqpXKumT9RxVuIrmxMpaVl7SKevfvVYM2xATnA5/D/9VXJQWVHC/d9+w/8ArVQKeTMY26E5FOKEzLudOsr0k3MfzgEhhwaxZdPkiCi1uXXcufn6YHauzQKH/wB4HP6/4VVZEZIXYDAJQ/nitUJnn4S/tJEBmVAedwB/iOM10X2PMLSSXJfbnheByPzpNUtFNuGJH7klWH+yai0mQFJraQglAMe45FVa5JUvfOtmjks0BiGVeMdcEnn3IzV20tSIDO/aVSP05q6kR3pOmDt+bB/OtQ2scUTwwnci4Kn/AD6dKrmajYVrsntkUGVMHnFaMf3YyVHII/SqsG0ynGfmXPP4VNENsSnGdr/1rmluaIq7WHAwNsmTn0NX167T/n/JpjqfNlQL/D/L/wDXTIydidjUjEuGIRHHAVsY9j/+uoI2YIwJP7uTPSpJAXjce2RmmxtuZl3/AOuTd+NNbAylqKSma4aE/OYCYx75GT9QKuxW9klpBIgXy1AbJ9e5NNYRuYZiSrL8uRzg9KhKEllAiG3+IgkfUL0zTERKYHA/6aRtGZB0ARsgH2ORmr80++MK6hZIzn2K+oPpVeKFInTYSwHIGPVQKlmgjVWKqBhePoTyKaeoM8k1SP7NqsyhcASk/nzT7di5P14/Or/iSNhcpcD+NAfxHFR2m1gRxyM16jXunInqbdjORA0Z/jIUf5/Grl3J5Us0oONsePzP/wBauft5WWQQ4PEi4/Gti9lEthLJ3Y4/AD/GuRqzNk9DjLu6VQoY8KOfx5Ndx4etv7Ps5NVuhia4HAP8KDoPxrzqxi/tPXxatzHGwZ/cDtXo+u3XkqIVP4fyqqmtoij3MW7uZrq5K2/3gDz6f5Fb+k6XDZ/MBl3XknmmaJp7LGZWGWcZro8xWyRO2D7VnOdvdRSj1ZUaHdEsjYJQ459v/rVRlto4PNadguSH2r7CoL7WSvmrEm4AZP61zzzXE7bpnCsqAMM5zu712YanK12YVZK5oX2p/IyW46AdPrVdEklmD53K8hzu6dOPxxVcRHnA5rVSNRvVo2OCrYByD611aIx3FhtVijVN+MqUx15HQVcZ12oyrjcAaettKpJijKbW3hj159RStasp/ekAhjnHvyKSkFhkR6KzAjp79a6xYf7Q0+e0cD99GU49T0NcwnkgHuy8g1v6XcYz5Y24GPx64rHEK6uXT3sfMl9bSWlzJbSjDRsVP1FUq9B+IWnGz1+SQDCzgSD0yev615+RinCV1cUlqR0UpFJVkjfagUuM80YqWUgFPWmgVIorNlIsRda6CxXJrBjHNdHpw5FZSNInX6fExxivWdHs5/sKhR715jppCsK9r0m4RLaNT3FcNWMZNKRu21HQzmnukHlMMCuE1+Vm316vewxMvmCvJ9d2Hf8AU1hGm41LMcZJxueYXMh3HNUC4q/eAbjisZzXpxVzCTJJGBHFZcnU1dJOKpvWkVYzZBRQetFbIgTFLRSGqJYhphpxphpiGGmGnGmE0DGfWmmnGmGgBCaZmgmmE+lK47EJNNNLTTVAMJPSmdwKeemabjmiwDSOpFNxin47Gk680WAj4pD1p5ppqWhiAUdaQDNLzSAOO1FKCKTmmgClpMU7nNAhacO9IPalGaYmPHGM08Uwe9OBpgSD1qzDVQfpVqE80mNG9adRW3j5Kw7TqK3hytc1Q3pmNcDg1kuMVs3I4rHeiiKpuQZqVOtRd6kj6iukxPqXwzEyaFZjp+6FdArSISO1Z3h9g+i2bjgGJf5VtBOQK+cq/Ez047Ias3T196l3K3UYwetN8sA56+1S7O3Xtis7DGlEzgHvSAFTkHqe9RzXVtZpuuZFj56dzWDL4nslyII3kORgngHPSqULiudF8x/lRjBbB9K41/FF+/MECAYB7nqcVF/b+uhyqxqeWGdh6KM5quQVztc/u156f404ld5BwciuHHiDXggDQJn5D90/xnpUh8VXiyf6RaKQN44P936iq5AOwAUqu3opxSngA+nWuWj8Vaa42XETw5AIxyPmHHStiDV9MuTttrpc9ME/Sq5GK5YZRjcvGeCOx4qqVbfCBnqePpnpV1mABZxkAZ3LTWSKdQ6nIIzjvW0USzmNct2ktTeRk74G69yOKzWf7dZ/aM8hCXHrkcGuobCIyOCQzYOehB9a4nDWV1JYDowdfrwStd1F+7ZnNU3KaTGSCCR2yx3g/wA63bOYNCgA5/8ArVx8b4ihXGfvEj07V0dgw8hc+/8AKoqK5cS9MMyDcO/9a04HAO4g8ScVkuwZsL/nmtWLJLjPoa5prQ0juanmfeVVHr9KsrnOS2QwFVMqXB2k5FWI8lRtUD3rjkbohmXOVHf+uP8AGsC9jUusm3JPHHWuilGST9ay7qMlCQeVORXVQd42Mp73EtCXONwG4YJX1FX04Uf56ViQEA7t6gg5IHXFaqEZI3bj7e9RUj1Kiy6DlGz1xUjNvk9Nyc/zqqOW5GT6VZBYKpGMqcYNZoplGWNmgBA3eWx/Lr/KueuYWhueehDDHoetdaQT5ivx0PFZt1apPGrL95l9P4hxWsdSHoM064W4i2TfMy1LNErKrDggY/EVzUM0lvIC/DKxVlrqopBNE208feH41UdAZTikxIoY45qKRR5LHnKyf4GnXQCssgGOc0rNuWZM8soYVo0SQzxgyTKy/KVFcXLJ/Zd4rzYwRj6r1BFdjfXK2yCdzuMiBVUfxHiuS1TTruaxe/JLXEeAq44VfQfhTjKwmjTttUvLpAunW+FH8cnTt2q2G8QRIfLaOTOTtK44zn196oeHro3Vo2TgpwQPWugiB3gsSATilOVnYIrS5BYawZJEhvU+zyDA55U9utayuFikRnPX+dZr28U9syTc4Y4OORUljLtQ2cuDKink9GXsRWbsyjVyGeNsFt64/So1zt2AYIY4/wA/jVWKXCxsGOVbHt1qcRyJI+ep5FTYY/JMhCjORjnpz/8AqFRRnaIm2r8rFT9KkUENnqAf5f8A6qR0fE0agD+LmgBCsqrKu1RsbP51ZBVpgz4wy5wPzqtsdpFbcv7xOme/WkUuoiIK5U7Se/pQBZR4VAYdQOv0qCSYeZz0wR+P+RUbBlZwecHNRY2urMM4NCQXOR8RQebZLJjmNyPwNYNjKfl6cjFd1qMDzW9zCFwSuQD6ivO4WeNsAfdbj1Ga9Wn70Tjloy7ev5UiyqDgMM468VoiQSWkW05EnzH6DmqF989uTntVLSrnKtby/eiXAPtWU43Liyr4MjaTxBdydUg3sx/HAFdXMG1HWEQ8ofmP0FZ/hmFbO1uro8NczNz3wOBWxpse648tOShJJ9mrKb1uaRWh1kchyILf5RjBPtVTUHitoCeWZSSD+tattEkERfv61yWq3xkaaIE9OfTnIrChHnmXN2Rj3lxFLM5klOWTIwMZBPQ1JFCjb0TJztwccYxTobYq0kl865RFxxyQO9asl/BFJ5Vsudyen+fWvVc+XRHHy31Y+Cx2jMxAz61Ob7T7coI265Q4rKUXd5tLnHQ/pVuCwZVDEICjfePv6iovfcduwpv5pgixoSAGVj9O4qBFcx/O4JKJ0P15q4RDblgk3Rtw28jB9KgxyVwCPmGRx0Oa3h5GciPG0tJvIGOR9D1roNOZIXUEYz6dDWZFCjFZJOFHH58VctpQWIUjA9uh9aKmqsENznPiPZpLZW1/uy+Sn4dRXizjmvo7xPZrf6Dcb1y8S71x6g187TDDGual2NJlUikpxpK2IGUYp1IKTGhRT1puKlUVlItFiMc102nLnFc5EOa6nTR0rKbNYo7HTomZ1Ud69at7a4S0QqOgrzPSCqzIT617Ra3CGNEbuK8+paUuVuxrJtLQwJbqUrsfIwK82152ZG+teu6nBGF3jvXketlNpB4rOjFxm0xppxujze4Jyc1lyGta8xuOKxpDXqwOeQhPFV3qUHIqJqsgrHiimseabmtESySoyaM1GTVXEPzTCaaTTSadxWAmmE0E00mlcLCGmk0E0w0XGNPWmGnGoj60hoZTeaKStrEgfWk+tLS4p2ENOKZin02lYBhFN6dKeabmpYxh680elBxR1qQFoxS0AVQBijnrSgU/FFhDQOadjJoApRQAtOHpTOtO+lADgeKsQHmqucHmp4TyKTGjobQ8it9Pu1zlsfmFdBGcrXNUN6ZRuhxWLIOa3rkcVhydamkwqIqN1qaBGlkWNBksQAPrUDda7LwJYJqPiS2jk+6hL4/3ea6JStG5kld2PorRLeSy0y2tJPvJEoP5VuR4IzUGws26kuLiGxgM8p+VBn6n0r55u7ueitrE000NvG007BEXqxrlLjXry8f7PpaFQc/NjLH/AAquEvvEEwll+SFT07D6eprfRLHR7cZwpx1/iNVsFjDg8P3E7ie+lOSQT3PGT1rUttGsLXaSu4jby3qATWTd+I3XIhxEOxbk/lWFJd394dyiRwe7HaKV+7KUW9kd39osINo3xqPlOOOg5qsdV05Vz5oztI4/2j/hXFpZXzAbiiD0wTSjTJz9+4I+iil7SC6l+ykdj/bOnF/v/wAeenYDimf2jp0sZHmLnYw+b1Y8/pXKf2Q2eZ3/ACFNbR5QPluG/ECmqsBOhI657LTLuQhAhy6j5T2QZrDuvDFvNEWhba2w4z6u3ArFNjqcJJjZHx6ZU0iazqdgQLhXVQQfmG5Tj3reMk9mZyjJbost/b+gysYSZIQW+U8rhMdPStyx8SadevHFP/otwOufukj0PQ1XtvEFtdptn4yCpI5HzHJ/SmapodlqcTS2+1WbcQV6HcwArePmYtHVk+aQkpG49GHRq5PW7UDULa7QYG7Y34dKwLHWrzQrgWGq5e3J4Y9V5OOfTjrXX6ptutMeeFg5VDIhH8W3kfjXVBW1RjLseXmRDeMqE7Y2Kj866iydGgQA/Nj+hrhbFiSrN1OSa7G0lYwIgA46GlLYa3NkMNxx6n+da8ALMfmHKD9KxYCwPA6mtqJFGwy5UYxxXPM0RejlIMaq2GIq7GcDrubJyKzklgRV4yQetWUMLncWIIP6VxzRuiZuQc5yePzqmwGGyDyP8/zqyx4+XkZ61Dg7hgeo/T/61XQdmTNaGMURXO/r6jtWpGZGCscAMMZFZ9wSrhgDk9vpUsUi7ejD5s+3NbTREWaWWHOeakwCGC/MetRqcDpSq2SABz0rlZqWgTvyoA3r/wDXqBiRB97Gxj/jTVJ+U7SSGwTUuOJEIA6Hn8qqDs7iaMLWLfAadFD7Tk+4qrpt0quEc7Rnge1dFJtdU5B3Lgj8K5C+gNnd/IvykZH4V07q5mux00oWWIknOBz+f/6qy4QsbhpCeMqfoelWLefKYIxkZ/z+VQX0JWCTHGVxn3PFJPoFita2z392Jj8wjIWJfb1/Gr90sflyoCeSM/jmqFuRCfKBIIGz8uhq5JKH8pmbAccj3FU0gTOOtIm0fxBJARi2u1Vk9iev613Trt5A6dKwNYgeaCG/RQXtmyMjggdRWjp11Hd2SyxnudwznmlPVJgtGaW3aZFOORmqE4MJiuVI3Lj8u9X0A2JLuG5iVI9sdarOPNhMRPQ/zqFF3HcQhQzrvxk5GOnPrV4bfMDbs7l/lzVOZWt7lYm+QlQGzz8w61bjG6NSxBCtt4H4U5xcXZhF3V0Ki4BGcZGP0x/WmkqZgMH50/XrUzgAe/8An/Go3YAxOOitt/A//rqBkCsFijYJko2M/jQWQCdCuCCCKcQ22aMfLtIbFPEpMwJYESJ3+maqwgcu7qxUBXTP9ajZhjHeo9ytEhJ5Vip9MUrsQeDjpRYCC53NIHc8MD/Q15teweRfyxjgE5WvRp8ARtnIDbcfp/WuO12DLrdAEbDtcfXoa9DDv3bHNVWtymGWSFl74rmJme1nJX+I4x9K0lmMb7T0rJ15ZBCt5Fyq8NjtnvVMR1unzIdIjPdyx/HPaul0pNiB2X5m4OT1NcToD/a7eGFTzGARivRdOiUSg4OAMkn2rjraNo3hsal5OltCEY49fzrhL3UQZbhbZQCVC8/U1ras008uzPfn9aqxWEUUkxlwCcEdzmqopRVxT10I7DT5JjISDhkAy3t6VrRJbxyRJChdyME9un/1qcrPKYiqMwK4I6DOKmjt7vytqgIqPn3xnPWrc7snlGoXj+VkC4JGP8/hTgu7evynjucflVtdO2uTI4OeeTT3/s62GXIcjnB6U1MHEyJB5+VjTBKEHA6kdKkWGGJvNl+Y8N9QRg596JdXVXMMK+VtK4J6fN71QQ3Fzy7An5xgfXOD7iu2ne2pzStfQvXMzsrRqdu3p7YqaGNywIIznOfcc/rmq4j+c8ht2D+BqWPauOu3ABI6jqKt7CR09gkVxCyyj5ZF2HPTmvmnW7Q2Gp3Fmf8AllIy/ka+itMnOCNvGBwa8Z+IVkLTxHM46TgS/wDfQ5rkWk2jV6xOENMNONJW1yBKBS0o4qWxpCgVKopgGamUVmy0ixCOa6rTh0rmoF5rqdPGMVhNmsTttJieSZFXua9UNtdJAjp/DXnGgOFuUz617BBcI48tq86cIznaTsazk0tDmLm4mZG8zjAry3XmY17Lq0UaIzDuK8c1xlyaVCLjNpjunHQ8/uScmsqQ81q3ZG44rHkNenBmEkIDTGzQhp5FXczsU3FRE1NKMVXNaJisITTCaDTOKq5NhSRTSaKYadwsBNNJoNJRcLCGmN7U6ilcdiM5ptONJigLFf6UvtSYpw5rrMxaKWk5oEN7U01J2phpMCE4pp54FSH0qM1DGN70DrRilpDFXrThSAYp/wBKYgxTsUAU6nYQ3FL14pccUZosA08UUvWkxUgJ1FTQn5hTAOOKfGPmpMZt255FdDCeBXO2/at+HoK5qhvTG3HIIrCl61uzDrWHP1OKypPUuoUHPNd78N7qO38Twb+N4ZR9SK8+kPNTWl1LaXMdzC210III9q6px5otGCdnc+1ywIO2uUuGk1rUPskR/cQ9T6nuf6Cn2usfaPDcWpD/AFk6AKP9tuKtr5WhaWC+PNYZJ9/8BXhWs7M9FPS6Jb6/t9Kg8iEKCo6dlHqa4aW6utScyISqH+M/eP0HYVRe5k1W4MzkmAH5c/xn+8fb0Fa0fAx6dqxqVbaI6qVG+rFhsreL5wu5u7Nyc1c3c8DPtUBJOMVIpHeubV7nTZLYmyc8044qMOMDNJvGaLCJdw79aQnmmZBOaUmnYkQsaTIIKnke9MPFRs2K2iRIz7rSbWclo8wv/eTj8xWYl3qOiSgzHdGCPnX7p9Nw7VveZUMjBvlbkHrmuylJo5pwTCf7Hr9psOA4GPpwBn6cmsPw7fXOnX7aFekkHmPJ7jqPoarXEM2kyfbbInyc5dP7nuPb2qXWXE0Vrrltw0TruI9Ca9Oi00cFWLTKF9ZLY6nJDGPkY7lH+y3OPwrVtCREg6DOKZrrKdQhkHdOfzOKZBu8tWHTd/WlLsJdzfguvL689TWvDd+Y0fyZ+Ygelcou8jA/z0rbskciMk5G7pWE0aI6GMylWxGuN2SfSr4WQE/dPQ1nxowDBcDHUZqyVRCcnBxxjpXFI3iSysFzkbfb61CWKtkHv1/z9akdWB+YehqF2Y8jGB/n+lERspXS5j3Zztbn6Gq8LMDtxv4PQ1fuEYiQYDHGePas04U72+XvkV1PUxNWJtwDVMM7cDr1qjC2V+9nHcfnVxduSMF81zTWpomPcr8y+YfWnKY94JBwwP0pq7mKkIPSkztUbgQVbp2xUlDgYxCCOqnp9DVW+sku4Whf8D6H/Iq1j/WIqjkZ60ZynPf/AOt/jW1OVtCJI423JtZfJcncpwQf51r3kxNg8qDLR4cf8BOafqdiZ0+0x/6xP1FUrSUPEUk6MNtatdiULI3zCZSPmBbPuDn9aqy3u6QKgDANv47Z61EqOLbyH6RNtz7Dp+YqK2ULJsiwMMVOfQ1aVyToJMvbyRnCgYYA1ymmT/2XrEmmyYENwd0Pv/npXTwTF2VZHHKFSMdxXNa/ZPLaJfQY820bch7YzyPyFTT3s+o5bXR1ZYqucHKtmmnfudDjkZ/KqOnakLy3EuMMv31b1HWpmlXemcncMEfWk1Z2Y07opTzMjRvIcneMFvyNdGiyG3kAIGDn9K5DxCRAsEI6g5b611cDoVPyn5k6e4onqrijvYsOQfm6f/XqCT5oWw2MHIz+X9KVWDKrHjb1/wA/hSDHKYzlTxWZYnyGY7fn3rnn86iU4WFyB8rbT9M4pd5xC+3IB2n+VROECSrggq2R+P8A+qqSESl1VZ4+BggioGlDIJDT2cfaM8OJE7fnWVLKWj288Eg/gf8A61aRjchslu5MW7kH5lIYf5/CqcqK7SW8jcOoPNQs5eGYAHO3/P8AOkDlrhDvB8yM5H5cV10VYxm7nJXlq0MhB7GoIVV0aCUZV8gg+mK6K8BnVWYAEpn8RxmuelPlK3HI/rxVyViYu5kaNdyadfGzjYAodqk9wa9j0gMIJp2beWwP8RXiFva3WoaygscbyAGJ6DHevahNFp2nxW+dx/ibpknjNcldbG8BBaGWUs/FXNltDMpbGHXn61y0+uSHIiHJpkVrf3skcsxIAPAJqLdyrm9LrFvbw/JyUk6VDJqd08kyIhAKgj86jg0qKOOQv8x7gVo+VGki/KVDp1/DNF0KzMoPqE4hbkDZgn3qO6spliYyNW9EqRW4dATsY8n/AD71jXlz5shQfjW9B3kZ1NiuI2HmBwZMKp9uPWryfunbMW1VZWye27qDTbeJT5e2fBaPAH9DSrDOyArLubYcA/7J6H1xXYmYWJxGUVWwMYK5HsakXIzk7V6H6H/69M8uQlicAkgkduR1H41bNswTO4Akcc9+1U2JItWYCHBbd9K4f4nWYaKx1JeMqYj745rtIWMcobcpI7D35xWX49tPtvhtbhCSIGDgex4NclR2kmaxWlj5/IpuKlKmk2VdxWIwKeBShDUoWk2NIaBUyLQqc1ZRDUNlJE0K810th1FYUKVv2SkEVzzZrFHoGgQtLcpjsc16U9vcRgSCuB8LyBLla9XimjmXYetcahGcrN6lVJNHI38svkuzntXkWuO3mGvataSOOF8V4trZUyHFRh01Jpl9Dh7ljk1lyVq3IGTWY4r0YmEhsIyTVsJRaxZ4rXWBQM0pzsTY524TFZzA5ro7uNe1YUi4NaQlcloqmmYqxtpNla3FYr4puKslaaVouFivtpuKsbaQrRcLEG2m7asbaNhouFivso21PtNGyncLGX7ilHvS06u0wG4p1FJ9KYCNmo6kaoz6UhDDURqQmozwcVDKQhz1FKOaMnGKKkY8Ypwpo9RTweapCH9+KM0fWjNMlh9KKM9qSgELil70gPtThUMYAVNGPmpoHapoxzSGaUA6Vv244FYkA6Vv2w+WsKi0NoPUZOvWsC4GCa6WcZrnroYauenuaTMeQc1FmpphzUFdiOdn0x4GP2zw7piyHKpIxP8AwEHFVfFupm8u0sIm+WUkcdkX7x/E8Vj/AAy1RZNGuLEn57UtIPoQf61jwXP2nWbyUniLbEv4DJ/WvGrQanI9KhqkzpodqHavTp+FX1kCnNZceAuRVoMMc+lee0elHY0Q3AI71LuwBmqMbHIz6VYyDgDk1NhljOCPenZ/OoA24Z7dqlzge9BI8MccUuT0NRbyOKcDkVSExGOOahbnmpzjFVzkVpEiRWYlaruxNTSk96pu1d1NXOebsTK+QQ3IPBrFW2MQutKAzHJteL2BbBH4Ve34PFMunKxCdfvrkfga7Ie6ctRXKN9MJ71nTkKdo+gqxbbSoBOMN0rNUDAOO9X4eAxxznine5lY1VbDD/PpWpaA7dwJBzkelYsZJPFbFusmwlWwMdKzkUjeAlG4SLuIFWh5n3UXAI575rPiBBB39RxVtQRtAk6j8q45I2RYUMwAVs5HfqKYUbaR6/1//XSiQlV3dexFRtwee3/1qhIoCuWU9Cynn8KxTvTDDPHBB74PNbGMmMZx2/Qis1kKdCQdx/WumL0MmiW3mTO1RjjBz7VpRMcr7YrJXeDgtux/k5rQR2PeoqIcWWduFcckqc0YGWUt1HWmgl23OSQw4A9qDj5GOeDtNYmgDy8qdxG4YOPWlTmPA5xwM0zO1SNn3GzzT9y7zxtHB4700A9WBbk8Hj+f/wBasW9tDC32uEfKT8w9PetF2IIK8bf8/wBKs5y0kbjPAP4Dit4SvozOStqcjeNiM3CZZOPMA64xjP4VQMsLnevRxnI9q6C7tDAxZP8AVyDj2Oa5K4thGUZT5ZbOSBxmtYkM34HhiO/BbawYH2NWWCP5kJXgk8Hpg1zEMt6i4AEq7ccHtWil3cZ5hkywzjFKS6jTMzTbmPSruTTblwG3jyi38SP1H4GuyylpGbi4xkZ2L79jXH6uxjRdSa2XfD0LYJHHaq2m6v8A2hcva3KuJPK8yMt39fxHOK0fv6kr3dC7N511e4mGTkNj0x/nmu1ieVVgIIyRj9K5CwUvesxPUcfzrqgQIFJIBRv61E+w49yRW4ZXPRsfnikU5kXHc/z/AP11A/EjhTu5zSAlee45/wA/lUWLJGCrCw3H5Xzx9M09nhM+MFhIufy5qM8PKu0nIBFM3tiByv8As8flVJEMjLqpjZAVIYqT7ZxVKdWDsm/cck5+tWJTKYZVHARs8/59RSSDfL5nALqCP8/jWsETJmckbFmVT1Ujn2qoFCiBuO68+v8AkVpMgDhsA57evaqUkKKCJRyknIz2NdMNzKRnPLtgCFhwXA9qxrxfNh3r1K8/Wte+Map5SrnDnB9Q39RWSMiIKfSqqCgZPhucJqXl9Hd8e/HNdZqExIaPJ3AnkmuG05Fh8SLI+eFYj8sD+ddO2JblAM/McEmuacdbmsWbWj2fmjz2HXpmup8spGCABg596g0xEit1U9uKuOFeNsn865py1NUhrFt8iqwUEdu9LAkeYnkcsRxipkjLSI5GAV7delRXEq29tkdQxzn61F76DKmoXCFJoxhcDjn61jWcYmcynn+uaWeBri5mJQ8L2NWYxsjAjXrzXbT92NkYS1ZM2wiJvJGA23OeOelQGJ0Zd7najkcdVz/Q1GYlMbh2c8jKjoelWUh2M7wgKQVOW6/T3rojIzaFtgRtB/egKQCDyCPWppJnZCSuQMHHtU4hBYnPIYN8gwcGrsOnSuSdpwe54olUS3EosrwO24gFeDxn06810Agiv9Oewm2ukoKtjsG7iq/2GKL5pGXOOc8nipo7yztx5YO7pz2rmqT5vhNYxtufN+p6XPpt9LYzjDRMV+vvVEQk19D+ItHsdesnmjAW4iUsrAdQOxrxn7E27AFSqncfL2MIQVIsFbn2F16rUi2LkZ20OoPlMUQVMkJrWNoynDCnrbEdqlzKUSnFHWzapg1EkB9K0reIgjisJyNIxO48N27yzbl7Cu7kt7iA7wetcx4VcRbjivQo5IrhMGuaMFOTV7MVWTXocTqskgtzuOea8h1ZmMrV7T4gSOKHavPNeOamA0jYqcOrNplbo4+dcmqPlktituSEntTI7Uk5xXoKRm4le3TBrQJIWlW2Yc4qVomx0qJasnlMecZzWPLHXUPZTMNwQ4+lUGs2zyKuErC5TCEJNP8AIOOlbi2Rx0p5tCB0rXnQcpzjQmo2iNdEbQ+lQtaHPSnzhymCYjSeUa3DaH0phtT6UucOUxfKNL5RrW+z+1J9nNPnDlMryjR5RrV+z0ot/ajnDlOMoPIpPpQDmvTOMWjvS0UwGmoiKmIqIipYERFMOKkIqM5HWpY0JRR7igVIx49aeo5zTaUetNCH+xo6cUnWjPpTEBNApv1ozzxQBIKkAzUa+pqVRUsCVVqdBzUaCrCCkBoQCt+3Hy1hQCt63+7WU9jWG4+YVz92Pmro5K5+7HNc0FqbT2MOaqhq7LVNq61sc7On8I6s+l6qPmwk4MbfRq1NBuydTvoZPvM+79TmuBDmN1cdVOfyrpFn+zatHfp9yTBP0brXLXpp3Z04edj1WKTKD3qyshJwKyklHy46datwlt+4nrXiziexFmwp2r9KVXPU1VB4w3epM4wvX1NZFl9XUDjrTtx/GqKEH52/Cpt3BZu3akBZ3jPSlDk5PYVW4IHapB6joaBWJPMPSmsxNM2c5pzHH1qlIloiZC/NUJYpAMgZrUCkrzTtvbFdEMRymUqVzmiSp5BFSthoXB7it5olbgjP1qBrOJuMYJ9K6o4yL3MJUH0OXRBt/HNXIhjdxmtKTTCASjfhUP2eWEkuvB4yK0jVi9mYSpSW5PDHg8+/9a04kjYEk4I6VnoxyAPSr9uxOflzmnJkJGtChDDaFOR3q6qyDYAoX0NZ0EjllGM5FWlGduXxzyO4rnkaotEjpuwc9O1MfnJ45/wNKMhSAwbBB57005Lf59qmwxjEfKd3Ru31qpNH8sirIcDB/KrLKfKbpwc/ypsio0j7yMMp/wAa1gSzP2yo2EbJP8jV+Fm4BrLIUEbHwNvHsRVy3Y5PO7nIP1q5LQhM1QWzGynGDilCHDrJncDnI96iGXhYDqOev4U8Kiy5b5g46elc7RqhDFGZMFiN65pP3Y2EZ3dMetRFocI/PDYx7U9Nn7yNQW285PWkMNoG5qkVwroWy24FT9f/ANdMdhj2pm9jHu6bDuqkxNFiI+dE8TJwD/OuV1G2e0k2OTsJ3I3YiunTd5zB2++N35UrRW11bGCX1Iye3uK6Kc+jMpI4SJGWUeW2MgjH61px7sRsJOduCDVW8t57OYxOOAcq479qdHGQOo4bkf1raSTITLsln9oV0lOQRj8axV0q4S+aRn3bgTnua6lOlLsUyR55JyKzTsUZNjZmMhjycgE/iRWz5e2KRCucYpiIAjgDlG/+vT3aJXdct8wpN3BDHk3MDwdy/wCFQtJzgdOP6UPJmGE7Qf4c/mKpSMB0+v8AM00h3LYlBnTLn5oz+eAaqiUG2DqSdshGfxzTDKFeE4HBZT+oqi8p8mYZ6N26dKpIm5qO7tLNHv8A4QT+dVt/7uBtwIwR7gimeYxuWJA5jP49Kq78xQjsHP8AOtIkstyOQQFPP+RTZE3GQnB3oGGfWqbM/c9T/wDXp8JIeP8AjLKVIP8An2reLM2ihqOSN6rhWAb6EdxWLI+B61q6gwWBOTnLLg+1c80m456VUhIybotFqSSqcbk/ka6WwZLwj5vfBOOa5HVTvuYMHB5zXZeFrUeXJM7KVOOvXisaukblw3sdhZbtpQEEe3NaqLIMhepHpmi0jhQZGKvG5t4wcHmvPk9TpSK/nGHy+GZ8EVlyrLcxPvQE7u/atJ763DRrgnvUH9oM29YYsk45x65pxuJjo9PHn7yQu9SOKsRWlqiKrtkDiqDXF9I0bNhRjue5FZE13FGp+0XSIFPPPr1/lW6uyHY6wvp0WVJXnj8qqtrOmREZbcRx0HNefz65osLqJJjKQei/SsWTxVbqMWdrnnILe/8A+qt4U11MpS7HqR8RoxH2dGbnbmq8mr6hIMgbBkr8xryafxRqc4YRbYgTu+UZ7ZFVvtOrXTkPJI4J57DqB/WtlGC6EXZ6rJqEMbZurpQO4B9azj4l0+LCwRtIem49M9RXCQaVdyYaQBc9cnnp/wDWro7bR40lRSS+OfyP+FNvsNRPU9D1OLUEWMoELK24+2Kp2/hdSS2ODyKn0S1t7d4mVfu8ce4xXolqimBeK86r8djZ6I89fw2rHaFqVfDMaLgrXoaxrnpStGp7Vk0yeY8wl8Lh33BaY/hgbcba9SEagdKjMSk9KVmNTPK4/DexuRUk2g7RuQdK9NaBD2qvNCqoWxUSi7FxnqcjodnKu4KOelbcgu7R+BxV63i+xjeR96tM+Vcx81nGhzJ62kOdTXyOD1iV3jHvXns1jJIxYjivVL63R5hH1FVX0oyMAB1rmVR01Y1bVjzq08Pz3bYRfxrc/wCEOlRMg816dZWEVrEFA571eES5zXQqsmYuoebWPg9cbrgZPpWwnhazLAsg46V2m0UoGKd5Mh1DmW0ODZsCDH0rHfwhaM/mFB9K77AoIFT7wc55zc+ELWVf3S7TVRfBkITD9a9PVBSOgNaRbHznjj+DmEpAHy0yfwiqx/L1r2QwpjkVCbZGPIqryDnPE4/CMjH5qrXPhWVD+7Ga91a1jHaovsMTckU7sfMeDHwtMFywrNOgXG4jaeK+hnsIjxioG0iA84FHNIfMfPcmiXEfVafFoNzL91a94bRoXONtXINGgT+EVpGTYnKx8LClx3opeK944RKPaloNFwGH2phHepDTSKTYEJGOlMOD+NTEdiKYRxmpYyEjsKOR1p+McmkxSGIM9admkp9MTAcU73puM0v0piG8ZpBSmk+nakBID3qdTzUC1Kuc1IFpT6VYSqqmp1NAGnBW/b/drnYDzW/bH5azmawLb9KwLsc1uyfdrEu/WuaO5tPYwpe9UT3q9N3rPY10x2OZkT81qwSfabTy85eHJA9VP+FZBoileJxJGcEc0pRuioSs7nq2j3i3VgjdSnyn8K6G3kywrzrQtQt/NKE7Gk6jsT7V3Vs/OK8fE0+Vs9jD1OaJuF+9SgkqD+dVIzu61MZMLjNcVjqLvDEVIBkZqpFJxk1OH5BqWikWFG1cnqaevPekJ+XIphPGB2qRWLApvBYE9qTORxwKeq5NDCxIADzTuDTTnpQMYqbjsO56ilwaOODSZ5wKpMloXHHPamkFql+vek69BTUrEuJVa1jY5+6fUUscTRnrkY7dasUmCK3hXexjKimEBjDruJHrmtANGEzwSG61mt6daaCwG1a2VRMxdJo1GZCH28dMCpCcDPrUEUm5uozjvUmcgZPT+laGbRLjcGBGeOg+pprAZjZgBlev4UqYJOW7GmsRsjOScHHtwapCZleaIwvGVDkZ+v8A+unQvHlQh56H8O9TXKMGlwMbcNioSsq5bAC8Nx71sZGvDsf5ScAjH+fypVaNFRgMlTg46cVBAwUAk8D9anLJl0bKDqAKwmtTVMdKuN4cbO4xTY3diuRuDqQe1KZlLRsq5LAg57/5NMBfy8nja2cA9O9QMCPlxg/KSMUgX7wbuOKd0kdVO7PNKNyMGHagZENoMbM3X5T/ACqZGjUSpuPBzx71AwkAdSASpz9M1ICfN3jb+8WqTJZYuLWDUrZUkGCw4b0Nca0E1nM8Fx95SCPcCunWXZCCWIZDjA9uasXtvbainlPlXxlW7g/4V0wncykjF8xQOvpThMqqpHQPn86w7kT20zQTghhUYnAjYEnI6VfKK50H2iPMgHtUbXgDxnI5TH6Vhm5Lu2P4hmmrJjym9DRyBcv+bmAkk/I+f5Go3lw2DyT/APWFUzJ+5l4yc5+nFJI3O4egppCuSNKzRoT/AH8/niqzykCdc4zjj86jfLRsOm0g/oKaVXfIP9mqSESR3CrMhJJ/d8H8BQtxiGID+/n9aqbsPFz1QjioDK3lRrxwxp2Fc0zJuzntn+VKkgUxHH8RH86orJnAPGf8/wBamRw0kP4t+houOxWv5C4I7ByR+Vc3JIAeTW/P9x27b/5AVz94jRvu52mtou5DRzOrSsZdyHlK2NC1m1jyk85RT2965+6yXbvk1QtIozPtkHAI/nSkrqzEtGe2WXiPRo0xLcMT7CrTeLtEjGUjeQn29a4+10OyaQZLYPvXRJoGmqCShYgdz6c1yNQubrmK83jYquLS1AIOQWNZ83izXJ2ZYAIwTj5Rk+1dKumWEf8AqoUBIYA4/EUrtbxDzPkQZRuw9jTTXRA0+pwUz+IL5Q0rSlcBv7o6800eHr6R8SkAlmU5OTnGa66fUbFAYzKOA6HHPHUVmSa5bq25FZmyjc8cgYNWpMlpGZF4fRMPLJ1CMcD1ODV2PSLGLlgWI65/2W5/Q1Rl1lyhVEA4ZeTngnI/KqEusTuSWlxknhR69a2i+5DR1KW1vDgJGq7cD/vklT+hpjXEEa4kcDj9cY/mBXHPfGRvmZmz70RyO/RcVVxWOwGqQA7gC3P075/qasR61MHHkIM/TPaq3hrTIdRv44bhS4Y9zxWTIYbO8e1vrsp5TMCsa9MdqzlU1sWl1PWtIvHkKGbKsSMAYHNel2Or2bxsjMAYyVP4V8wW/iBYcCxQoe8jHLfh6VsRa/Kq43HPeuWUZXuaO0lY+hRrdq9wIlYY9a0pLy3jTezDFfOkGssX3lqvya/I42bz+dRaQOnF7HvNtfQ3IJVhRPeQQkIWGTXiVprkkA3K5H40+TWpZn3FyfxqXe2weyVz3FZE27iaoC8imuRHkYFeWrr9x5fl+YcfWp7W/YvvLc0pT20HGluepXim4Aii7dTWVIbi2OwnrS6VejyldjnNbcqwzx7+OKxmlUTlF6k6wfK9jnYSHu/n7DNaUTr52DXM6rdiwmSVfxrOk8QxD50PNcqi2kzSabeh6SGFPBrh7bxRaumJDg1Dc+LbeJwqHIraMWYuDO+zTq4hfFlnszuGabb+L7WRyrnGK1UWL2bO4oNcdceLbOJcowJpIvFVm67iwzRysORnZCkPJrjF8WWjPs3Yq5/wkVoo3bxVJByM6hjxSKK5+LW7aYblcYpTrlqHEYcZNVYXKzeJBNO4ArHOpwqNxYU2PVIJuVYYp2HymuBk0rEdKzG1KBMAsMmpFu4yNxNFg5S+oA5qUVkrqEMjbFI4q0LuJRyauDsS4s+CMUYopa9m5zifSlxSilxTuIZikI9KlxTSOKQrkBFNIqZhUZHWkURGmkHtUmOOaSgCMDJpcU7nPFHrQAAUnA5pe1HBoEMPvSd/anEY+lJ9aBjgKlU1GOBTgcUgLCntU6mqgapVNAGpbtXRWp4xXL27c5ro7NqzmaQNCT7lYl30rdcZSsO74BrkT943lsc/Maz35q/OOtZ7cZrric0iM0zr9acTjrSc/hVCHIxRg6nkHIr1PR737XbpIOuOfqK8qHWus8MXW2Z7cn7wyPwrlxVPmhc6sLPlnbuepRt8tMll24A71Xil4FNlOXrx3E9fmNJZMKPercTYPqayUY7QBV+Fsc1nJFJmp5meKFLdaroCWznirUfTPrWLNCyMMOlP57dqYpzjFP6nioYCZwBn1p46YpuASM07FMYnNSAYA9aOO9KD6daSJY7+dN9hRnpzTSecUxDulMY0pBJwtJimmJjRzyaTAzmnEelIR2rVSIaE3AVLHMU4HIqMqMUn0q1MhwTNGK5iJAf5eak4aFirZw2RisgjHIpwZlHB61tGr3MZUexpTQqZiDuJZT/Q1R+R9uCxyCMfSgzylgW7f4YqPzX24foGziuiNSLOeVOSLsDb0UjnitUHaUkb5s/KRWRayDcQuOCcVoFWeMsTjb8wFEtQWgEkxlQpxG2ce3WlQR75F243DIzRtkMjqpK71yO+aiV1UxF3J/hI/SosO5MGYiNsjkYpsv149qhLgKdoJ2Nn8KWRt3HYilYY0iMv8xJ3ryPemKo8tXK/cPJ74ph34EgH3WyfpTzvDSRsc7uRj2qkhDwUQyR7CR1GaVZSRG7YyRj3qv5igxszZyNuB60wOFR1VCWRs5PX1qo6CZpXlpDqkIRziQfdb+lcbLZyQStBKnzAf5NdPHcYO5eMVedYNQjEcvDr0b0rohK5k0cJ5TAoQnbb+NR+XIFC/wB1+n410clvLBI0LgJtO5T61A0JlB3OAHGcD1q7isYDCVDKh9jz1qIs+etbrW6sQdhbI2kn1qmYNoG5cHvTuIzSR5RyepH8hQWXfJnPA4qw6YhbBxjBxUTp88nJOQO1MCoW5j+X+Hp+FVi5KDoOTV3ysvGAD9zPNVmjAWM8HrmmIaGO3dUysQ/sqYH6CoyMKQPSmSuVMrH0ApWGmIzZt1Xux6/jVK4VZFdGORVoMd6KediZqs33en+sPT2qloDOebT1C7W569B+VUp/D14ltLeQqcQruc9gAMmurR/Im3gZ2npXY6lp8L+Dr+8tWJUwbs59xkVlVqOLVioRT3PK7PW7pY0IboAOnpWwdc1Bx8rN/wABWqejxJ9mTIB712doECDIFZVKiT2NYU7o5T7Rq9x90TH9Kj/s/VZM5iwD3Y16CCMYFVJZOaz9s+xfsUcSdJvjks4X2FR/2O/V5CT7V1srVnSPjpVqowdKKOeGmxKfmJOKX7HAp4UVov1qA9a6IsxlFIjWKNf4RV6BEz0FVu9WIzg1ujNnb+GdqajDgd68o8UAr4ivgf8Ans3869N0CXZfwn/arzzxvH5Xii+HrIT+dYte+N/CYMUu3pV5Lg+tY6tUytVWMrm6l2QMA1YjujnOawVc1YR2AqXEtSOgF2x4zVuK6bua55HNXoy2KzcC1I6SKZ2OQc11GnK8zBD1NcbYuwccV3ulyLuUkYNc1ZOxtBnpdnpjLaqo7CkkkmgHl5OK0rC62xqr9xVi8ghlTeOtebKgpQ54S1W4nUalaSPMPEbsxBPYVxW9q7fxAoMxX0rkGReld2HoNwTY3OzKLysOlZc08ua1ZVAGax5jzXXQoK+pnUqDPtEo70C6kHeqztUDPXS6CMlUZp/a3PelF2/96sjzKDJ70vYoPaM1/tjA9aeNQf8AvGsFpajM3vSdFD9odPHqkycKxFOGqSZ3bjmuU8/3o8+p9kh852h1u5ZdpkOPrSxa3PCfkciuK+0H1o+0n1qfZIfOdw2uXDkMzmrY8T3mzZ5hrzz7SfWj7UfWl7JD5j0GHxDcwvvVzk1cl8U3UoxuxXmf2o+tPF2fWl7IOZHE0tN+lKM9a9G5wjwKdTRTqYgoNFFADCKiIxUp9ajY0hojPvTfpTj1ptIaENHWl4pucdaYAOlFFFACdRSADNOpooAB6UuaOMZpM0hkm70p+7tUINOyc0CNK2bkCuksjzXKW7c10tk2cVnIuJ0BHyVg3o5IrfXlKwr4cmuR7nR0ObnrNc4OK0p+lZj/AHq64HPIZyetFJRzVkigVe025NreRy+jYP0NURj8qUYBqZK6sUnZ3PZrdwwBzkdal3eY/tXPaHd+fYKScsvyn8K243FePUhZtHsU58yTNSMccVoRrgc1RhzvwelaCnC5Nc0joiWF5FThsJj3qkrHGasRtuABrCSNEzQQYXAqQECq+8/LUoYHms2UPHXmn44+tNHXFPBz+FAASNvvTVpWI5x1pMYxQIdg0zByB+dSg8UmOKBCHpxTQKcfQU4rzj05oFYZ70EU4e9BWi4WI8A0vbgU4D0pPai4rDTnGKayjFSDrntSHt3pqTFYjweCKQg9jUg54puOcntVqRPKRkc5FL5si9GNLt4zmomzurSM2iXBEq3UyOGJyAKsC+YJtCjrkfWqDtt4xWPqOtWelQiS6PzH7iDljW0JSk7IynCKV2dkt0ZpCAceYvOKoXmp2FjEDeXCRnpyefyrxbUvFmp3rFIpPssXTan3j9TXKSskp3yFpCe7MTmu+GHbV5HFOqvsnuMvjbw5FuQXDPu4+UVr6VrOlaqEls5xJtG1l7jjFfO0cCzn9zDu+lalmt/pUi3sCPEUP3h0JHY1o6MbEKcn0PoMywhJEHVDkUhmRpxhSVlXr+tcFp3j6zc41KMxu4wzAZXPrXV2+pWl1BHNbTowVuBnrWDpyRopJl9JMoTjpx+X/wCqrME0gfHT/Of8aokSK7qRwWzxTUdkYMT0NSnYZ0kc0N1CI7gZxwG9MVXltWgfY3IJ4YCspJhGsibvunP51twXaSqI3+ZXA/WtU7kWsVHiGCW47Ef1qrLb5JKrkjr7j1rZeBYcOq7lPc/1oZEI+Y7fT6elOzQjnWgRePUYNQNbkMCDyowx7YPet6S2THy8g1CbfAwF9qfNYLHONbbcZbOw4/4DVV7YBNijJU9fY11QhA7YxwP8DTHgyMAY/p/9amqguU5FrYjJxUNxBLiTkAMARXTvaqBx27VTlgXaCecdKtTFY5eRGEjtvzle3GRUChtyAfNtTPWtmaMLg4zjIrNKN0wBxt/CtLCuUApZdzfWsvVtW1Kw0uaztpCILgFJE7YPpW2sZxz0HWsHX4s2bDHr+gpNdxodpBzbp9K6iF8DArltK4t0x6CuhjbiuCpuzthsaYkaopDxTFf5eKY5rKxoRyOOKz5SM5HSrEmSKpSHPFaxIkV3NQk81IeajIrpgzGSFBqaM81XBqVDzXRFmMkdPo8m27jJ9awPH0GfEs7/AN/a35gVq6cSJFPvVD4kMY9eR/70EZ/Sp+2iX8Jw624qZbdRVL7SQeKT7S1b3RikzXSFO9WkhiFYInkqZJ5D3pcyDlOhVIVrQga36GuXR2bvV6EkHms5T8jSMTtLTygQVGa7XSYPPkXaO9cBpkhVhjmvT9AlQzqAOa4MRV0sdEI9TujYTLEGU4wKqedPF8rnOK6C3ukkGxqzdTWONWcelefWoR5OeDFGTcrSR5bq93vuHJ9a555B1qzq0mZGYHvXPtMcYzXoU6toKISjqWJ5xjFYs0ozTppTyawriZt3Broo1NTOpEtvKPWqrzr61nPKx71XLt1rpczFRNXzx60w3C+tZW400tS5h2NFrkVEbiqRIppNFwLnn5pPONUt1PDVIy15ppvmmoN1KDQFybzDR5hqHNG6iwXJxIaeJDVXNG6iwXMnNOBpgoBre5jYmU81JUANPDCmS0SUzNG6mk807iAmoiwpWbIqJjzikykLmkPtTd3ekzSGOzRTR0oJpiFpfekoyMUBYDmk5FJmkNAC0Z4pueM0nOKBknSgE0zORS5A5oAsRHBFdLYPyK5VDzmuhsH5FRIqJ18ZytZF+Oa1YOVFZ+oLzXFLc6ehyk/pWVJ14rWuOCayXPzZrqpnPMZnijrSHGMijnrWpAuaO+KTBpwRj0oA6jw3dbJHtz0YZFdtbyAkDvXl1p51tMs6Dof0r0GCUMFlXlWGa4cTT1ud2GqaWOtjbvV0NvAx0rCgnDDjmrqTEnivOlE9GMjQVuoB6VYQgEYqjDICTng1MHwdxNYtGiZf3nrVqM8DNZQfIwO9WkkwoHesmi0zRV+DntUitxmqaPyQe9SB+cetZ2HcnfgbhUUcxkY54ApGfooNRqSCAe9FgLYO7j0p4PemqOwqVV7GgBwA6mlOOe1Hakz3NADcDtRnC0vXOKQKcYPagQADOBUWdx4qY8DikCgZoAjxtFGaccA49KYTzQIDjFR/1ozlc9KhOQOtO4h7NTCDmmqpzk1znijxAukQCCD5rqUfKP7o9TWlOLnLliROSirsh8ReJYtKX7La4kumHTsnuf8ACvJLu/lnlae4cySN1Y/yHoKinldmOSXkc5Y9yapxxmV/m4A6+wFe5QoRprzPIq1nNjwXk/xNW44pHX7oYDueAKupFHbxebMuSfur1I/+vUu8BPOuwE80YjjPQL3c/wBK2bJhBsuWWpxxJ9mbBAxyvUf41rtqr2SZXJjl4YdiP901ho0s1m09kiQxp8qsw+Zz6Cqq2E0MgutTuFjIO4Anc2fpUNJnVGk4q6Ne506Gb95EuN3PHv7VjNbLCCQx4PVT0P06ipbjU45Z1+yM+8kDcxwPyrV8+0nYC7jD+rDg/gfSkroiShJ76la18RavYKPKuGkUcbX5/WunsfG0E2Evo9uOrL6/SsGfSLK4bzLKdIx3UmsW70p7c7wyuB/Eh6fhR7styXRnFX6Htltf2l86vazo4kUgjuMeoq2lwFjTLkeW3avnYPdW7ebAxBHO5Dg11uj+NLiJWtdQXzlYjDdCPrUujbWJmqnRnutpqOyR4ZW3KRn5vTNXHRCnnW43r3XPSuPt7oS+RdI2FdR+RFaNnftAX3Mcg549DUp9GU12NyO6j3bQODzz2qwJlYbsA1RKx34E8J2OOq9j9KorOVkMWGUqehqrCTNZnXqFzjg/SqFzdrb53nlP1FQS3GE+Ylc+lcdcNLLNtJOSCBQqfcHI2bjVIgTjOVP6HrWU9+78IpwKvR2Nlap52oPknoO5xUo1K02sIIQR1BPAzjvQ5W+FBa+5iNLdPkhOKryCcE7l7ZI9K7SCSOVN8kY2A4OBgHjg0qmxdW8yP+8CO5+lQ8VboWqXmcMjPnbtJJ9KydZtr3yCXjYJg4/GvYY4NPh+ZIctx+FNc2TORcIXAxn0OelZSxl9kWqJ4xpgIgQHrgZrbQ4FQX0ccGq3MUK7U3kqPQHmnqazbvqbxVkXFbHNNZjUQYYAprtg4FKxRG7HNVm561K5J+aoj61aEyAjHSojVgrmoWGK1izKSGVLGOaiqRDg10wZjI2LNiJVPvTfiZGHubG6xgvbgfkajt2+bir/AMQVEulabdd9jJ+tE9JRZHRnkoFPApm70p4atDElAqdRxxVYGrCNSGW4RzWtboshA71koSOlbFq6ggnrWUzSJ1Gm2cquDjIr1bw7p5MoceledaXcHI9K9Y8P3A2F14xXnV5LqdKXu6G3PZSQ/PGcVh6jNKLZ955xiu0jmjnTDVxXiBkjhYL0zWNenFOLi9GRSk27SPJdRkO85rAeTrWpqMmXasRua6ktBvcrzPxWJO2TWtN0rDmb5iK3pIxmQk1C1PJqJq6TMYWpN1Naoy1OwrkhNITTM0ZzTEOzS7uKjJpAfWgCbdS7qgJpQaAJwaXNRBqcDTAdmmk0maaelICgfWgGkPNFakC554p2aizjrRn0piJd/em780zNISaBWFLHpTCcDNIT3pM0DHbqTPrTec0/BxQADFGaXaeopcN6UAM5padtOMUhjJ6UwG5zSe/WpAmaAnrQBFnNJxUxjo8sUAQ5NLUoTvT9gzQBEAc1tae2GxWZt5zV20yr1MloVE7m0bKioL9eKSykBUVNdjcvFcVRanStjj54ySay2gyea6KdcGs9l5rspR0OWbM0QU8QA1exSha1sRcqrbj0q3HAB2qVUqdBVJE3JYYF9K2LYeWvl9u1UIxxV+PHRulFSkpx5Qp1HCVy7HIYm46d604J1HQ8Gs4WzyAGJgT6Hg0eXJC22RSprx6tCcfiR61KvGWzN4S5YMD3q15gY8elc+kjJ1q8kmVBFccoHWpGrG+BirqMSOPWslJAwAbirqMBjFYyibJl/J65qcNgjFUg3QVMr9qyaLLoOcj0qWNSSPaoIjzjNW0GBioYyVcZz6VKtQrwTTwCealgPHAx60cbTTDzSjAHNIBy4A5pA3zE0DmgYbPtQAgfPApeOo700JjJHpSNwADQIOSTmm0vrQOVpoBpOeKgxzUrZxTMVQENxPFZ28l1McJGpY/hXgd9fTajfTX8x5JwB6ew+gr1HxzeGDSVtlODO/P0Xk14+2ViUevJ/GvWwFNKLmeZjZ6qI2MGSQv6DA+p4rWS3QzMSQRGfmx3IqpZKiujPwN2SfZf/wBdbtzaoXa6seq/6xB/MV3SlY5IQ5tiGJJEtn1G7YCNuAmPm9gD796Ylgbm5Sa6ZXZxu2j7qL7/ANBUF0X1O4Wzt8+TDgD3J6mrmpTQ2UQsrUHexwfc+lJ32W52Q5Um5bL8yrfXxaUQ2fzLEuEwMAZ7/WsRoi7EzSFmPULz+tXXAhiMZOMDdI3+fXtWWu+4yzZSPso9K1SSVjjq1XN3ZIZIrfIUBfqcmp4tQ+QqW69M8flVdYIew5qUW6HgjFDsZlB0kZiS360q5Xq/61dNtbD7wqJltlyNlVcQR3AX78g+verKyWVwwG07v7y8VNb2rTOI0iG49FAyfx9PxrsNP8LzSjMxjh+uSf0rOU0tyoxbLui65a2+npY3TvlD8rHn867CK5t7p/MgkDh17HvXHXvh6009Va4vIVDdPlbFaen+D9SuIY73T3hdH5RlcrnHpmuduL1RqrrQ6aG5kiPBI2jpXQxXNveARTHbJ2Yde9cOttrljKLS4gWZyMgLIC2Kkju9lyLaZXgnBDbJBgn6djTjLoNo6W9ieA+XKMZ6N2P0rBvZvKuvMUDBXgfTpXQWV+kitb3h3oR37ZrB1bTprc/aoz5sLdGHb2NbIgyZ5XmbMhJxxzVu0VFKvJyB27cZ61FZCGV2juDgOMA+h7GtWKwm3G06Lkkv6qKU7JWHFGvF5klq4ON55Ue/pUEC/vWMTH0Zj+OSKfAW2KsYwI+c+w6n8auKI5kAUYbnaB6g964KkToix+BhF3EKqZPqcD+dPWJ3AMi+WCBxViFDJIjKQVbgn1NaF7bsFMyc5OB9BxmudwZrc8t8V24t9VjnGMTR849V4/lisVWxXW+Lo2l06C4VMCJ/vE9m4/mK4tW4raOw0WVelY1X3Yp2aoY4+tNNHeloBkZFQOaskcVC4q4shogoBwaU8UnWuqBjI0rQ8g1seNVEvhO0lX+CYr+YrAtWIbBrpNfVJPBLN1KzqfzBq6nRmSPGBTutIKUVbMSUVYQZquOtWkpMaLsSEmti3t/Mxt61nwD5M1sWT7WGKwkzWJ1ujWkmQsgxnvXsehaaRa4z1rzLSpwNu/mvXtLufLt0HrXn1HHmSlsbSvy6DJYZoGODxXG+IZWEe32r0u4MckJY15Z4jkXey1lKko1FZ3QqcrrU8vvWOTms0Hjmr16+WNZobiuzoHUim6GuduPv8V0EzfLXPzn5q1omdQgzTDTiaQmuoxITTCKmHJo20xFekzUjLioqADNFLSUCCiikxTGOBp2aYBT6ADNJS0YoEUyppmw9MVui0FO+yr6VuoEORz+xutGxq3Tbj0qFrcDtVchPMY+wgUGM9a0Gix2pmylyjuU/LJo8onNXAlOCUrBcqiOniOrWylxTsFyt5fal2CrBWkxRYCsVpNuKsEUw0gIitGKkxxRigZFijbUm3NLjtQBFilAqTHFGKBDAKnhOGBpmKeopMcTpLKTitRzuWufsmNbanIriqfEda2Mi4HJrOYc1q3A5NZrDmuynsckyPFOApcUYrUgkAqZBUSmpAeaZJbjNW1NUVarCvVJktF5JCKvi+kZPLkO5fQ1jbwKXzQKb8wXkaSTLnym79Kto+Kq+HlS81uCFuQDkj6V6LqnhOKZmm01vLb/nmen4HtXh4uEYTtE9jDVXKN5HGRuQ1aKTHpWZc2t5p8my7jKeh7fnTo5s4PpXHJHZGRtxyE9TVxG71hxzANzWhDKKxcTaMjUV+461fQkjcO4rIVhwRV6CcBdprKUS0zSBwBT4+hNVRKmOTUnm8cVnYZOCCfenYGMVXDDsacZCvSlYVyVTjG6m/KobFVmmUnrUT3UajryOtPlYrl9myoApMggA+lZLX6D86b/aMXJzT5GLmRrgjFRkHtxWX9vQc54NKb9DwDT5WHMaRNQvIB1rPN4OoNV5bkFTg81XIw5jh/H05klt488BW/UgVwUnL4Hauw8YgukNwOdhwf51yR+8TXtYVWgjyMT8bLEW3Hln0/U1o2Vy0LDH+sj6H+8nv7isVW3E4NXVkLhZV4df5+v0NdDVzGLszdESRS/2rZr8v/LSMdj6j2rAR0dmv5TuYZwPr/jXUaMwbdMv3T29D3BrP8S6ZHpN8s1vgRzfNtPQEdazhK0uVnXOMp0+dbLc5W6YySfZ85CndIfVvT8Keg3ABRS3IVpo3TjzM5/CmzTLCu1a3OElJWMYqtJcehqDZcSkHoD0z/hU8dgzE7snH4UaAQeYznCjJ9KuW8BByMGT9E9z6n2qzHbqh2swQd8f1NdFpFjbvG88v+pQhSQOAfeplOyGkUIL9dOQxQYMrdz1z6mum0rxBI0aR3KlSrcyDlTjsfSq+u6TpT28csE6CcjgjoR2z+HeqFlb+IDZjT2jMlk7bvmwoyO4Y1lpJFpNHa/bNJ1WExyFSp7HkZ+vasqCyGix3EM0haGZf9H3MQqnu2e2Bz71lF9N8N2xvola6kZtiZOI1OMkH+8R+VczqPiK91gCHywiKv3E5GR3ohTf2dgcl1Nu88YrYTPHoUUartC+cwLOSByRu6c9K67RPFuneK7EaR4iAjuox+5nX7wP94H27ivH5ILi2hjuHjysh+ViOtU4XeGRbiE4ZTke1buhHZmftHe57pDcXNlfSaRqWPPUZjkH3ZV7Ee9dHY6k9vERMA0fIKnvXkpvrnWYvJaXM0BDwN36crmur0rURqWn+axxIp2uP9rFS4OJpzKR09/owCG900lo+Syd1B9Kj0zU+Ft5DnHygmmWl+9vKrI5wQetaE9pb6j+/sCI5hyyDo3096lq6BOzNxbeMkRwDCY3P9Pasxo3s5mUH5WHXuPpVzTbh1UeZlWj4YVpSQw3IXBAbAI9DnjFcMtGdKK2nuAY4xwpx9MmutRVnj8luQVx75rkFhksiGXgt82D7dq6eF8qh7tjp29ahPUpnJeJdPL6bdIRk7cqB0BXBryKM5QGvpK6t4rtMsM7uDXznNA1pPLaPw0Tsn5GrbHBjaWkHNOx3pGgvPWlUZoCk8VMBikA1h2qvIOKte1MZM8U0xNFFxjpTBVpk44qAoRXXTZhNEkRwc1014DN4QvU7I6N+prmY/vYrq1HmeFNTjP9xT+orWp8JktzxXNA9aAKkVTVmA9TVqKoFjIq9EoBGallI0rcfLzWza2zOQYqyoRha3dPkIYba55msTutGsjJtV+DXr0enMbZQDggcV5toMu6VE6kmvVoLkKQjdK4LQlO0zSpdLQwJGuIso7EgV5vr8rO7GvWNW8oKWXrivG9ZlG41lCnyzaHF3jc4m7Jyazx0rQuGDGqDe1daeljO+pWmbisKY5Y1sTnisaXrmumiRNkRphpxphroMxydafio1PNSZoEROKrEYq0/SoCKaENpO+KUjmimMMUmKX2ooAOlLmm5ppNAElGe1R5NPoA6jywKYyVdK1A612IwZUKVAyVcIqFhVEme61XK1ecVWYVLGV8UoFPoxUlCAUuKWlpMBmKTFSEU0ikNEZFNIp5ptIBmKMc06igLjcUU7vRxQFxMA0mKdxRkUAJThUeeaXcMUmNGlaN82K3A3Fc5Ztlq6Bfu1wVviOyOxUnPNZ7EZqzcMVNZckuDXXSlocs1qWCQBQWqh5pNJvb1rXmM7F/zAKcJh3rN3E0m5qfMHKan2kDrTvtijpWQTTc0ucOU2Deio2vCRxWZnIoocmPlR1XhrUhZ63BO/Tdg/jX0juVlDjowyK+R0fawK8Yr3/wZ4ij1WzWzmOJohj6ivOxtNv30deGlb3Wdw8UM8ZjmUOPQ81zN94UspsyWhMD+g5U1vklWwKkEpYYPavLu0dp5beaPqVif3sZZB/EvIqtHchevHtXsKtwQ1VJdM027J82FGPrjBp3uUp2PNEusnrVpLwA811U3hbTW5j3x/Q5rMl8KBR+5uD9GFTZF+0KAvVqUXoA5NMbw1ddBOoPuDTT4Y1Lp5qY+tHIh+1JBfqOhzS/2jngHrTYvC13uxJcKAOeAagvNIij/cwTMzfxNjAH0qlRT2E61iC51NI15bbjvXM3HiKDJVX3ewrUl0yzQHziZcjua56w0EGebAxFv+UnqRiumnQitzCpXk9iA6vqVycWy7V9TUE9xqygZlxn0FdvHpiKoRBgVQ1SyVPLUDqCa2XL0Rzucn1ONF/qyf8ALXP1FRr4h1OFvmCtj8K6A2anJ6Vzklr87exrRRi90Lnktma0HieZhuliPHoatr4lt2I8zcv1FZljZBn8tv4/5irM2lbSRipdOHYpVp9yW71Cx1CEwtIPmHeuTdDGdrEHjr61rS6cMcis2WzKHIrWmlHRGVSbluVYuXPuKsRsUbI+h+lVhlJAT9KsYxxWhBqWdybO6SZT+6yN49h3q344vEuNRt4423IIt3H+0c/yFY8LfwHv0qtcws88THkY2D29KlQXOpG0a7jCUO5FIQkgY/8ALOMD8W5pLS3MhWaQZaQ4jB6Ad2PsO1O2i6maMcB5CSfRV4z+VXEcNLkDAIwB/dUdB+XNaNnOdnp2mW6xAIMsernqaTUfDouICbVyjrzjsx965C0vXa+V5GkMRbG1D82PavS2t9ZsbsRApJCYhNmUhGRD03ehrnmpJ3NFqeVJmyu/K1OJmVThlBwfwNdsdYmnh+x6BABDOFQxIP8A0I9STRqz6drMbxqV82NsBlOf19Ki0DS/stvLerNtKqVd2bYiZHA9S30q73Wq1BLXQmM+iaNZSz3kRn1FdyLASNsXu2OvsK4abX9Tk4M7spJJQ/c69hVa6WOO9kVpfMj3Ebx/EPXmoZYYZfLFqCu4ANuPBNbQpJK5nKTuW77Uby9CTXbZDfcUcKB7AdKg09ZGu0aCQRZOCT2B4P6VRkI3YAxtGPxFMBI6VqrLYhnSmeSeM2LsWWFjsz6Vzzo0bkDpWnblVIbcScHr71XuVIYEdCKpu+orWNfQbpLaVTIBw2c/xc8Y+netGLUf7NvJ5U+6s4yB0IYHNcrHKU5XrRNcs0bKxyzvvb8P/wBdD10GnY9mhuoJ4obi3PyHHNXILt45JGjPQ9q8l0PU7+xlBiRpIjgsvb8K9MU/ah51sRskXPH8j71hKNjZO6O5s9QhvAvnnbJ/e9R6GtCZXSQSxkgLnI7H0rziKaWLBU/5FdVYa6EVY7kbk7/SuerS5tUXCdtGdjDPHcqEuRjg4b6VcgMkOPN6EjHtWVBCkm2W1ffGy9D605biRSQcgnPHXGOK8+WjOlao6iFm+63Vj1rwnxbAIPEd4o/iYP8A99AGvarOYSrt/uYryfx+mzX/ADAP9ZCh/Ikf0q076hHRnHrzVgqDjFQxjJ2irgQKuBRc2GKKcOeBSgVIqjOaVxiBcDJpGHepioIxUWCOKcWJldlqAjFWnqFhmuumYTIgo3AiuntSG0DU4z3gJ/IiudUYOa6TTVJsb2PsYJP5VvU+EwW54wozUy0xcDNPB7VRgy0tTRjJqqGq1H6ipZSNeABlCmui0+zkLgj7tczbtziuz0h2BGTxXNUZvBHpXhuwDTK69hXeT2kiKHBrmPDkgKGQcYrt450dMPXJGEJNqT1HVck9DjtRd1iYk15FrMjeYa9d150VDtPHNeL6xMGkbFZ0I6sp7HNyyc1VMmaSZ+arqxNdnKYiTHisqXrWnKcisqY4NbUiZEJpppaQ10GYgNO3YqM+1NJpiJCc02o804GgYhpvtT6YaBBxSZpM0lMBxptJmjIFAwpwNNzxTc0CO+OKrtUjSA1A7gV1RZnJETVA9OaVfWqzyiruZ2GSGq5oeUVAZKhsqw80lRGSk31Nxk/FGRUBekL0rhYnzTCwqEuaYTSuMmLCmbqjzSE0rjsSbqTfTM03NAEu6k3UzNBNADtx6U0k0maQ0rgLmjJpKBSY0X7I/PiukT7ormbM4krpEPy1xVtzrjsZt31rFkPNbN51rElODW9JmFRDQaUelMBozW5kSfSmmmhqTNADicU0GmlsU0tSAkJoz2qHcaN1AycHitHTdQudOuVubZirKayQa1tLsZdQvI7WIZZyB+FRLbUa30PpTRtRTVLGG5brIuT9a0nhODisPSbKOytUsI+PLHB962lmJQo/X+deHUtd2PSje2pCoduM8DvSB2jbGeO5q6oVY8YyaryeX0YYrMssLKQvzHKjvUuQeoz3z7VlKWRsqc5/zirSyAjIJGcFf6ikBYaFWHNVGgKZZWwOvPSrW8bMk4A615j4o8YoiPZaef3hJGR29z71dODk7ImUkhfE3jKSyc6fpu1pMfO/XHtWXo/iB79GgvQBKoJBHANeefOxLsSWPJPc1Kt7HZ/vA37wAjH1r0Y0klZHO5dWdvPerPex2MfLOwBPoByf0rqh5a4VBwBXm/g6GS91ObUHOViTH/Amr1GJCVMYIG7qe4/GpmraC5rkSq/GenNc1rbn7UI+SQgA9ASc5/KuzjQEYI5zxXB6zIDqVwoOcEJn6ClDcGLo8P2rWLW3BB3uBhumf8Kw72Jor6VJF2kneB7NyK1dJm8rUrds4xKhz9G/rVTXmki1u6gLZbcAOOw6AfStEtSbjoLWUBZkU5HzDArrZbMSKsoHDAH86qGwvr+5t3mfEbwxytt4AyPQeuK6Rk2YEWSg9azlIaOQuLD0Fc/dWfXjFeszaRt0ltRuDsO8Ki4+8O5/CuLu4MscjPf0qoyJaPN7q2Kk8VWPPNdZeWoIJxWDLbFGNdCZBQOBU/moYmlbrGCcep7VWKktigoOp/KqENtImSDax+eY8j0Qcn8zU8qOkDv3P9avW0Hm3qKTjdCMe/PNbgsFAweaUpDSOX0LUjpGoRXwjWQx5xu7EjAb6jqK19e1fyrYW9uWZrkb5pnOWf0X2Ap0CWOkSyvdW4uScGJWOF/HHXBp+r6fd3ejnV9SMcJYgwJwGZSecKOw9aL3YWOKtZzBN14cYPtnv+FXZLxyWiZyVON3ocd/rWWuwZ3c8frTQ2SCa3sZ3JbgHdg9QcUQySIdidGFDMXRd3bjPrioh1oQDWBBNHapJME8d6jCmgRZjYrUskgcBemOSaqcAc0hcnjtVXCwrSH+HgVFnvU5GVC+1Vu9K42rHRi9PlJEGwAozjjmtzw7qvlXqWUmfLnOOezGuNaTO0n7pHat2OQmyjljA2wMHHqMHnmnuPmZ6jLEYSV4OPSqrMQfoKu3TeYEmUjDgEYqhySO5NZNWNEbGka9c6dIo+9GwwRXpG6DVbT7XaEF16gdf/114qQRjPHJrd0PWptKuRIvKMcOvqK5q9BSV1ua0520PUbKYJKyucHPfvkVxfxDjxd2Mw53Qsv5H/69dqPs1yUvLcgxS+vY+hrkfHYzFYZHI8wDHpxXDHTRnStzgoE2jNTnkcUgG0Yp6ig2sNVT3qcClVcmpduBSCxEeKhc8VO1V5CCOKqO4mV2NRmlc96YK7qaOabHgc11Gk4Nrdjp/o8n/oNcwg5rqNJXdBdenkOP/Ha1qfCYrc8W2kEj3p6jBqUgZP1poHNUYseFNWoVqNCOlWYxg5qWxo1bWHzCAvWu40eyYEeZXH2ZyQRXoekTEbQR1rjrM6qaPU9E00LZ4zjNTzxTwNjPBqawmMMEYPcVfu5Inhz3ricYSg5J2aIbalrseda9KwDD0FePagxLtmvUfEE+N/1rym8JZjW2GVoo0kYUx5qOM9allSmpHgV1vYxsRy9KyJT89bMiEisuSI5zVU2TJFYUhNOKEU0gmuhMysRmmH1p5Bpm00wsN+tANKVJpNtMVhwNBpozTsGgLDDTD0qXaaYVoCwwUUuDRigBKD0pcUY5oA6eRytUpZzVmasuWlCTLmkMads9aiMpNRE9c0ma25jGxKWppao80uaLgLntTqjz3ozzRcB1LmmEigsKQDqDimbqCaAHZFIaaTSE0ALmkzSZpuaAH5pMjvTM0hNICTNJu5qPJoBoAkyKXNR5PSlBNA0X7Q/vBXSJ92uZteJAa6WL7tclbc64bGfecVgzHnit+8FYEw71dFmVQhDU4GmU4V0GIuTQBilFLgdaBDMZphHPNSkUmOaBjMdKMVJjPWjFIAUV6t8OdPWSWa+cZKAKv415YB3r2n4ayqbW5h7hga58S2oOxrRV5K56GEI+ZeCOaneMScilKnPByOn0pV9BXjtnoEQkeM4fkd6tjy5lyORTJFUqW9KasHAMZwev4CkMilhIHr3NVjmPLHhQc/Sr6ynOyTgnivIvH/ixF3aHpjcg4mkH/oI/rV06TnKyJlJRV2VfEvjWe5kex0tiqD5WcH+X+NcIuep5NUbfAQOe9Sm6VIWxhmzgV6kaairI5HO+rJZ7nyANo+bnA9KzmD3DqgUBlBJOevcmm7gZC8hzk5OP5UIGYgqON2PxNaJWIbuet+CrLyNI89lwbhy3/ARwK7hIwDkiqWn2gtbOC1x/q41X8cc/rWsinNcM5XbZa2HJGc8ivKLyTzb64ZRy0jY/OvYAMD1HUV4rMWRyc4Z/mz7E1VLqNk+ngvf26kE5lQcfUVd8WWLyeLZYIOr4J9uSDmpfDUcl1qkFjGm4yzIwPddpzn6YrpvEcKW+spcHDecGYkf7x/lWjkk0SldM3oovL0uxAIYLEY93f5T3/Or+n6XJfzGNTtSMZkY9BUNhbT3djEiEuRKE29l3j/61aerX0NvENK0/5Y4+HYcb2759qxktbleRj6xqBuyIhjyoQERR6dz+NcpcqHYkDg9j1radzgAYHPWsuXGM96cUI564iDA8VizWrPlV9K6aYZFZFwvU9K3iyWcZcIY2PHTrVfjGTW5dwgjNYFxuAIrVEl2KQyBYwcSxnMbf0rpbC7W7XJ+WVOGX3rhYUdYyxJ9QfStSG5aRleNtlwnfs3196HG4J2Opuwu+K5Ch/JcNtP8AEO4/GuX13UJtRvWuZGLDAAGMbAOigdgK0JtXSaLZIPLkHUe/tXO3Unmqc8sO9EItbg2jIYHcfrQOOtL3oCl+c4xW5mBYdBSDJ4FP/dj3ppk4wowKYB0HNMLGjHc08KD8tAJDAOKsRW0ko3Ywo7mq4OMexrSvJVMpCtlcDAHSkVFK12VmUr8vXHQ+tVnGG+tTbmYbh0Xt9aZL60DbuhFIPyn8K0baaZIHt1X5X65rKFWYzNIQikn2ppkHrulPJNodq0i4YLjPfAOKs5A4PGKx/DUcy2JFzLuUHAjHbNbPl5Ge3vUPc0WxXkUBiD2OefQ1ATjk9BmrjjccgZJGPxFULpmVC3TOP1pFI6Xwv4jWwuGtbsk20x59vetjxpKTd2ltkMFjZwR6MeP5V5NNLsGQcV0Fte3OoJHc3LbiqBFz/dXpXDXh9pHVR3sXqkUdhTF5qYDFcp0ki4Bp5PemdqdnIpAQuR0NU3OAcVZkIGapsfXrWtNESZCTSdOaQmjIrugc0ixH2Jru/CiK1wEYZDAg/Qg1wCNggV3HhZsXSn0qq3wMzhueT6lHDZahcWbjmKRl/I1UWS2Paug8e26xeJJnUY8wK3445rjlGKiCvFMc6lnaxsq9v6VcheAnBFYsYzWjbjB5okhKVzrLK0SQgx16NolgkjouOa860tmDjFer+HnLyDj7vNcFZ2OlbHfPYjyAF7Csu6DRRnJ6Ctq2u1ZdrGsbWpkETbO/FYVowcU4mEHLmszyfXZWKkGuBnOa7vVQZXNcrNan0raNRR0OjkbRzb0LyK1XtD6UwWpAxitPbRJ9kzPZeKzpF5rfNucciqclt7U41US6bMJlqAqK2Ws2PaozYmt41o9yPZsxyBTdtajWTDoKiNm9aKqu4nTZnbaaVrRNo46VC1s4quddyeRlTbS4qfyXHammN/SnzCsRbaQrUhVh2pMGncLEW0U3AqY8VHmi4rCYpNopc0gNMVjdnrKlNas/SsibvSgKRRY03NI3Wo+cVuYkufWjdiovrQc0wJc0m6mCgikA7PY0bhTSKD0oAduyaTJpO9J1oAXJoyaTHaloATIxR1paXFADOooxTsUY9KAGYNGD2p+KAKLgIBTxTcU4Y70gRZgOHFdNCfkrl4vvg10lufkrmrHVT2ILsZFYMwroLrpWFOKdIioUsCnCl60uMV0GAtLSe9AFACDJpcU7FAFACUYpcYoxQAo616P8O777PqbW5P8ArV/UV5zXa+B7ZptZV1/5ZqTWVZLkdy6fxKx9AMD96mqRnNFvL5qDd170/YMDHc14bPSA5CY9TzUsPG9vTioXIwFHaq95qVtpemyXtww2xAswB5J7D8aEr7BexyPj3xJ/YtkLazb/AEmbrjkqnr7Z7V87kvPIWJ3Mx79ya2vEGo3Go6jLd3DhjNhyqngDsv4VgA9+levQpKEbHDUnzMlO9zsY4A/IU0/O22PnHAxT1VpcRKOT/IVct0kjAkgXkcj1rZtIi1yiSucAdOOa1tAtzc6zaQnkPKuR7A5rS8RWFosFtremnMN0v71f+ecw+8v07j2p3geMyeIrfd/CHb/x01PNeLY2j3NcgFfWriA8elRIlWAWUgKM/X9a85s2Hsh8sgcFgQK8nm8PamL82NnC0rEAjAzkdzn0zXr0cckzhY13M52j6mtDUFisVawtHKysuJJB1BPYVUJWE+xzml6dYeBLU32ozpJfyjy0UdEDYz+IrnvFWUlsW7bWAPr82a5TXrK9sp9t4zSo/wByQnOOefxq7eX5v9FsJHOXgZo2/DGD+VbKN7MlaaHonh7U3s7aUIMs8eFPcN6/hVRsnLN3qnolwEticZOMVZZucnms5bjRUm9APpWbNV52bBbPI6Edqoy7COM7u5PTNVFAzNlH6ms64VecHcKvzc9frVCbHWtoohmPPGCpx0rnbmIgmumlHHtWVcpzzWiJMFW4KntVOWUIeOvar0oKNxWc0BeTdnjvVoRaF00o2zrux371A3lZIVsH0NOCSzP5VupJ9qsvot0kZeYhW6gE8mndLcuNOUleKMk+WpOOaAPMwCcZ4AqFgVJDDBFSLgrx1WrM1uBiZWKtwRVyK1QRfaJmwucfjVueMT20d4nOOH+tQM7NbpaRgHe27Pv6VN7m0qag9SKWWGRdirtHrVXpg9xSkFHw4xg85prYDsB0zxVGfNd6iE7WyPXNaFrDbzymKdtm9co3v6VnkZGfSpE+ZdnQjlaBWEwVdovwNNwWAAp8rF33sME0xT8wAoEWobRGI3HPtWp5a24G0YxVS1bEq5HFaN5ycr0PNTfUpLQ6nw7Miz7X+7Ip/SusYwspZM8jvXE+F4meZ525ES8fU12c0nloVUdDkGpluUiEp+73HjBrD1DarbBn5c//AFq2mk6Zrn7x9zkn6flSZUTnrxjjHrXYWMIjtkT0AFcfKu+aNc/eYV28WBhfSuXEPRI6KG7ZbUcAVOAKhXpVjbxmuI6hCDimOcDNSM2Bn2qo5IFNagxkhAGKpyN2FSPyc5qs7CummjGTG7gabu71GW7UhauyKOeRajcbhmu28PnbKD61wsX3gTXa+H9zXSr/AA/41Nb4RQ3OT+IeDr+PSNf5VxAXJrp/G9z5/iW554QhR+AxXMowopq0EZ1PiZPGpBrWtk8wgVmIcmta1fkClIcTstIsXVwzcivZfDmnIIy/TNeRaRcMmM8169pNy0Vokh43V5laSUve2Omz5dDVubKSBi0ZwK5TWJXVQvfvXetdQyQ5JrzvXJV85mHQVlOnD2i5XoTSk2veOSnG4kmqDxKasSzgmod2awrJp3PQptNFRoFqEwKKvNUJrDnZpyoqm3BqJrRTV3pTqPasfIjO+xqe1BsV9K0cUtP2zQciMdrEelRGwHpW7TfeqWJYvZIwGsB6VC2ng9q6PA703YDWixLJdFHMNp49KhbTh6V1ZRTTDEtUsUyHQRyLacPSq76ePSuyaFarPCtWsWyXQRxrWNQmw9q6826+lNNsD2rZYtkPDo41rD2qM2J6YrsjaiozarVrFsn6ujn5xxWPKOtbcw4rHlHWvSgefMypBzUeOamcc1HiuhMxYnTmgilp2KYhvtR04pSKXikA0e9HXgU6igBuKSnYpaAGijFPooAbgdqWlwaMUwCkp2KMCgBmKXtTqOKQDMU+jHalAoAkj6iugtvu1gLW9a/drnrHVT2C5Hy1hzCuguB8tYU1KkRUKlJjPNKaK6TAOlAFLjJooAMCloxR7UAJ0o70U7FACivSPh2n/EwlfHAUV5yOtel/Dttt7MO20Gsa/wADLp/Ej1vAicOnQ9a0ImDAe1QiNXjPoehqO3LI4RuleMz0TnvFuvJoOlNOvM8uViHv6/hXg7Xl07N5srsGUu4JJ3Htmuj8e3lxqHiQWAJ2RbI0Hu3JP45rA1GIW895GpyIU25/4FivRoU1GKfVnLVld2OXkPzEChFyfamAHv3qVPlGK6jAt2P/AB+4P91sfka7rwhfQaXfM91ai4hkjKNuGQM9cehrg9NOb9M85DD9DXd6U8hie1WLzcKXKHsAMk1hXtazNIIfatp5uJrGQ4sL9mTB/wCWTD7j/UZ59qwrZ7nwjrx8+PeYcqRnqp7g/wAqt3tmzq91bqUxzJH7f3h/Wt+LTo/Ell/Zsj/6fAB9nY/8tFIyUJ/9BNYqXJ6GjVzstK8V6NqWFWXypD/C/H611YycFcH3FfNcVs+m3kiXybZIM/Iw6sOxrTs9d1W0Zpbadl53Fc5UZ9quVFP4TPma3PpjTh9lt5tTkGfL+WMf7Z4z+FY7CQt5kmctzk9/euX1LxmNN07TrSaJpJZIRcT4O0Av04+lR2njPQrjb5kpiZhgBx05rF05FJo6S8toLy3MFwu5T+YPqK8t1vTJ9C8gM++CaWQbvrtxmvTor6zulH2eZHHsRWL4ythN4eUtyPNP4cDmqptp2G9UR6GQLb1rRfGGGcVi+HXJsgHOSBjNa7Hg81UlqSis5BVicdv8is+Z9xJAxk5wOlWpSOlUZDTihNlKTFZ8uMVdkPYVQk5raKJZnSEVnzVoyjjNZ8o4rRIlmPNHu6VnMjAnjrWzIOaz5lNU0K5DY3DWryOG2koRmr8VpfX2XiiaQYzvbpx15qnJaO8JnjXKovz/AI1ftPEd/ZacbCIhgDlWPUDvioa7Gim7cr2Ma9gMM72koHmAZyPX0rKU4OatzzyTTfaJTl2OSfeoJk8uQr26j6GtYmbepraTIouGtZPuTKR+PaqRQqzQHhlPy/UU6yidmWYfwsBVnVBi8LrxuAP41P2jqkm6SfYqXTecsc+csRgj3FVDxyetSP8AMxKjk+lTRWjuQ0gwD2qr2OWzIYl3bh6KTTARXRxaWI3/AHgyK2ja2CxZSNQ30rJ1l0NlSbOFWGRyMDr3NXBahUIHLGtO8IyNg6elJbqN+6Sq59Lk8mpDBbtH8zdakcnOKvSyRgcdKSy0+41CXKjbEpyzHpj2qFK5drHV6AiwWHmk4aR8H/dA/wAa0ZJN3DHpkflUflpFH5aD5VAK4prAc4GMEGrIGSybY9xPQViyEkZPer92eAv4msuVvl4qWXEqQgPfRr1wc12MS81zVhBmYTt949PpXUxjBArkxL1R00Foy0q4OasZ4xUPuKUtXIdA5vQ1TkIzt7VMzVUmPcVUUJspuSCc1Wc96mc7jmqkjGuumjnmwLDvTS1MJ70zdXUjBsvQZLV3PhplF8u/7q5Yn0wM1wlv1rprO4+zWV7df3ISo+r8D+tY1tioHnGqytdalPO3O+Rj+ZqqoxTeSxJqygBIrZKysYPclhGeK37S28zG3rWREmDmuj0/IYbaxqM0gjvfDmniWZI5RgEjmvZxp0PkBIgOK8n0JneZExXp9pfeXJsbpXlznDn5Zrc3mpWvEz5omhYqeK4PWTIjOWOQa9I1W4iKMy9QK8u1OcyhlNYUIcs5crukWneN2cl5reZg1djbNVfJO/NW0GK0xEkb0Ux7etRmnmmGvObOtDOn404CjvTqQxMUYp2aSkxjaafSnGkqUAzFGCKdiiqQDDxUZNSGoSKpCGlqhapCKjIq0IjxR0p2KMVaYhmKbjNSEU3tTA4+Q5FZMo61pseKzZupr6SB4czLcc1HipXGTTK6EYMSjFLj0oHWgQmPWkAxTqXGaAG49KKdijFADBS4pcUUwEApQKdSgUAJilxTsUuKAG4ox2qTbRikBHtpMVJikIoAZigCn4xQBQAq8Vu2n3awxW1aHisK2x00ixOMpWHMOtb0wytYsw61FEmoZ+KMU7FJXUYCYoxS0vUUAN5o5paKAEpwpKBQBIteifD9yNTdR0MfP4V52K9W+HFsDLPckdNq/nWFd2gzSkveR68mCg96gnZEdCRy7qqj1JOMU1g9tIARuQ9PauR8Q6iLmMjTZsy6cRcsv94IQCAfYZryYRcmd8nZGD8SdBe01my1q3XEcpRHI7Mh4/MVwOtabPpz3cVwwZ3iRz/wJu/vX0zqJstX8NPduokiaITJnsRyD+FfPmk6ffeM9VvbZXxK6bgW9FJIH9K7qMnbXocs11PONmBz+FDfKtaOo6deaZdPaXsZjkQ4INZ+0uwTpk9a6k77GLRY0tC2oQqOpbFeh+Fn8/VHLPh5oJ146Z8s4H6V5vCxhlE0XJRtw98V1uhX0enajb6kwLwAkOq9QGBDD8jxWVeN0aQlYmub5w1tdIT8xKP+X8jToroQyosDkSL80R7g/wB3/CtPxDpNtbaSk9jJ5sU0ivGwHGADnJ7EdxXLsVZN+V5w4I9P4j+dY0rSiVLRnp+qaFL4u0iPW4wF1NUzKg/5aqvG7/e45Fef6PpkU+rW9hcv5cTsPOY8bVXluvtXT6D4hvbe6tmLlmtOEHTKnkj3zXp+peHNFvlOsW8Q2X8RDY6ox5JA9QawVV05cstinBS2PCfE+rx6tqs9zGpEWQka+iJwn6VgqkWAVcowBySOtehap8Pb+Fy1k6yqegPBx2NcndaDqllkXNu6g+3FdkJxtoZSiyvbI7v8jHJPVR69Old54ukvNH8LaPauzxzTNNJIrckjIAzmtjwjp1loWhTeKtWG5gcW0LDhnXoffBrzLxRrmoeILg3moSFmGQoPRR6Cqvd6CWiuXtF8ZvYR+Vcw+YPVTg11kHjbRLgYkLQk/wB4cfpXjKjI3U4Vo6cXqK7PdYtU065H7m4RvxwaSQ55ByPavEra2uLu5jtbRS0srBVA6kmupEFnooH9o3cksuSDFbtwuOuWPGfpU+zS2C52snXFUnPNYEWu6Sx2ILskngblP9K1ZbV01m5szPL5MFsLjGBv5VTt+vNOwDJDngVQkAYcVRfU9KYj/SbhDnkFB/jVa4s7u6hNzo90bmNRlkHyuv8AwH/CtESyeVCOe1UXeIcM4H41zjyzP/rHY49TUJpknaNqWnw6c0G7ezdh2rmTNE7cAr6VWI2x/Woj6UkkVcvs8SfdG6qkshkbcevSowCaCKYFyyvpLKTeoDKfvKehrpYb/QroZuYtj+9cjHE8jBVHXv2rQtLMn97IMj+EetZzit2aQnJaI2J3sFKraAZJ6+n41h3F2zvtjPCngjvU15KqsYYmDAgbmH8hWWvLcU4xsgnK7sekaXY/afDcmrzynek4h2/7JXOayrwiG+ntVbeiZGRV3w9FI2m4kz5c8wUc8ZXGePxqnqlvJbardwB8q7NJ8vP3skD/ABrOMVzsHJ8pLfizNnFNbNsJTa6Yzkj/AB61XhnEdrIWQZjMUgz3Abn8waoybU3Qn5gB+R9RSSy4091LZZvl/AEf4V0SVzOLsehanp+nw6/cW0MalQsZHHA3IDUqrjC8BfQdKyfDy6l4h1ZpzmVgQZGHAVI1ABrpXtlXv9axirKzNb3M/cQAF91JpuScDH8OPyq3IpXcF5/ixWfcSqisV5JPH41QjMmfcxY9KqBDKwjXrU0mehGKuaTErT+bPxGPX1rKUrK5ql0LYthbTCH+4oH58/1rTQY5qjEweQy/3iSB7dquqSxwK8+Urs7YqyJ1OOtI47ilUHrTmNSUUnJ5zVN3JOBVmU4ziqLnBya1gjOTIW9e1V39alc5qs5rrgjCTIicDFIDmmsaEzmtTE0YOxrWvphb6DIve4kAH0Qf4msqHgVZ8SyKlvZ2i/wx7z9X5rOWrSKWiuccozVmNaYFwasoMnArVmJft03YBFddpdhlgwNctbnBxXZ6TvBDCuWs9DemtT1Pw3p8bNvYYIFdXc6ag/eJ1Fc/oTslt5jdTXULep5RDnnFefHkkmp79yqnMndHH6mHjiIz1rhZ1LZzXa65cKQcHpXFSPuBNZUFywbR0JXaM1k5pvSpXPNQVx1W2zsiBNNp2M0YrE0G45padgUcVQDKUUdDS1IxpFNxUhHFJipAbSU40lO4EeMmmkCpcUwiqTAgIqIirJHFRla0TJIcUVJtoxTuBCRSbalxTaq4jgQciqcoq2vSq8ozX00dzw5GW45qM1YkHNREVujBkVOxTsUYpiGgUY9KdzTqAI8GgD1p9LTAjxRinY7UuKAGgU4ClApwoAQCnAd6cBSikAmKCKfijFAEZFJipaYRQBHijFOIoxSAQVr2f3RWVitSz6Csqux0Ui9J92saYcmtt/u1jzDk1lSCoZxppp5FJiuo5xlLT6TBpgJijFOxS0ANxRin4oAoAFFe5fD63C6HLIB8zsT+VeIKOa+jPB1k1noMUbdXG4/jzXJjHaBvQXvFzxFqg07w9Ldx8SuBFH/vvwD+HWvBYtVZNUxCx2J8j/7S9Gz+Ga9G+INy0a2dgv3C0k5/4AOP1rxvSMy3yITy+Vz/ALwIrPCwXLzMutLWx7No+uHR9F1LwrqjlWiVjbuejK3zAZ/UVT+EKBtZu5j1EXH44rOaCXxF4Zjv4sfaNM+S4Xu0aA7W/DpXF6PcatYQHV9N3p5MmGdeg44B9jWjirSRF3ofUPiLwrpXiW3MV6gWUD5ZVHzD/EV81eKPA+seG5S0qGW3J+WVemPf0r23wl8RrHWQtnqpFvdcAE/cf6ehr0uWKK4hMUyrIjDkEZBFc0ZypuzLaUj4S5ByKuW87W75XlW+8p6GvobxL8KbC+LXGikW8p58s/cP0PavDNW8ParokzQajC0ZHQ44P0NdkKsZoycWjpdI1dbYlJE+0WM/+ti9OPvL6MKNV0JrOJNR0pjcafIThgOVz/Cw7EVxltPPbruQnYTgjsfavRvDetm1KugDWznbNG3KsvfI9fSsKsXD3olxd9GczbCTzIyjNwShOOhHIavZvA/iBL22OlXPyOSWhZugkH+Nc5rng6CeybW/Dm5oJRuaL+JCtcUruhPkhklfEoIbHzr/AAiuaXLXjo9S9YnusBa4WWB12zQk7k9MdSvt6jtSQxSXEggC7iTgDrmuT0rxIdTmhFx+5vlUbHz8svsT/eH616DDO5jXVrZMOvyyxgYPuwrjjVlTl7OoaNcy5kVPEdnY3KxaZKgaGBcKO3I5NeZ6r4K0aS3keEPGQpIwc816JOgP+kRndFJypzn8D9KzrobreQeqmvRpy6oykjwS18I3t4rfZZFIXs3FRyeE9Zh4aLeAeqkGvR9AG0yj0zW045zXbKTTMUjyrQLC5sfElndXMLxRLMDkjgDpXNatZT6fqM9ndKVeNyCD9a9slYKAc8k4FYPivSjrenfb4Buu7JcSY6vH2PuV/lTUuoWMG/vToGlaadKhSNrq3Ekk23c5bJBAJ6YrkI9W1CK9OoJO/nk8uTkkeh9q7bwbqNndRP4f1aPzRgtb56q3dRn17e9Xha6FNMkcTo5kbYsYT95u9CO2PWqV0yXqc1cTw6zoV3qNzbpHcWzRgSRjbv3nnI6Vk+GvObXrMQ5z5qlsf3Qec+2K1PFeo2RmGi6Omy2gbLkf8tJOhPuB0Fa2mWH9h6bmQf6beLz6xxHt9W/lVxJZwF+Q19cMnQyMRjp1NVljZjwpP4V3phiB+VFH4U3ABG31qlATkcq2l35hEnlEIehbio10uf8AiIFejaycWtuntmubK5PFOME0JysYqaYg++5P0qdLKBOi59zV19sa7mOAKyprlpDtiHXgUStEauy3sWZ1hgBbPARRyx+npRe3cMdubONf3275pM9BjlQB796hF4LBHisTmV1Ikl74PVV/qaxjgDryKxSvqzS9tEI7A9BiprWJ5ZPLj6t3PakigeZsnpXSvax6NEqTqHuJkDqFYYQH+97+1NvohHWlLLSvDcdhBKZrmaT7R0I8tFXB5/2j/KuWn1GzurGG2tLfypA7tLITktuxtH4YpJNTudTET3shEUYWEhcLuQc4+p71d05YNQuvsrvDZx3GQMrnbsyy5PqTxVQpWvYHPTUx5YnIMpIwckHOeKfNpt22kPqbjbCGCrnq2eMj2FddofhJpnFxqJ2x5yqf3h7+ldL4rhjHhq4UYRVUBV6Y2kYxXQqD5XJmLqrmSRL8IRD5Gsyu3SEcd/myKrzSFZCrnHzH8snFcp4C1P8As+y1mVWKyNBGF9OXA5/Or14JWtG1ASqyq4jVf4mK8E47VxyXvHTHY1vOj64yc4NULoM7KEAGARWEmqhRtJ79DTvtzSktu568UNFIsPEdwVj16/Wr0SG3jb34H48fyrPS7QHcw5HerkMv2gj0U1hU2NYasvxJ0x2q6mR0FQRjb1q4uAM1wM7UPXioXJHJqQsKru2RSHcqS9TVF+pU1ek5qixremYyK7darsamkNVmNdkTnkRt1qSOoj1qSLriqINazi8+eOAdZGC/nWVrl0LrVZ2T7iNsX6LwK39OP2cS6gePs6Fh/vdF/WuKXJJZupOTUR1lcJbEoBFWoV5yKrA5NW4jjpVSIRuWUKyMN1eiaNaKCAOQa87sm+YCvTtBSRmX3rgxLsjqpI9Y0+zhFsqY7VXubMo3HSlguDEQDxipb28QxH1ArhlOEqdtmQlJT0PPNZLFiB61zjjArX1OcmXArIc5qmuWCR109yqwzUWKmaozXDM6kMopTSVky0GKQ08DimnikxjKQUGk71DYyTPFJSUnSmA6kpM0E5oAKYadmm1SENPpTcZp/SirAjwKYRU9RkUxEOMU0ipmAxURpiPPY+RUcgp8VNkr6mO54cjNkHNQkVYkHNQ+1bowY2m4qSm0xDcUopaKYCYFLRRQAUe9FFADhRjmkp1IBacKbTs0AOopKPpSADSGlplABSUuaSgBRWjZ9Kzq0LQ81lV2N6ZqMPlrJnHJrX/hrLnHJrGluVUMthzSGnt1pp5rrRzDaWjvSdKYDqAOKTNOzQAtKKSlpAPXg5r6H8I6xb6jpkcSMBJEoVl7187ZrS0vVLnS7lbm2YqQefcVjXpe0jY0pz5Xc7X4jXJOtTR54gtlQfVzk15jp0ogdpu8YyK39e1RtWmu9QfgyiMEfSuSQkDj+KnRhyxsx1JXd0dxbXtxp73UcD7Y72AsMHghhyD+NdB4C1UaXayxTRCe2uP9bGw6jJFcdpds99ABGdzW2XCdyn8QH061uaFiO1VRxxUzS1Q13Oq1zwFBqMLav4QfzE+89ueHT6Vk+H/iFrnhuT7DqatPChwUk++uPQmtixvLmxnFxaSGNh3Hf611N0vh3xZCItchFvc9BcRjGT71hto9iup12jeMdC8QRj7HOEl7xvw3/wBer1/BbXcRhvI1lQ9mGa+fNc+HmuaIftmnn7VAOVki6ge4HNVNL8e6/pH7m6b7TGONkn3h+NT7JbwY+drc6/Xfh1Yys02ky+STz5bcrn2rzyTTNV0OcpcRnZ0JHKkV6hZeO9G1EATsbeQ8bW6Z+tPvrhJUJUiRD6cirUpLRhaL1RpeDdas4oFtTN+4uvlBb70cg7H+hqpr3hu31C8YWyrBfRHco/5Zy56EehNczaxMZJIbWElZRh1Qc49R6EetaP8AaN3pzJp2vBmhlH7iY8MmP8K4KuHlGfPT+41jJPSRw81pcadK8FxBtkgbcikkEEfer1vwT4pluZlsLw7vMQrC+c7geoPuPWtiHTrTX4PsWpbZXC/uLhevTof/AK9ebvpVz4b1+3RkTMMqlCeAATyT7VlOqq0LTVn0Go8p2t3ezWF1d3CANawyLHJCOmAOWHuKnmMUkavAd0cqbkPqDVLxW0aX00BAZLgCQbeAd6/4isvw5O0uirA5y9pIYz/unlf6iujARfJr0Jq73MrS0aCWUv0LNj8Otaz5xWTAHa8uYQOCx59MnmtOQjk16jRzFOb7x7VAk0ttJ5kLbW9fb0NSyEkk9aqsKpITZWubbSb2VZp4fs1wp3LNAMcjuVqxNYaOlxPqMF0qXVwgUsFPyE/fZR6t29KiMbEEgEgdfaqbitIxuS5MqQ2mi6aQ1nbedIP+Wk/PPqF6VXuJZLiVp5Tudjkmp3BNVXHNbRjYzkysaaBlxjuakbk0kY/eKPeqJLetHLQp6KKwJpFhUsea3tV+a6/3VFZGskRw21ioAKp5sh77n5AP0XH51nKXKkirXZz8jSTNukOB6f41UnmT/VQsSg6sas3IEVoqt96VySe+1f8AEms1I3l5PAPU1jvqzTyG7iSMdSc/jXQaB4dv9evVs7NNztySeFUdyxqhDBHGyvIpEfXJ43AdcV0D+Jr6W2j06xAtLVflbyRh5AfU9TUzcnpEpWW46+nsrCwk0i2iWW8hlLSXCnICjjav4965va7oJZM7C3zN3J7itGDSjMk07usSx7cIx+dsnoB/OteysbWIg7d5/wBr/CuinSbMpzSM3S9HvdTkHkx7IwQct0x/WvX/AA94e03SxMHAmeWIjzGHCsORgdulYlrcJCm+Vgqgc9gKtr47t9Mka0tFWcyFQxf7q54DfhmuzkjCN+pg5yk7dDXur+106H7VeuFQevU+wFeT+I9autbfyoVZYEBYJ346k1b1TTdZ1HXJ9PY+c8LkBv4FA6EdsYrdv9MOnaFPcWa+axwlxcY4BYH5VrKpVc12RpCmovzOU8J7PJ1BpDhFhRmHqFcHH6Vsssos7GBBiWVJLj67jx+lcbYTyQWN0EP+tVU/HJNdbpU7zazaxn5hbxxp/Uj8M4rhkdUTmHvkbJK5Y9aq+ddl/wB0hAPSrt9cG1vJ7dY1/dyOv5Eiqhv5TxjpTQmOE96PvIeOtdnoysLRS4+Z/mP41w4uriWRY16sQK9ItYgihR2Fc+JdlY6MPq7mgozirY6ACqqZ3CrGcDd0rz2dorccVXY8cU7JOSahfIFCQmVnY5qrIwqeQ1Tc10QRlJkD9zVZjzU7HiqzHmutHPITrVmNcc1WA5q5CrO6xRjLOQoHueKGSXb2T7Ponl9GuZP/AB1P/rmuXWtrxLL/AMTI2kf3LZREMdMjqfxNYakmimtLkzepYXFXYQM1SUYq9FRIUTqdKtFmkWvZ/DtmgdQf4RXlmgQFQHavV9AkILM1eTiKnvHdGNoXO1mtY3TK9q5bUcxoRW9HfqoZT2rldYugyk1lXcJ8vLuZUYyTdzirk75STVRhTzJucmmsarE9jqo7XK7dajPWpWxUZrz5HShmKUc80ZoHArK5QtMJxTs001LKQw02nGmGoGLSd6SimgFpM0tNPWqsAZpaSimAU32p1NIp3EJSZpcUhFNMBhqOpSKYeKoTPOoelJJ1pIDTpa+qW54bM6XGagqaXrVfNbo55CmkzRRTELSU3NOoAKKQmkNAB0p1MzS0AOzTgajzTgaAH5pc0zNOBoAfSZpuaM0gFzSE96TNJn1oAXNJmm5FGaAJM1dtDzWeDVy0PzVnUWhtTZu9qzbjrWiD8tZ1x1Nc9PcuoZrdaYTSueaZXYjnYGkoNFMQUoNR07NAD80ZpgpeKAH5FGaZmjNIB8zf6HJ7kVl5xjHatKXm1f8ACso9cGmBuaZfz6bcxX1scPEd3sfUH2NdldS2kdyt/px/0W7Abb/zzf8AiX8P5V50jfK61es77ynMMhzGx5Hv6ioqQvqXGVtD1K2bcB71sQqRiuN0y68plikbcrco3Y12Vu2VBrjmrGqOj07UL2yP7iQhe6nkflUmoaV4Y8RL/wATK3FtOf8AlrFwM+4qhAAa0Yxxis7lHnOsfC/VLbM+jyLeQ9RjhvyriRDqmlyGKUSQMOxyK+homkiO6Nip9qmnZL9RDdxJNnjLDmrVZoXKcA15daF4Str2NytzqMjZYcHy0xjH1NcHf6pPqLbrqR5CPu7znH0r2zxVoVpqZhsI2KJZoI0C9Ae/H1ry698I3duCYWDgdMjBq6dRMlpmr4O1ySwuTbXUxiiPCuf4M/09RXpyXWm67cx2erxrFeQEFCeVlUeh7g14dZW+p6bOw2csNpDAMCD9a9Ft9FktLGOw166ii8yPzIdxPmRdxg+h7iscRQjNadSoyfUZ4rkuF1eUz/uxGCiDHGwfdxWZ4alAvJ7bORdRFh6705/lms2HxW0J/s7xBH9utxwkgOJEHqD3+hrUtrKFLqLWdAmF3bxOGI6Og77h9KjD05Unyy27lSmpLQWJSt5LJj7xP51NJnkUkqeTqkyDp1/OkducmvTWquc5zOt6obVhbQH94QCx9K5v+1b0LlptorQ8Q2kkd2brHyyDqB0NcncpmePcfkxx9a1glYiR0C6xerGypdEB+COxA9apNrN2hyJ1JqmIx1xUJjBPKj8qsksnWLvdwwOas2erGaURXIC7+Aw7GqtvGucso29/pWbHA08/kwZJdsLST1DlOwZSDg9R1oiGZV+oqW4eNpP3IwAqqcnOSBgn8TUUPMq/WtrGZNKjXN8yqMgnH4Dr+lW/EOiXNpc+ZdIqySDewz9zPb8OldT4L06PUtSjfZ9yTLluQwJycenAx+NdL8QpvDuh757tDLdXSEbBzj0PtXDWleSSNUrI+eLq0SScMgZgFHB7HvVSaaCNyFXIAwF9/UmkutRmnyEHloew6n6mszpyapR7l3LUss1zt818heAvZR7Vu6bi0eK64LDLKGGQMdzXMBznjitfTRcXErQxliSvAHPA61YjVuWntGEt5/y3JdSO/wBKqy6w8fy26j/eNdW2kXOsaIi7dsloAy7v7hHJz37GmGy0T7DbQ3a+ZNDu3sh+/k5A/Ctqbk1ZGc1FO7OPtzfatN5Ll5M8ADoD2rq9M8JssiLrEgQsQBEpy57Y9hW3ZXVhHazpFiz2oTGEGWduAAT2qBWYvBqDkli4LE99pGa0UbbkOV9jV13VDJctBZqIo9q7wvUkKBgn8Kdr+tWaeC7LRbNgXffNcY6hhkAGsLUJU+23RZfvOwXHQc9a5PUpWZfJTl5OPwrOorrUuLtLQp6Tb+Y73EmPItwZHJ6HHAH4nit7ww7vf/an+9Ixz/M/zrGnY22mrZREANJmU+rAcDPoP51taA0cGZJWAVBJyPXaP61yyWhvF6mX4liCeIb4Dgecx/PmsMjnFdB4odJNeupIyGVmU5HQ5UVgHBoS0CW5p6NB596rEcJ8x+tejQiuQ8PQhInmI++2B9BXYxDPSuDESvKx3YeNo3LMa5bNWWAxzUYGOKl255rnNyu+4c1TlY96vSms6Y5qokyKrtmqj1O3Wq0jeldUEYSZXc81Dmlbk02tzBkijIzW1o5SCd7+QfLaoZB7t0X9TWKh7V29vovneELi4U4ndlkK9/LBIH5nmpqPQaPPZXa4dpX5ZiST9ahVSDzUqKVJU9qVhg5qkzJjsZrW0u2aeYDsKzI1LEAV6HoOnhEDMKwxFTkjc2ow5mdFp9t5aqoFd7p9uyRZA61zlnEN4r02xt4vsyjvivJhB1PdR1Vp8iOdbcMmuV1mZlUivQbq1CduDXnOsrl9o9aypU3GqosSmnG6OdTJGTSk1NtAGKgYVtiZXkdFJWRHmmGn45pprgkzdDBRS9KKyuUJQcUtJQMaRmozUhplSxjKAKcacBQgExTSKl20m0mqAiIpADU4izUnlVSi2K5UxQBmrPlkUvl+1P2TDmRWxTDVlkPpUDKaPZz7BdEWajY+tKQ4qJtwquSXYV0ec25qWXpUEPFTyHivqup4TMyaq/WrMwqvW8TGQh9qT6UGimSFBptOoAKbS96WgBuKOlOppoAM+tKDTaAaAJM07NRilzQA/mjOKQGigBaaTQaKQDc0tJ3paACrVqcPiqdWbb/WVM9jWmdCv3az7nrV9OVFUrkVyQ3NZ7GRJ96mZpZThqZniu1bHMx9JScUfSmIQ0opaYKAH0maTtSe1AC5ozRmigB8hH2Z19SKzenTvV+XHkN+FUG60ASRd/c1E4IckVKpx2pDySexoA0LDUWhGx/mjPVf6iu50vXAgHmNvT+93X6ivLl9quQzyRHcp2kd6znTTLUrH0RptzDcgFXGCOtbUbAHGa8A0/W7mz2yjgP6dOPavQtM8V28oCzHaelck6TWxqpI9EBBrS05F+0rIxwIwXP0HNc5b6hbTgFGBHsa3reVobCaVeRKRHn0HU1zyRZG7mSV5GJyxJpOvB5pueA3bpV2zhhuHZZpPLCqTn3pwg3ogk7alOOztp7qMSxqSWAyRVbxHpFrrGoSvd7sg7VIPRR0xW5o8cUl8rScqgZj+Aqpd3DXM5mY54wOMcDpVxJZ59P4OtgX8qdl3LsO5QeDWAPB19ZOZbG98tiMcZGR6GvTpdwGSfvc1myN0reM5EtIw7dJyFe5OZFQKx9SO9OkxVuRwoIPrVKUjnFdCZFiheRLc27wOeGGP8K80vbdoWa3m4IPBr0uRvTvWfcwwTgLMgfHqK0iyWefqwCAE81CXBbmu7e008xCFrdAFOd2Ofzqi1hp4/5Yj6HNapNkaHLSzoIhDEeDyx/pW5ptmLW1+1y8TTcKP7qev41KdPsI2DJHnAGc+tTSSliXY5JqoxsTKREeOKajhWzTSaYaszZZi8Tatp5NppZMKAEOyjls4zz+FQaxqlzq2n28c1viZCxeYks8h989BQGOMZx2p8kjtGFJ6VPsYt3Hzs5AWFy6lChX0/8A105dJkPL/wA66IkZNIc+lV7NBzszI9NhTqB/Ote0cWsqvHxgjOPSo1V3bagyT0FGGVirghh1FNJITbOw07U5rdLu3iQTQyRBHz1VR6fjiuaeIr+8I2o2Sp/pUlrdCJJlYkCVNvH6Vva9ELWCGE4ZWCyKR23DkVN7OxWjRzSsMHNTtcbrZLcZO1iR6fNjj9KpZOMUjzBUIi5P8R6AD61o2Qhl3crACTyfQdz6VWNtJaae2q3HMs7mJB/zz4ySffB4qhdXH2aZlU75Rxv7L/uj19613ljl8Iqksv71bvKg9dpTk/ga5asr7HRTjYxJmVrRU7jJ/GtO32x6Zu6BvMHPc4WsLlo0J4zu/Q1qyN/oNrAP775/Ss2WjJuX/wBIkz6gfpUIPNMuyftUn1pICQwkIyFIJoF1PQ9OhENvHEOMAZrdjuLVB80ig/WvNpLqeQ7nY/TtTSxHIxz/AD9645Yfmd2zqWIsrJHq6XNseVkVvxqfzEYfLXkXmP8ArUyXtxGcpIy/jU/VezK+s90emSHkms6UjNcpFrl2hwW3j3/lV5Najk+WZNp9R0pKhJFe3izTY96puc04zxypuiYGoGbPWtoxIlIYetJmkJpRWhmWbK2e9vIrROsjBfoO5/KvUvD7fa9WukT/AI9xCU2n+4owv+Ncb4ftzHHNqA27/wDVRBuhJ++fwXj8a9A0DT2smups74xAxRgc8Nxg/SsJy3KSPF7zYty4Tpk1AAWp1zxcuP8AaNSRDeQo61qtjJ7mnpNoZpgx6CvTbSMRRhRXPaNZiNASK62KPJryMVV55WR6FCHKrl+0Ztygd69BhuWhVR6CuR0y3UzLu6Zr0H7LE8WFrClSnJ+6RiJpWTMu7vRIhx2FeaapKTNgV6FfwGKJu2K85vFJmJqsO5OcpS3CKXKkjPJOKjYVMRUZFZ1XdnXEhppp7VGa5GaoYaTNOpprNlIKQ0gNLtJpDG0mCamC08LzTULhchVM1MsYqVIqsLGK6KeHkzOVRIq+WaBEau7RS7a64YTuYSxCRXWLFS+WKkxS8V1RwyRg8Q2QbBSbBU2RSA1qqKIdZkDR1A0WavnFRGn7KIvayM9oKiaCtOmkCn7NC9qzxWKppOlQxVO4ytdj3MGZ0tU/ar0oqkRzWsTGQUUUVRI0UmeacRSYoATNOptO7UAFNp1FADCKSlpBQAoOaUUgpaAHZp1M9qd0oAKKT6UtIBKbwKdTKAHCp4P9Zmq1TwH94KmWxpT3Okj+4Kp3NWovuCqtzXJHc3lsYs45qAVPP1quK7I7HKx9LTaXmqELTadzjFJikAD0oo9qOlABR0opKAEmP7kj3FUjyauSY8s+lUx1oGSIfmBp5AYHnGRUWcYoLEZHtQBCBxxUqsMYaoRxU31FAEqlhgqfuninrM7OSeuc00KCPM2/KMA/U07jzt6fKpOQKQzo9Juby4nS3tnIkJ2qPU+leheIfEN9oN2mk2ymNkhjW4UnO6Qc5rKsha+G9A07xItss1xLO5yx7Ljbx9a4rW9Xn1fVJ9SnADzuWIHSsOXmZd7Hb2/jm5AImjz+Nbln45tG4mjcduPWvILdi0ignapPJPNb+kabcaxqq6bp+GeRyFJ4GKbpRWoudnultrsWkhb29BWOWElSOfvjjIrn/wDhKtMUjMmCRiuO8b35+1rYRXBn8iNI3PbcowR+FedT71bkHjg+1TGgnqNzaPdz4g0+UfJMp/Gq7anbNyrr+deG7lXDfdA4/So/PkCbg7DBHf1raNBE857Yb6IkkMOR61ntfb5vLxwOrdjXkcV/Mrqd5wvanPfS7iyuQSSf/rVahYHI9VkmUng1UeXHNeZLqF2TxIT+NTpqV4VLCTgY6mqSIbO9eTgYqMyfNzzmuHOr3mMhu1Kmp3z52nOOTj0rRMlo6525IpiJ5ncCuRbVrvONwNRHVLwjh8VXOhcp1uGLbFGSTgUqqZN2CBtBJz7Vxo1O8BzvNL/ad2Ty1HOhcp15ESxBgxMhJyO2Kk+RWQvnYwBP9a40315t37+vHvV7S9TuI7xGlxMqknY/3apTT0E4HRKIBiQ5I5GO/tUMzhmOzIBO7k965i6u52lZg+3J5CnjNUmuJiT+8Y/jSdQOQ6wO6tuU4YdDSNNlizsM+5rkDIx5LHj3qPeTS9qHsztYmSRhlsKx25AzzU19fGJIDNuORtUsc9PbtWDYSrLaSxyy7GjIZB65+UgVt37Q3Ol7XkTzLZhs5wTu4P8AIVDqu5fs1YueJNMl0SCxuElEsd5CJOOxPauOaeWRJI8lsEEADj0re1LXWvdPsrCeQy/ZFKgDG0A9q5xJ2R2MPybuD9DRKWoRQtyd0hlcgFgDgc84qFpWkI/uqOBSSgFgPamodpz+FQWWEAZPm4Cj+ZrQhcytBuOSS3X3xVDbuG5T26UL5hiRkONik/mcVLGRzurTzTL0LED8aSBSRsI6c1GRltq9E6/WntMgPy5P0oEXVwM7j04FPypOfSq8UF/PzHHx9Ks/2dqYXJQEVHMu5ai+wDG3APvS4z789Khkju4eXhqAXIUlXUqcYoWuwNW3LhA78UhULyDUa3EbAfMDjt0qTcrHHf2p2FccsrxkBTtPqK1IbtpIJZ8ZSIDc1YchYDy0GSx2r7mpr1vJCaZEcrFzJjo0h6/l0ptDTOgViUWTBw3Qn3Gad97haz7TVbmeBNMk2+UDuHHJYA9T9Kt+YqDLHBPSokrGidzpY7gYS3TOyLgFfU9a7vw/fF82zPtLgqc8ZB6ivJba4RGBBP4etdJbaoqhRIxJrnnAtNFTxPoVxoWoGOTLRSjfG/qD/UVDolsZpd56V3MWs217CLW72XCD7qydR9DVmys9JRybVDGG98gGs51JKDRUYLmuW7eIRRgCr8JIND27x4yPlPQ1NCgyK8jW+p6HQ3dOL+coHSuthvWifa3SsTRYkMoLdq6ya0jlTKjmtoUpyfNB6o4681ezOf1W6EkLeleczOWkavQNWi2QMp47V5/Km3NZ0G2pSluaQS0SKjGo2NPY1Ec1jNnWkRk0ynEdqZXM2aICaaV3cU8A08DFTa4xgX0qQLilz6VOiZrop0XJ6EymkRrHmpljqwqU7gV6FLDJbnHUr9iMJSkAUM3pUJauuMEjmlUbJdwpu6os56UtaWMyTNJmkox3pgJmlHFGKcBQMTrTTUm2kK0CIqSnEUYpAeJRVYbpVeHrVpx8tdL3IuZ8oqiRya0ZBVButaRZnIZRS4ppqyBaaR+lGaOtABRRRQAmaWkFLQAmM0mKdinUAR4p2O9OxRjFAhuKXpS4ooASm5pTTaQwzRSUUALxUkP+sFR9alj4kFTLYuG50EJwtQXPSpYfu1FcDiuRfEdEtjFn61BU8w61AB6V2R2OWW4opaMYpcGmIUCloAp1ADMUYp3WigBlJS4pp4oAtRwF7K5lx/qwD+tY3fFdpp0St4d1NwMsAn5ZrjdpKlwOBjP41KerRVtLi9gPekbjIpe2TSE8bcVQiIVNUYBp+KAJYmCcnpmplClx24HPrUEY64wCRxmpoDtZSeR6UhnpviQ2kfgjSYbaN1ZndmduhPtXmBdsbc9816f4ua/HhrRIbpoxEYS0SL1we5rzE/fI96zpbP1Kn0JY5HU5Fd34M1RtJ1iG+gTfKAwwenIxXBp6+leofDlbQ6/E9zGZtqsVQd2xx+FOo9CVucVq1yZ7yedxy7sT9SeaxPMZGCHODg/hW5r0hbUrolBHulY7R/DyeK5zcQzc8Ec/hTpPQctx880crl8EA44qLcjKwLHgDFKwQIgVTnblj+PBqA8CtLkjd20kUeYcYpHzwSMZ5poFFwJt6qCCOf5UwsNxKjApuc0nencQ8tntVi2vWtXMkagkjBzVMkdqSi4Dyw9KTcDTKKLgO7UmaSii4DwwrS0u/wD7NvEvBEkpjydr9ORWWRg4ooTAtS3LTSNIVALHsKrk02ii4BQOOlFO7UAAz60v61LKIQV8kk/KM59e9RCmA4VIGwKjFPGM80gB2y+aaDzQ/wB44pB1pgW4Npfn8qeuVs5W6fKoH/fVR2gzMB71JkfZGA5+YfoTUMpGdkkBB3/Wut0XR1yJ7oZPYGsPSrYzXqgj5U+c/hXoVuMDFc9epZcqN6FO/vMvJHGg+UVOQmMYqEHio5JdowOtcR2la5WNs8CuZu7KGXPFbssoPWs2Rs9K6aV0YVEmchc2jQn5eRVeORw3rXR3ADZFYEy+XJletdcXc45KxoWkogEl+wz5Q2xj1c9/wHNUY1Z255J5JqUzJJCschxsJOB3z1/wpHYeYzgYDdAOwNUkIWJ/LZZR1Ug1fmnaWTI4UdKzgBj8cVo28QdA5PsfwpTQ4kqMzdDirsQY4yefeoUUADFWEIHFZMtF+HYpXO5j9a2Le/aI4UkDtzXPq56c1aDE/KwrKSNEz0bStakYeUzZOeh5yK7GBFuV3wcMP4fWvHLRmVw8Zxg969J0S6iZlw5Vv0rirUkzenNo7nSWkEhyMYFdJHfyRHYymqWmmPeGmwSf4h/Wuikto5BkVzU6E3eUHqTWmr2kjj9XmaS3ZiK4GViTXpWrW6pbOCelecXAAYgVzxbimnudNGz2KJPNMNPIpuKwmzqRGabtqxtprALWL1KIuAKZuycCmuxJwKkjWuqhQciJzUUSxpzzVxBUagKKQyDpXrU6Sijz6lVsslwKiZ6rtJTd2a2sYXJi2abTRUi0AAFOUUuKcBTGLtpStSqKXFAiELTwKkC1IEoAh200rVnbRtoEUtnNKFq0VqIigDweHrVw9KqRdauN92ulkRKMgqgw5rQkqi/WqiRIhNMNSnpTMVZBHzRzTsU3FAC02nYowO9ADacBS4pRTAUCnY9KSpAKBDcUYp+KMUAR4ppFSlaQrSAhIqPGKnK1GRQMbilxS44pwFACAU9OGBoxTgORSZUWbUJ+WmzjiiDpTphla5banQ9jGlWq+KuSiq+K6o7HNIZiinY5oIpiGj0pwoxS4oATHFGKdS0AMqMjtUpFNxQBpWV1IljPZLws2M/hWHaW0l3OlvH1dgK1bY4H41FpN2umaxHcMOIpD16YNT3sV0N3XfBd7osCT7/NR+rYxz1xXEMMHB7V7T4u8TWF1pUcVu4dnbcQDnHGP1rxVj8xNRRcmveKml0HKM8UoxnmkiO1wxOMVIFOF9xWpBJtUbgvIIAqaLHGeBVcHHJ5ANW7fEkqoozk9KljNnWWvFgs47rdgQjZu6bfaucYnPFei/EG4vJ7rT47mD7OkVtGsa+2Otee4PXHBOKim7q5UlYWMnGDXrvwua7TXSLJBI5iflv4fevJV5P8q9a+GVve3mpTJZv5SiBhJJ6KaKmxMTzvWnkfUbnzjl/Mbcf9rJzXOvzzW9qaKt5LGDu2sRu9cHrWGwBJU1UNgluRrIyvlfpQSNuepz+lT3qQxXJSA5XAPHrjkVUPHFWIfKDsQk9RmoQcHNPALZUD/IqLp1oEPpM0nbFGKYAaSlzT408xwmcZOKAI6KUgjikoAKXPcUlLQAucnPrRx2pKKACinU2gBetOpnvTgaaAWlpKBQA8dKeODTKkoAjJJYqOc9qQcH6Uu4hty8HPWlAbdtxzQBPbnBY+gzTi58vB4y38hW5b+Hb1tPa/BUIVOAepxXPs5ZQfUk4FJlIu2d41k7SKoO4c/Su0066ivIvMTgj7w9DXnm455NTRyyJ9xiv0OKxqUlI0p1XE9PLEVQnkNcXHe3afdlb881fh1WUYWcbx0z3rH6u0be3TNJ3Ldaqu/apyySKHjOQaqS57VcUKTK8pzWPdqfvVqE1UnTcpxWyMZGQDzVpMEAsfaqZ4OPSrUILnYM88/gKtGZZOUVZBwM1ctFldCV6E1RmfP7voE4xUsd0UUIhwBRJXGmb8ds7csRVhbcL1YVgLcyHueasK7t1JrJxNFI6SOKLdncBV2NIM/M9cwuQepqdXYcZrNxKUjsIltQMJKvPY1sW5mtiHTlT0Irz1ZD3P0rd07U57Z9pOV7g1lKBpGR6xpOtlTtkPArv7LVxjaWyB39K8bgubaUBgu0mtyK8eL5V+auOcHfTQ20a1PQdTkkkt5C3TGc15vLJljW9BrO6BrSb7jDgntWHcQbTuXkHoR3rzqlKUNWdFBrYq96cBmlCGpcACuOUjqsMJAHNVJHLHAp8r5OBUaLk5rfD0HN3InNRQipk1ZUBRQFA61G717lOmoqx51So5Mc8mKqtMKgml2isae9CnrWyRg2bwlBNWEOa5WK/BPWti3ug1NxFc2RTxVeN9wq2gqRjlFSqKAKkAoC4oFPxzQBThQA4CnU0GloAWkpDSZpgB5qFhUxqJqBHgcZ5q5nK1QQ81dByK6JExK0lUX61fkqg/WqiRMZTDTs0lWQRkUmM0/FN70AKKSnUmKBCAYFLS4ooAB1qQVGOlOoAkpaYDTwaAFxTTT6aaAIyKaRUhpKAI8d6UCnYpaAG04DkUClHBpMpGtCOKfKPlpLflaklHFcrep09DIlFVauTVSrpjsc8txwFIeKTNNJzVEi076UynA0AOpaQUtACEUmKkpBgUgJo1wAKybpStywPQ81uLjPrWVfcusv1BpJ6lvYpAnbjsKjxk08DcdtMOAcA5xVEigYOashiR8wB4wKqgmrKD5c+lADCOfQGrli0i3UbJy+7C8d6qqzZOelaGlwzy3sCW+TKzjbj1zxQ2uoHY/EZtVbWol1fiUQJgDoBj9Oa4AFsgdwa7/wCIsWoQeJWGqNvmKIc9eMVxMSByHflB97HbmsqXwlz3GonO30/nXrHwzsrm9vrqOGXyYhA5kbPY8civKU8pnbcxAGdp9+wr1T4aWdzqN7cxRSeVGtu/mP2waKmxMdzzXUExdyqrBgGIB9cHr+NY0hIcVv3kSPdyIDwrHkd8VhTEN07GqhsOW5V70vPOO1B6fWkFWSHSmnnmnYFIB7UxDKUGjFJQAUUYxRQA5mLHJptO4wc9e1NoAXNFJS0AFHOaKdQA2nUU2gAp1NNHegB+COSOvSnADoaTcW69hQOopgPpRSUtADKliYKxLd6ioFMD0C3me302SR7tRGFKlQclznoK4MYK8dqVmJTJ5qpkipY7lmnA+vFVNzetSISXAbkE0AXFIqYe1NKQKMFeark+Wd0Z6djSuOxowXJt3x1Vuoq6lxHPwvBHasdj5iqy98/nVbzHilJU4waLXGpWOgdeKpygYxV2OVJog6+nNUp/lJzU2KMVsbyOnNTQuYZAT3GM/Wq7HLE0c1aMyRmyeKVTTQPWnAjtTAvw8j3q8uegrKR9tW0lPQdahoaZqxjOKnUA1kC4I4qQXLGocSlI0w3b0q2k54ArD89yOtOWds9aXIVzHcWV+CPKY4x0rbjvypBJ4HQ15pHclGBB5rZS83IMnrWUqRpGZ6RDfxyrtfkEde9X0m2DYGyp6CvK1vZEYEHir9vrk8IG5twHTNYyoXNFUseoKg27x0qrM2OBXKWviIbGKcFRkoehHtWvY6jDqcbSRcFTgg9q8url8lK62OyGJTWpYAyasouKaq85qTPavQo0lBWOWrV5mMY1WerJGahcVuYGNdk4NcRqUzpkiu+uY9ymuO1O1JBq4ks5qHUXVsMa6ix1DcRzXDTQssuBWtZB4iCTWrRCZ6tYzBwK6CMDFeeWF8EAya6FNVUDrWLiWmdONven5FcsNWUnrVhdTVuhpco7nQ7hSg1kxXYbvV5ZQw4p8oFjNPB4quDUgaiwXHmijNNJpWC46ozS5ppp2Fc+fkPNXV6VnK3NXozxW8iYjJO9UZOtXn71RkoiKZGabTu1JVmQ00mBT6bimAAUUUUAFFFFIBRR2oopgOFPqPvTqAHZpc0yjNADjTTSE0hPFADqKZmlpAO96DSCkoGjZtD8tWZB8tU7P7oq+4+WuOXxHV0MOfvVAmtC4ByazT6V0w2OeQEmk3U0+lIa0JJM0oINMHWnqO9ICQGnZpBS+9AhaVcHrTM0+Mbn2dzQNFxThG9TVSW3MsLY7fzq5ACYxnr3p4IVivY/zrO5rY5mL74z6Goxx8xq5LGYLna3QZP51TI5xWhmLySanXOwgnrVdc1OgLuFGM0wAcYNbWitONVtltM+d5ihCOu4nisjauWTNa2jLcvqVrHZ8TGRdh77s8VMtho6D4g2t7ZeI5o9Sl82chSWBzwRxXFpwu3JAYjP0rrPHsF3B4puor9/MmDAs2c9RXHbsdemamnsVI0YAN7RcMiNu574r0/4dWt5qeo3Mdm4iDwv5hHAA6D8K8m4UjHIJ4NesfDP7fJqE1pp5x58Dq3/ANelVWgonnepReVdSR5ztJG4e3pWLMpHYDpXQaikkd7NC3MkbFSB7ccVhS5K+3WqjsKW5RI70ClPPNJVkgR1NN6HmnU00wAjjNNxT+oplABSU72ptABRSjrRQAdTRnvRiigA60UUYPWgAooooAKKdTaAHU4GmCnjrTAdS032oNACU4DNNp69fpTAH+4BUGKncdPypmKTAixQMjkdqk20hBHNIDTBEihu5FVZhtqKOdowRjIpHmZ+D0osVcWGUocds1LJGJDvj5B5/GqoOOaespUYWgRbtWlglBI+U8GpL+Too71SQvI+3OB3q7Mm+PcD8w/h9h3osFzMxT6SjNMQtKKSkFMCQHtU4JIzUCip8c0mMk609c0xakU81Ix4PpUlN78UDNIZMDzn05q5FIelUV96lXrmpY0aO7cMmoGZhSq3GKft+XPUVIx1q7cg9v5V3Xg9H8u5kYcFlA/AGuKtVHmj34r0jw3H5VgR6uT/ACqZ7Fo3jRilpQKysMbio2XNWMUbKLCKDxZFc/f22QeK6xkrNuogQTTQM8wu7QK+7FVs4rodTQLk1x00zbioraOpmy0bx42wpqYahMRjNZ8URfrWpDZlh0quUm4qXkvc1bi1F16mk+wHHSqstoydKOUOc6S11bnBNdPZ34fHNeTFpI2rotKvzkAmpcLFKVz1aNwwqdTWJY3AcDmtpfWosUSjmkNFLSAbSU7FIRQB86jg1eiaqADZ6GrsQbHQ1rImLJHqhJ1rRdW9DVGVG9DREJlcUU/a3oabtbOcGtDIKSlw3oaXa3oaQhtJT9jehpNrdMGgLjM0tKVb0NN2v6GgLi0tJtbrg0oVvQ0BcKXNG1vQ0uxvQ0AJSml2t6Gja3oaAuNpKdtb0NIQ3oaBiU4U3a3oacFY9jQAtLRtb0NLtb0NA0adnwKvv92s60DehrRZWx0Ncc/iOmOxj3A61kkc1szqxzwayWRt3Q10U9jGZEaQ1Lsb0NNKN6GtDMaKkFARvQ08I3YGgBfpSigK3oadsYdjQAw00NtkUj1p5Rj2NNVDvGQetMEaikBcDq3NQs2WwRznNSSBlfbg01o2LnAPArE2K95AZYPNUZaPr7isoQtLE0ij7gz+FdMuUcbgSuOffPWtS0s4jbPZIvzrll/2kanzWCx58DznrUikY5HPY+lK8MkMrRyKQV6ihUfsDWhDQ48SErzj1rQ03zTfwpG3ls0igN6Enrn2qnsZiTzzzWjp0CHUrZbjcsbSoGP+zkZxQFi94vikh8Q3kck32hlcgyZzmucC/KCR1OK1dZ8t9SumtyWjaVtpPXGeKpOjbVIB70qa0Q5bjCAduDwK9Z+G13cQaottpyhpJonRuPx/wryUK2fumvSvhvqkuma+jQxeY8qsgHuR2pVFoJHIatHLaalPvysqswPsc81iS4KhiORwRnr710HiH7R/alz9oVvMMjFs9c5rnXjYqWAPFKGyHLcp4xkU3vmpirdgaY0b56GtCBg54HU0nenYf0P5UbW9DTAbTT1pwVs9DRtbHQ0AMop2xvQ0bG9D+VADRSnrS7X7A0pRvQ0AJTaftb0NJsb0NADakXB4JxTdjehpyq/YGmgGkYoqQo2OAaZtb0NACUUu1vQ0bG9DQgGjrTu9LsfHQ0BW9DQAUhp+1vQ00q2ehoAliKpIJHG4Dt6ntSIw6NyTzTcPjBBwKArKC+DQAvJ60baj+fsDSgyehoAkxzQR1pQH64NG1+wPNMCMoO3Wo9jVY2t6H8qCrehpAV9p70oU5wKlIb+6c1KkRT5mUkinYBY0CLuPpTZWZUweC/X2HpU+1jjKkE9PQ1TlEm8qcnFIdiGnUbH9DS7G9DQIKOlKFb0NLsb0NMBwPNS7u/WolR/Q1OEb0NJjFGTzUq01Ub0NShW9DUjHAHGPSnAUbWHUGnAMDyppAOHvUgOOtQqrehqUA+mKTGTo2Rz2qynJ+XjNVFDDsatRq3OAfY1LKRdtxlsj7ynIr0TQXH2dou4bP4GvO4gc5x1GK7Hw7cET+S/8QwCaiRaOwp4FLtPpT1U+lQAAVIFoVT6VLtOKAK7ise9cKprYkzXN6k5CmhITOJ1i4ABrlIkMj5Namquzy7cGobaMjGRXTFaGUmalnabscV01tZLgcVmWhCgZFdFbyDFKRKENoMdKzLm2AFb7yADpWPcyZqY3BnH3lvtORWfBIYZgR0reuwSDxXPSAhs4Na20Ji9T0XSLvcBzXawPuWvKtFlbIHNelWJLKKwkjdM1RT6QA0/FSxjaQin4NIQfSkB//9k=\" style=\"height:100px; width:100px\" /></p>",
    "profile_pic": "faculty_photos/cropped-image_ZWkgXYQ.jpg",
    "cropping": "2,0,847,845",
    "joining_date": "2022-07-14",
    "last_office_date": null,
    "google_scholar_url": "None",
    "researchgate_url": "None",
    "orcid_url": "None",
    "scopus_url": "None",
    "linkedin_url": "None",
    "researches": null,
    "citation": 0,
    "sl": 12,
    "routine": null,
    "is_head": false,
    "is_dept_proctor": false,
    "is_bsc_admission_coordinator": false,
    "is_mcse_admission_coordinator": false,
    "is_on_study_leave": false,
    "cv": ""
  }
},
{
  "model": "people.faculty",
  "pk": 35,
  "fields": {
    "name": "Dr. Hasan Mahmud",
    "shortname": "HM",
    "designation": "Assistant Professor",
    "phone": "01712345694",
    "bio": "Former Assistant Professor specializing in Software Engineering and Web Technologies",
    "about": null,
    "profile_pic": "",
    "cropping": "",
    "joining_date": "2020-01-01",
    "last_office_date": "2024-11-30",
    "google_scholar_url": null,
    "researchgate_url": null,
    "orcid_url": null,
    "scopus_url": null,
    "linkedin_url": null,
    "researches": null,
    "citation": 0,
    "sl": 12,
    "routine": null,
    "is_head": false,
    "is_dept_proctor": false,
    "is_bsc_admission_coordinator": false,
    "is_mcse_admission_coordinator": false,
    "is_on_study_leave": false,
    "cv": ""
  }
},
{
  "model": "people.faculty",
  "pk": 1,
  "fields": {
    "name": "Durjoy Mistry",
    "shortname": "DJM",
    "designation": "Lecturer",
    "phone": "01719588272",
    "bio": " behind this site | Research Nerd | Love-to-code | RCB  | Never gonna give you up :')",
    "about": "<h3><strong>About Durjoy Mistry</strong></h3>\r\n\r\n<p>Durjoy Mistry is a motivated and forward-thinking individual with a strong commitment to technology, innovation, and leadership. Known for his initiative, clarity of vision, and ability to manage responsibilities with professionalism, he consistently strives to create meaningful impact through his work.</p>\r\n\r\n<p>Durjoy is passionate about computer science, problem-solving, and building solutions that enhance accessibility, user experience, and efficiency. He is actively involved in departmental activities and student communities, often taking on leadership roles that require coordination, planning, and communication. His work reflects a balance of technical skill, creativity, and a deep sense of responsibility.</p>\r\n\r\n<p>With a focus on continuous growth, Durjoy enjoys learning new technologies, taking on challenging projects, and contributing to collaborative environments. He values discipline, quality, and thoughtful execution&mdash;qualities that shape both his academic and professional journey.</p>\r\n\r\n<p>Always driven by curiosity and purpose, Durjoy aims to build a career where he can contribute to impactful technological solutions while inspiring others along the way.</p>",
    "profile_pic": "faculty_photos/20251127_1508321_8r1mKEo_mffyD9C_2kuRs9n_wanb1CA_r4xFTqX_iwqyLMb_KZZz6wU__L9GH3R1.jpg",
    "cropping": "0,0,400,400",
    "joining_date": "2023-07-13",
    "last_office_date": null,
    "google_scholar_url": "https://scholar.google.com/citations?user=sdsnA6oAAAAJ&hl=en",
    "researchgate_url": "None",
    "orcid_url": "None",
    "scopus_url": "None",
    "linkedin_url": "None",
    "researches": "<p>&nbsp;</p>\r\n\r\n<div>\r\n<table cellspacing=\"0\" style=\"border-collapse:collapse; border:none; width:670px\">\r\n\t<tbody>\r\n\t\t<tr>\r\n\t\t\t<td colspan=\"5\" style=\"vertical-align:top; width:28px\">\r\n\t\t\t<p><span style=\"font-size:13pt\"><span style=\"font-family:'Source Sans Pro',sans-serif\"><span style=\"color:#434343\"><strong>Total Publication: 12</strong></span></span></span></p>\r\n\r\n\t\t\t<p><span style=\"font-size:13pt\"><span style=\"font-family:'Source Sans Pro',sans-serif\"><span style=\"color:#434343\"><strong>Total Q1: 7</strong></span></span></span></p>\r\n\r\n\t\t\t<p><span style=\"font-size:13pt\"><span style=\"font-family:'Source Sans Pro',sans-serif\"><span style=\"color:#434343\"><strong>Total First Author or Equal Contribution: 6</strong></span></span></span></p>\r\n\t\t\t</td>\r\n\t\t</tr>\r\n\t\t<tr>\r\n\t\t\t<td style=\"background-color:#666666; vertical-align:top; width:28px\">\r\n\t\t\t<p style=\"text-align:center\"><span style=\"font-size:10pt\"><span style=\"font-family:'Source Sans Pro',sans-serif\"><span style=\"color:#f3f3f3\"><strong>SL</strong></span></span></span></p>\r\n\t\t\t</td>\r\n\t\t\t<td style=\"background-color:#666666; vertical-align:top; width:55px\">\r\n\t\t\t<p style=\"text-align:center\"><span style=\"font-size:10pt\"><span style=\"font-family:'Source Sans Pro',sans-serif\"><span style=\"color:#f3f3f3\"><strong>Year</strong></span></span></span></p>\r\n\t\t\t</td>\r\n\t\t\t<td style=\"background-color:#666666; vertical-align:top; width:91px\">\r\n\t\t\t<p style=\"text-align:center\"><span style=\"font-size:10pt\"><span style=\"font-family:'Source Sans Pro',sans-serif\"><span style=\"color:#f3f3f3\"><strong>Published at</strong></span></span></span></p>\r\n\t\t\t</td>\r\n\t\t\t<td style=\"background-color:#666666; vertical-align:top; width:96px\">\r\n\t\t\t<p style=\"text-align:center\"><span style=\"font-size:10pt\"><span style=\"font-family:'Source Sans Pro',sans-serif\"><span style=\"color:#f3f3f3\"><strong>Contribution</strong></span></span></span></p>\r\n\t\t\t</td>\r\n\t\t\t<td style=\"background-color:#666666; vertical-align:top; width:400px\">\r\n\t\t\t<p style=\"margin-left:40px; text-align:center\"><span style=\"font-size:10pt\"><span style=\"font-family:'Source Sans Pro',sans-serif\"><span style=\"color:#f3f3f3\"><strong>Research Article</strong></span></span></span></p>\r\n\t\t\t</td>\r\n\t\t</tr>\r\n\t\t<tr>\r\n\t\t\t<td style=\"vertical-align:top; width:28px\">\r\n\t\t\t<p style=\"text-align:center\"><span style=\"font-size:10pt\"><span style=\"font-family:'Source Sans Pro',sans-serif\"><span style=\"color:#000000\"><strong>1</strong></span></span></span></p>\r\n\t\t\t</td>\r\n\t\t\t<td style=\"vertical-align:top; width:55px\">\r\n\t\t\t<p style=\"text-align:center\"><span style=\"font-size:10pt\"><span style=\"font-family:'Source Sans Pro',sans-serif\"><span style=\"color:#000000\">2025</span></span></span></p>\r\n\t\t\t</td>\r\n\t\t\t<td style=\"vertical-align:top; width:91px\">\r\n\t\t\t<p><span style=\"font-size:10pt\"><span style=\"font-family:'Source Sans Pro',sans-serif\"><span style=\"color:#5a3286\"><strong>Prestigious Conference</strong></span></span></span></p>\r\n\t\t\t</td>\r\n\t\t\t<td style=\"vertical-align:top; width:96px\">\r\n\t\t\t<p><span style=\"font-size:10pt\"><span style=\"font-family:'Source Sans Pro',sans-serif\"><span style=\"color:#11734b\"><strong>First Author</strong></span></span></span></p>\r\n\t\t\t</td>\r\n\t\t\t<td style=\"vertical-align:top; width:400px\">\r\n\t\t\t<p style=\"text-align:justify\"><span style=\"font-size:10pt\"><span style=\"font-family:'Source Sans Pro',sans-serif\"><span style=\"color:#000000\">Mistry, D., Diba, B. S., Dutta Plabon, J., Ahmed, S. U., &amp; Mridha, M. F. (2025, June). Personalized Pomodoro Productivity Tracking with Privacy-Preserving Machine Learning in Human-Computer Interaction. In International Conference on Human-Computer Interaction (pp. 416-427). Cham: Springer Nature Switzerland.</span></span></span></p>\r\n\t\t\t</td>\r\n\t\t</tr>\r\n\t\t<tr>\r\n\t\t\t<td style=\"vertical-align:top; width:28px\">\r\n\t\t\t<p style=\"text-align:center\"><span style=\"font-size:10pt\"><span style=\"font-family:'Source Sans Pro',sans-serif\"><span style=\"color:#000000\"><strong>2</strong></span></span></span></p>\r\n\t\t\t</td>\r\n\t\t\t<td style=\"vertical-align:top; width:55px\">\r\n\t\t\t<p style=\"text-align:center\"><span style=\"font-size:10pt\"><span style=\"font-family:'Source Sans Pro',sans-serif\"><span style=\"color:#000000\">2025</span></span></span></p>\r\n\t\t\t</td>\r\n\t\t\t<td style=\"vertical-align:top; width:91px\">\r\n\t\t\t<p><span style=\"font-size:10pt\"><span style=\"font-family:'Source Sans Pro',sans-serif\"><span style=\"color:#0a53a8\"><strong>Q1 Journal</strong></span></span></span></p>\r\n\t\t\t</td>\r\n\t\t\t<td style=\"vertical-align:top; width:96px\">\r\n\t\t\t<p><span style=\"font-size:10pt\"><span style=\"font-family:'Source Sans Pro',sans-serif\"><span style=\"color:#215a6c\"><strong>Eq. First</strong></span></span></span></p>\r\n\t\t\t</td>\r\n\t\t\t<td style=\"vertical-align:top; width:400px\">\r\n\t\t\t<p style=\"text-align:justify\"><span style=\"font-size:10pt\"><span style=\"font-family:'Source Sans Pro',sans-serif\"><span style=\"color:#000000\">Diba, B. S., Plabon, J. D., Mowla, T. J., Nahar, N., Mistry, D., Sarker, S., ... &amp; Shin, J. (2025). Open problems and challenges in federated learning for IoT: A comprehensive review and strategic guide. Computers and Electrical Engineering, 126, 110515.</span></span></span></p>\r\n\t\t\t</td>\r\n\t\t</tr>\r\n\t\t<tr>\r\n\t\t\t<td style=\"vertical-align:top; width:28px\">\r\n\t\t\t<p style=\"text-align:center\"><span style=\"font-size:10pt\"><span style=\"font-family:'Source Sans Pro',sans-serif\"><span style=\"color:#000000\"><strong>3</strong></span></span></span></p>\r\n\t\t\t</td>\r\n\t\t\t<td style=\"vertical-align:top; width:55px\">\r\n\t\t\t<p style=\"text-align:center\"><span style=\"font-size:10pt\"><span style=\"font-family:'Source Sans Pro',sans-serif\"><span style=\"color:#000000\">2025</span></span></span></p>\r\n\t\t\t</td>\r\n\t\t\t<td style=\"vertical-align:top; width:91px\">\r\n\t\t\t<p><span style=\"font-size:10pt\"><span style=\"font-family:'Source Sans Pro',sans-serif\"><span style=\"color:#0a53a8\"><strong>Q1 Journal</strong></span></span></span></p>\r\n\t\t\t</td>\r\n\t\t\t<td style=\"vertical-align:top; width:96px\">\r\n\t\t\t<p><span style=\"font-size:10pt\"><span style=\"font-family:'Source Sans Pro',sans-serif\"><span style=\"color:#000000\"><strong>Author</strong></span></span></span></p>\r\n\t\t\t</td>\r\n\t\t\t<td style=\"vertical-align:top; width:400px\">\r\n\t\t\t<p style=\"text-align:justify\"><span style=\"font-size:10pt\"><span style=\"font-family:'Source Sans Pro',sans-serif\"><span style=\"color:#000000\">Islam, M. S., Islam, M. R., &amp; Mistry, D. (2025). Deep learning for predicting essential proteins using topological features and gene ontology. Neural Computing and Applications, 1-16.</span></span></span></p>\r\n\t\t\t</td>\r\n\t\t</tr>\r\n\t\t<tr>\r\n\t\t\t<td style=\"vertical-align:top; width:28px\">\r\n\t\t\t<p style=\"text-align:center\"><span style=\"font-size:10pt\"><span style=\"font-family:'Source Sans Pro',sans-serif\"><span style=\"color:#000000\"><strong>4</strong></span></span></span></p>\r\n\t\t\t</td>\r\n\t\t\t<td style=\"vertical-align:top; width:55px\">\r\n\t\t\t<p style=\"text-align:center\"><span style=\"font-size:10pt\"><span style=\"font-family:'Source Sans Pro',sans-serif\"><span style=\"color:#000000\">2025</span></span></span></p>\r\n\t\t\t</td>\r\n\t\t\t<td style=\"vertical-align:top; width:91px\">\r\n\t\t\t<p><span style=\"font-size:10pt\"><span style=\"font-family:'Source Sans Pro',sans-serif\"><span style=\"color:#0a53a8\"><strong>Q1 Journal</strong></span></span></span></p>\r\n\t\t\t</td>\r\n\t\t\t<td style=\"vertical-align:top; width:96px\">\r\n\t\t\t<p><span style=\"font-size:10pt\"><span style=\"font-family:'Source Sans Pro',sans-serif\"><span style=\"color:#215a6c\"><strong>Eq. First</strong></span></span></span></p>\r\n\t\t\t</td>\r\n\t\t\t<td style=\"vertical-align:top; width:400px\">\r\n\t\t\t<p style=\"text-align:justify\"><span style=\"font-size:10pt\"><span style=\"font-family:'Source Sans Pro',sans-serif\"><span style=\"color:#000000\">Diba, B. S., Plabon, J. D., Tasnim, N., Hossain, M., Mistry, D., Sarker, S., ... &amp; Shin, J. (2025). From Centralization to Decentralization: Blockchain&rsquo;s Role in Transforming Social Media Platforms. IEEE Access.</span></span></span></p>\r\n\t\t\t</td>\r\n\t\t</tr>\r\n\t\t<tr>\r\n\t\t\t<td style=\"vertical-align:top; width:28px\">\r\n\t\t\t<p style=\"text-align:center\"><span style=\"font-size:10pt\"><span style=\"font-family:'Source Sans Pro',sans-serif\"><span style=\"color:#000000\"><strong>5</strong></span></span></span></p>\r\n\t\t\t</td>\r\n\t\t\t<td style=\"vertical-align:top; width:55px\">\r\n\t\t\t<p style=\"text-align:center\"><span style=\"font-size:10pt\"><span style=\"font-family:'Source Sans Pro',sans-serif\"><span style=\"color:#000000\">2025</span></span></span></p>\r\n\t\t\t</td>\r\n\t\t\t<td style=\"vertical-align:top; width:91px\">\r\n\t\t\t<p><span style=\"font-size:10pt\"><span style=\"font-family:'Source Sans Pro',sans-serif\"><span style=\"color:#0a53a8\"><strong>Q1 Journal</strong></span></span></span></p>\r\n\t\t\t</td>\r\n\t\t\t<td style=\"vertical-align:top; width:96px\">\r\n\t\t\t<p><span style=\"font-size:10pt\"><span style=\"font-family:'Source Sans Pro',sans-serif\"><span style=\"color:#000000\"><strong>Author</strong></span></span></span></p>\r\n\t\t\t</td>\r\n\t\t\t<td style=\"vertical-align:top; width:400px\">\r\n\t\t\t<p style=\"text-align:justify\"><span style=\"font-size:10pt\"><span style=\"font-family:'Source Sans Pro',sans-serif\"><span style=\"color:#000000\">Rahman, N. N., Mahi, A. B. S., Mistry, D., Al Masud, S. M. R., Saha, A. K., Rahman, R., &amp; Islam, M. R. (2025). FallVision: A benchmark video dataset for fall detection. Data in Brief, 59, 111440.</span></span></span></p>\r\n\t\t\t</td>\r\n\t\t</tr>\r\n\t\t<tr>\r\n\t\t\t<td style=\"vertical-align:top; width:28px\">\r\n\t\t\t<p style=\"text-align:center\"><span style=\"font-size:10pt\"><span style=\"font-family:'Source Sans Pro',sans-serif\"><span style=\"color:#000000\"><strong>6</strong></span></span></span></p>\r\n\t\t\t</td>\r\n\t\t\t<td style=\"vertical-align:top; width:55px\">\r\n\t\t\t<p style=\"text-align:center\"><span style=\"font-size:10pt\"><span style=\"font-family:'Source Sans Pro',sans-serif\"><span style=\"color:#000000\">2025</span></span></span></p>\r\n\t\t\t</td>\r\n\t\t\t<td style=\"vertical-align:top; width:91px\">\r\n\t\t\t<p><span style=\"font-size:10pt\"><span style=\"font-family:'Source Sans Pro',sans-serif\"><span style=\"color:#000000\"><strong>Book Chapter</strong></span></span></span></p>\r\n\t\t\t</td>\r\n\t\t\t<td style=\"vertical-align:top; width:96px\">\r\n\t\t\t<p><span style=\"font-size:10pt\"><span style=\"font-family:'Source Sans Pro',sans-serif\"><span style=\"color:#5a3286\"><strong>Corr. Author</strong></span></span></span></p>\r\n\t\t\t</td>\r\n\t\t\t<td style=\"vertical-align:top; width:400px\">\r\n\t\t\t<p style=\"text-align:justify\"><span style=\"font-size:10pt\"><span style=\"font-family:'Source Sans Pro',sans-serif\"><span style=\"color:#000000\">Hossain Shovon, M. S., Sultana, Z., Shin, J., Hamid, M. A., &amp; Mistry, D. (2024). Incorporating residual connections into a multi-channel CNN for lung cancer detection in digital pathology. In Data-Driven Clinical Decision-Making Using Deep Learning in Imaging (pp. 189-205). Singapore: Springer Nature Singapore.</span></span></span></p>\r\n\t\t\t</td>\r\n\t\t</tr>\r\n\t\t<tr>\r\n\t\t\t<td style=\"vertical-align:top; width:28px\">\r\n\t\t\t<p style=\"text-align:center\"><span style=\"font-size:10pt\"><span style=\"font-family:'Source Sans Pro',sans-serif\"><span style=\"color:#000000\"><strong>7</strong></span></span></span></p>\r\n\t\t\t</td>\r\n\t\t\t<td style=\"vertical-align:top; width:55px\">\r\n\t\t\t<p style=\"text-align:center\"><span style=\"font-size:10pt\"><span style=\"font-family:'Source Sans Pro',sans-serif\"><span style=\"color:#000000\">2024</span></span></span></p>\r\n\t\t\t</td>\r\n\t\t\t<td style=\"vertical-align:top; width:91px\">\r\n\t\t\t<p><span style=\"font-size:10pt\"><span style=\"font-family:'Source Sans Pro',sans-serif\"><span style=\"color:#0a53a8\"><strong>Q1 Journal</strong></span></span></span></p>\r\n\t\t\t</td>\r\n\t\t\t<td style=\"vertical-align:top; width:96px\">\r\n\t\t\t<p><span style=\"font-size:10pt\"><span style=\"font-family:'Source Sans Pro',sans-serif\"><span style=\"color:#5a3286\"><strong>Corr. Author</strong></span></span></span></p>\r\n\t\t\t</td>\r\n\t\t\t<td style=\"vertical-align:top; width:400px\">\r\n\t\t\t<p style=\"text-align:justify\"><span style=\"font-size:10pt\"><span style=\"font-family:'Source Sans Pro',sans-serif\"><span style=\"color:#000000\">Diba, B. S., Plabon, J. D., Rahman, M. M., Mistry, D., Saha, A. K., &amp; Mridha, M. F. (2024). Explainable federated learning for privacy-preserving bangla sign language detection. Engineering Applications of Artificial Intelligence, 134, 108657.</span></span></span></p>\r\n\t\t\t</td>\r\n\t\t</tr>\r\n\t\t<tr>\r\n\t\t\t<td style=\"vertical-align:top; width:28px\">\r\n\t\t\t<p style=\"text-align:center\"><span style=\"font-size:10pt\"><span style=\"font-family:'Source Sans Pro',sans-serif\"><span style=\"color:#000000\"><strong>8</strong></span></span></span></p>\r\n\t\t\t</td>\r\n\t\t\t<td style=\"vertical-align:top; width:55px\">\r\n\t\t\t<p style=\"text-align:center\"><span style=\"font-size:10pt\"><span style=\"font-family:'Source Sans Pro',sans-serif\"><span style=\"color:#000000\">2024</span></span></span></p>\r\n\t\t\t</td>\r\n\t\t\t<td style=\"vertical-align:top; width:91px\">\r\n\t\t\t<p><span style=\"font-size:10pt\"><span style=\"font-family:'Source Sans Pro',sans-serif\"><span style=\"color:#0a53a8\"><strong>Q1 Journal</strong></span></span></span></p>\r\n\t\t\t</td>\r\n\t\t\t<td style=\"vertical-align:top; width:96px\">\r\n\t\t\t<p><span style=\"font-size:10pt\"><span style=\"font-family:'Source Sans Pro',sans-serif\"><span style=\"color:#11734b\"><strong>First Author</strong></span></span></span></p>\r\n\t\t\t</td>\r\n\t\t\t<td style=\"vertical-align:top; width:400px\">\r\n\t\t\t<p style=\"text-align:justify\"><span style=\"font-size:10pt\"><span style=\"font-family:'Source Sans Pro',sans-serif\"><span style=\"color:#000000\">Mistry, D., Plabon, J. D., Diba, B. S., Mukta, S., &amp; Mridha, M. F. (2024). Federated learning-based architecture for personalized next emoji prediction for social media comments. IEEE Access.</span></span></span></p>\r\n\t\t\t</td>\r\n\t\t</tr>\r\n\t\t<tr>\r\n\t\t\t<td style=\"vertical-align:top; width:28px\">\r\n\t\t\t<p style=\"text-align:center\"><span style=\"font-size:10pt\"><span style=\"font-family:'Source Sans Pro',sans-serif\"><span style=\"color:#000000\"><strong>9</strong></span></span></span></p>\r\n\t\t\t</td>\r\n\t\t\t<td style=\"vertical-align:top; width:55px\">\r\n\t\t\t<p style=\"text-align:center\"><span style=\"font-size:10pt\"><span style=\"font-family:'Source Sans Pro',sans-serif\"><span style=\"color:#000000\">2024</span></span></span></p>\r\n\t\t\t</td>\r\n\t\t\t<td style=\"vertical-align:top; width:91px\">\r\n\t\t\t<p><span style=\"font-size:10pt\"><span style=\"font-family:'Source Sans Pro',sans-serif\"><span style=\"color:#000000\"><strong>Book Chapter</strong></span></span></span></p>\r\n\t\t\t</td>\r\n\t\t\t<td style=\"vertical-align:top; width:96px\">\r\n\t\t\t<p><span style=\"font-size:10pt\"><span style=\"font-family:'Source Sans Pro',sans-serif\"><span style=\"color:#5a3286\"><strong>Corr. Author</strong></span></span></span></p>\r\n\t\t\t</td>\r\n\t\t\t<td style=\"vertical-align:top; width:400px\">\r\n\t\t\t<p style=\"text-align:justify\"><span style=\"font-size:10pt\"><span style=\"font-family:'Source Sans Pro',sans-serif\"><span style=\"color:#000000\">Tabassum, A., Hassan Ovi, S., Hossain, S., Tonmoy, M. R., Shovon, M. S. H., Hussein, M. R., &amp; Mistry, D. (2024). Privacy Preserving Breast Cancer Prediction with Mammography Images Using Federated Learning. In Data-Driven Clinical Decision-Making Using Deep Learning in Imaging (pp. 227-245). Singapore: Springer Nature Singapore.</span></span></span></p>\r\n\t\t\t</td>\r\n\t\t</tr>\r\n\t\t<tr>\r\n\t\t\t<td style=\"vertical-align:top; width:28px\">\r\n\t\t\t<p style=\"text-align:center\"><span style=\"font-size:10pt\"><span style=\"font-family:'Source Sans Pro',sans-serif\"><span style=\"color:#000000\"><strong>10</strong></span></span></span></p>\r\n\t\t\t</td>\r\n\t\t\t<td style=\"vertical-align:top; width:55px\">\r\n\t\t\t<p style=\"text-align:center\"><span style=\"font-size:10pt\"><span style=\"font-family:'Source Sans Pro',sans-serif\"><span style=\"color:#000000\">2024</span></span></span></p>\r\n\t\t\t</td>\r\n\t\t\t<td style=\"vertical-align:top; width:91px\">\r\n\t\t\t<p><span style=\"font-size:10pt\"><span style=\"font-family:'Source Sans Pro',sans-serif\"><span style=\"color:#000000\"><strong>Book Chapter</strong></span></span></span></p>\r\n\t\t\t</td>\r\n\t\t\t<td style=\"vertical-align:top; width:96px\">\r\n\t\t\t<p><span style=\"font-size:10pt\"><span style=\"font-family:'Source Sans Pro',sans-serif\"><span style=\"color:#000000\"><strong>Author</strong></span></span></span></p>\r\n\t\t\t</td>\r\n\t\t\t<td style=\"vertical-align:top; width:400px\">\r\n\t\t\t<p style=\"text-align:justify\"><span style=\"font-size:10pt\"><span style=\"font-family:'Source Sans Pro',sans-serif\"><span style=\"color:#000000\">Kibriya, M. G., Mistry, D., Mistry, D., Tonmoy, M. R., Ovi, S. H., Tabassum, A., &amp; Hossain, S. (2024). Privacy-Preserving Vision-Based Detection of Pox Diseases Using Federated Learning. In Data-Driven Clinical Decision-Making Using Deep Learning in Imaging (pp. 105-122). Singapore: Springer Nature Singapore.</span></span></span></p>\r\n\t\t\t</td>\r\n\t\t</tr>\r\n\t\t<tr>\r\n\t\t\t<td style=\"vertical-align:top; width:28px\">\r\n\t\t\t<p style=\"text-align:center\"><span style=\"font-size:10pt\"><span style=\"font-family:'Source Sans Pro',sans-serif\"><span style=\"color:#000000\"><strong>11</strong></span></span></span></p>\r\n\t\t\t</td>\r\n\t\t\t<td style=\"vertical-align:top; width:55px\">\r\n\t\t\t<p style=\"text-align:center\"><span style=\"font-size:10pt\"><span style=\"font-family:'Source Sans Pro',sans-serif\"><span style=\"color:#000000\">2023</span></span></span></p>\r\n\t\t\t</td>\r\n\t\t\t<td style=\"vertical-align:top; width:91px\">\r\n\t\t\t<p><span style=\"font-size:10pt\"><span style=\"font-family:'Source Sans Pro',sans-serif\"><span style=\"color:#0a53a8\"><strong>Q1 Journal</strong></span></span></span></p>\r\n\t\t\t</td>\r\n\t\t\t<td style=\"vertical-align:top; width:96px\">\r\n\t\t\t<p><span style=\"font-size:10pt\"><span style=\"font-family:'Source Sans Pro',sans-serif\"><span style=\"color:#11734b\"><strong>First Author</strong></span></span></span></p>\r\n\t\t\t</td>\r\n\t\t\t<td style=\"vertical-align:top; width:400px\">\r\n\t\t\t<p style=\"text-align:justify\"><span style=\"font-size:10pt\"><span style=\"font-family:'Source Sans Pro',sans-serif\"><span style=\"color:#000000\">Mistry, D., Mridha, M. F., Safran, M., Alfarhood, S., Saha, A. K., &amp; Che, D. (2023). Privacy-preserving on-screen activity tracking and classification in e-learning using federated learning. IEEE Access, 11, 79315-79329.</span></span></span></p>\r\n\t\t\t</td>\r\n\t\t</tr>\r\n\t\t<tr>\r\n\t\t\t<td style=\"vertical-align:top; width:28px\">\r\n\t\t\t<p style=\"text-align:center\"><span style=\"font-size:10pt\"><span style=\"font-family:'Source Sans Pro',sans-serif\"><span style=\"color:#000000\"><strong>12</strong></span></span></span></p>\r\n\t\t\t</td>\r\n\t\t\t<td style=\"vertical-align:top; width:55px\">\r\n\t\t\t<p style=\"text-align:center\"><span style=\"font-size:10pt\"><span style=\"font-family:'Source Sans Pro',sans-serif\"><span style=\"color:#000000\">2023</span></span></span></p>\r\n\t\t\t</td>\r\n\t\t\t<td style=\"vertical-align:top; width:91px\">\r\n\t\t\t<p><span style=\"font-size:10pt\"><span style=\"font-family:'Source Sans Pro',sans-serif\"><span style=\"color:#000000\"><strong>Conference</strong></span></span></span></p>\r\n\t\t\t</td>\r\n\t\t\t<td style=\"vertical-align:top; width:96px\">\r\n\t\t\t<p><span style=\"font-size:10pt\"><span style=\"font-family:'Source Sans Pro',sans-serif\"><span style=\"color:#11734b\"><strong>First Author</strong></span></span></span></p>\r\n\t\t\t</td>\r\n\t\t\t<td style=\"vertical-align:top; width:400px\">\r\n\t\t\t<p style=\"text-align:justify\"><span style=\"font-size:10pt\"><span style=\"font-family:'Source Sans Pro',sans-serif\"><span style=\"color:#000000\">Mistry, D., Tonmoy, M. R., Anower, M. S., &amp; Hasan, A. T. (2023, September). Federated Transfer Learning for Vision-Based Fall Detection. In International Conference on Big Data, IoT and Machine Learning (pp. 961-975). Singapore: Springer Nature Singapore.</span></span></span></p>\r\n\t\t\t</td>\r\n\t\t</tr>\r\n\t</tbody>\r\n</table>\r\n</div>\r\n\r\n<p>&nbsp;</p>",
    "citation": 132,
    "sl": 13,
    "routine": "<p>Later</p>",
    "is_head": false,
    "is_dept_proctor": false,
    "is_bsc_admission_coordinator": false,
    "is_mcse_admission_coordinator": false,
    "is_on_study_leave": false,
    "cv": ""
  }
},
{
  "model": "people.faculty",
  "pk": 28,
  "fields": {
    "name": "Dr. Nusrat Jahan",
    "shortname": "NJ",
    "designation": "Lecturer",
    "phone": "01712345683",
    "bio": "Expert in Web Development and Mobile Applications",
    "about": null,
    "profile_pic": "",
    "cropping": "",
    "joining_date": "2020-01-01",
    "last_office_date": null,
    "google_scholar_url": null,
    "researchgate_url": null,
    "orcid_url": null,
    "scopus_url": null,
    "linkedin_url": null,
    "researches": null,
    "citation": 0,
    "sl": 14,
    "routine": null,
    "is_head": false,
    "is_dept_proctor": false,
    "is_bsc_admission_coordinator": false,
    "is_mcse_admission_coordinator": false,
    "is_on_study_leave": false,
    "cv": ""
  }
},
{
  "model": "people.faculty",
  "pk": 30,
  "fields": {
    "name": "Dr. Tahmina Begum",
    "shortname": "TB",
    "designation": "Teaching Assistant",
    "phone": "01712345685",
    "bio": "Graduate Teaching Assistant in Programming Fundamentals",
    "about": null,
    "profile_pic": "",
    "cropping": "",
    "joining_date": "2020-01-01",
    "last_office_date": null,
    "google_scholar_url": null,
    "researchgate_url": null,
    "orcid_url": null,
    "scopus_url": null,
    "linkedin_url": null,
    "researches": null,
    "citation": 0,
    "sl": 16,
    "routine": null,
    "is_head": false,
    "is_dept_proctor": false,
    "is_bsc_admission_coordinator": false,
    "is_mcse_admission_coordinator": false,
    "is_on_study_leave": false,
    "cv": ""
  }
},
{
  "model": "people.officer",
  "pk": 10,
  "fields": {
    "name": "suza bhai",
    "position": null,
    "phone": null,
    "bio": null,
    "profile_pic": "",
    "joining_date": null,
    "sl": 1,
    "about": null
  }
},
{
  "model": "people.officer",
  "pk": 11,
  "fields": {
    "name": "kabir bhai",
    "position": "None",
    "phone": "None",
    "bio": "None",
    "profile_pic": "officer_photos/cropped-image_D3uA6d5.jpg",
    "joining_date": null,
    "sl": 2,
    "about": null
  }
},
{
  "model": "people.clubmember",
  "pk": 12,
  "fields": {
    "name": "Club Member 1",
    "student_id": "CM001",
    "about": "<p>OK</p>",
    "profile_pic": "club_member_photos/cropped-image.jpg",
    "last_club_position": "None"
  }
},
{
  "model": "people.clubmember",
  "pk": 21,
  "fields": {
    "name": "Club Member 10",
    "student_id": "CM010",
    "about": null,
    "profile_pic": "",
    "last_club_position": null
  }
},
{
  "model": "people.clubmember",
  "pk": 13,
  "fields": {
    "name": "Club Member 2",
    "student_id": "CM002",
    "about": null,
    "profile_pic": "",
    "last_club_position": null
  }
},
{
  "model": "people.clubmember",
  "pk": 14,
  "fields": {
    "name": "Club Member 3",
    "student_id": "CM003",
    "about": null,
    "profile_pic": "",
    "last_club_position": null
  }
},
{
  "model": "people.clubmember",
  "pk": 15,
  "fields": {
    "name": "Club Member 4",
    "student_id": "CM004",
    "about": null,
    "profile_pic": "",
    "last_club_position": null
  }
},
{
  "model": "people.clubmember",
  "pk": 16,
  "fields": {
    "name": "Club Member 5",
    "student_id": "CM005",
    "about": null,
    "profile_pic": "",
    "last_club_position": null
  }
},
{
  "model": "people.clubmember",
  "pk": 17,
  "fields": {
    "name": "Club Member 6",
    "student_id": "CM006",
    "about": null,
    "profile_pic": "",
    "last_club_position": null
  }
},
{
  "model": "people.clubmember",
  "pk": 18,
  "fields": {
    "name": "Club Member 7",
    "student_id": "CM007",
    "about": null,
    "profile_pic": "",
    "last_club_position": null
  }
},
{
  "model": "people.clubmember",
  "pk": 19,
  "fields": {
    "name": "Club Member 8",
    "student_id": "CM008",
    "about": null,
    "profile_pic": "",
    "last_club_position": null
  }
},
{
  "model": "people.clubmember",
  "pk": 20,
  "fields": {
    "name": "Club Member 9",
    "student_id": "CM009",
    "about": null,
    "profile_pic": "",
    "last_club_position": null
  }
},
{
  "model": "people.clubmember",
  "pk": 22,
  "fields": {
    "name": "Saad",
    "student_id": null,
    "about": null,
    "profile_pic": "",
    "last_club_position": null
  }
},
{
  "model": "people.passwordresettoken",
  "pk": 5,
  "fields": {
    "user": [
      "durjoy@uap-bd.edu"
    ],
    "token": "TXKRHcN84y2Q1be6IdnTWKHdKcrYFewoR1a8ZOPtYRd3IWiZ4U1WEQdwwSUs2ahc",
    "created_at": "2025-12-08T18:30:37.407Z",
    "expires_at": "2025-12-09T18:30:37.406Z",
    "used": true
  }
},
{
  "model": "people.passwordresettoken",
  "pk": 4,
  "fields": {
    "user": [
      "durjoy@uap-bd.edu"
    ],
    "token": "uteNfzoGqngXI5gIyj4t5gRjTOnIwOVZRniSndzNLAbHbZuWy5fHPa8B9hLVEMyO",
    "created_at": "2025-12-08T18:29:46.281Z",
    "expires_at": "2025-12-09T18:29:46.280Z",
    "used": true
  }
},
{
  "model": "people.contributor",
  "pk": 3,
  "fields": {
    "name": "Durjoy Mistry",
    "student_id": "Project Lead",
    "github_username": "heydurjoy",
    "role": "Course teacher, concept exploration, early implementations",
    "reflection": "",
    "portfolio_link": null,
    "photo": "contributor_photos/473621039_1352223835768829_2961042589741446488_n.jpg",
    "project_type": "course",
    "order": 1,
    "lines_added": 4354,
    "lines_deleted": 2842,
    "number_of_commits": 36,
    "created_at": "2025-12-16T18:49:59.007Z",
    "updated_at": "2025-12-17T23:29:55.106Z"
  }
},
{
  "model": "people.contributor",
  "pk": 16,
  "fields": {
    "name": "Tahiya Zareen Hiya",
    "student_id": "22201038",
    "github_username": "Tahiya07",
    "role": "Frontend Development of the whole project",
    "reflection": "I feel really excited and honored to be part of this journey. I'm really thankful to Durjoy Mistry sir, the Mastermind of this website for giving me this great opportunity to apply my skills  while also learning how to integrate user-friendly features and maintain a consistent design system.",
    "portfolio_link": "https://tahiya07.github.io/Tahiya.view/",
    "photo": "contributor_photos/profile_-_Tahiya_Zareen_zDQtOg4.jpg",
    "project_type": "course",
    "order": 2,
    "lines_added": 9630,
    "lines_deleted": 5366,
    "number_of_commits": 47,
    "created_at": "2025-12-16T20:19:55.097Z",
    "updated_at": "2025-12-16T21:15:49.956Z"
  }
},
{
  "model": "people.contributor",
  "pk": 4,
  "fields": {
    "name": "Junaid Hossain",
    "student_id": "22201017",
    "github_username": "JunHossain",
    "role": "Backend development for the Club section",
    "reflection": "Felt good to work on a project that will be used by so many people in the future.",
    "portfolio_link": "https://junhossain.github.io/Portfolio/",
    "photo": "contributor_photos/profile-junaid-hossain.jpg",
    "project_type": "course",
    "order": 3,
    "lines_added": 753,
    "lines_deleted": 463,
    "number_of_commits": 19,
    "created_at": "2025-12-16T18:49:59.013Z",
    "updated_at": "2025-12-16T20:48:37.542Z"
  }
},
{
  "model": "people.contributor",
  "pk": 5,
  "fields": {
    "name": "Wasikul Hasan Fahim",
    "student_id": "22201037",
    "github_username": "Wasikul-Fahim",
    "role": "Alumni section development",
    "reflection": "Great to be part of this project",
    "portfolio_link": "https://wasikul-fahim.github.io/Wasikul_Portfolio/index.html",
    "photo": "contributor_photos/IMG_3194_-_Wasikul_Hasan_Fahim.jpeg",
    "project_type": "course",
    "order": 4,
    "lines_added": 1049,
    "lines_deleted": 1016,
    "number_of_commits": 15,
    "created_at": "2025-12-16T18:49:59.026Z",
    "updated_at": "2025-12-16T20:48:52.358Z"
  }
},
{
  "model": "people.contributor",
  "pk": 6,
  "fields": {
    "name": "Yeamin Bhuiyan",
    "student_id": "22201054",
    "github_username": "Yeamin-Bhuiyan",
    "role": "Backend Development of Files System and Miscellaneous Systems(Routine,Curriculam,notice board, etc.)",
    "reflection": "Being part of this journey has been both challenging and rewarding. There were many bugs and problems along the way, but the process was enjoyable. After trying repeatedly, seeing everything finally get solved and work perfectly felt incredibly satisfying. It was truly an honor to be part of this great project.",
    "portfolio_link": "https://github.com/Yeamin-Bhuiyan",
    "photo": "contributor_photos/IMG-20251217-WA0029_-_Md_PVa1Irs._Yeamin_Bhuiyan.jpg",
    "project_type": "course",
    "order": 5,
    "lines_added": 2765,
    "lines_deleted": 524,
    "number_of_commits": 13,
    "created_at": "2025-12-16T18:49:59.041Z",
    "updated_at": "2025-12-16T21:10:13.922Z"
  }
},
{
  "model": "people.contributor",
  "pk": 7,
  "fields": {
    "name": "Lubaba Hasan",
    "student_id": "22201134",
    "github_username": "lubabahasan",
    "role": "Backend Faculty",
    "reflection": "Great",
    "portfolio_link": "https://lubabahasan.github.io",
    "photo": "contributor_photos/Lubaba_Hasan_-_LinkedIn_2_-_Lubaba_Hasan_ompqIty.jpg",
    "project_type": "course",
    "order": 6,
    "lines_added": 836,
    "lines_deleted": 338,
    "number_of_commits": 10,
    "created_at": "2025-12-16T18:49:59.047Z",
    "updated_at": "2025-12-16T21:12:52.807Z"
  }
},
{
  "model": "people.contributor",
  "pk": 8,
  "fields": {
    "name": "Tasnia Sami",
    "student_id": "22201058",
    "github_username": "TasniaSami123",
    "role": "Some role here",
    "reflection": "Reflection goes here",
    "portfolio_link": null,
    "photo": "contributor_photos/4042422.png",
    "project_type": "course",
    "order": 7,
    "lines_added": 497,
    "lines_deleted": 239,
    "number_of_commits": 9,
    "created_at": "2025-12-16T18:49:59.053Z",
    "updated_at": "2025-12-17T23:09:51.396Z"
  }
},
{
  "model": "people.contributor",
  "pk": 9,
  "fields": {
    "name": "Ibrahim Hasan",
    "student_id": "22201142",
    "github_username": "ibrahim-hasan5",
    "role": "Academic area, role-based access control, dynamic facts & figures",
    "reflection": "This journey has played an important role in my learning and growth. I gained valuable knowledge, improved my skills, and built confidence through hands-on experience.",
    "portfolio_link": "https://drive.google.com/open?id=1ZaC1psjiu1wozN3oS3kPMdEdC0Ebs-LK",
    "photo": "contributor_photos/IMG_3970_-_Ibrahim_Hasan.jpeg",
    "project_type": "course",
    "order": 8,
    "lines_added": 727,
    "lines_deleted": 123,
    "number_of_commits": 7,
    "created_at": "2025-12-16T18:49:59.058Z",
    "updated_at": "2025-12-16T20:50:14.577Z"
  }
},
{
  "model": "people.contributor",
  "pk": 10,
  "fields": {
    "name": "Fabia Tasnim",
    "student_id": "22201044",
    "github_username": "Fabia44",
    "role": "Fullstack (Frontend & Backend) of Alumni Association module, PDF upload & preview, download mechanism",
    "reflection": "Being part of this journey has been truly rewarding. Special thanks to our mentor Durjoy Mistry for continuous guidance and support.",
    "portfolio_link": "https://drive.google.com/open?id=1U6v1_kXJYgjcUPtMnHF4vb-93ntVUvIg",
    "photo": "contributor_photos/IMG-20250101-WA0012_-_Fabia_Tasnim.jpg",
    "project_type": "course",
    "order": 9,
    "lines_added": 396,
    "lines_deleted": 45,
    "number_of_commits": 7,
    "created_at": "2025-12-16T18:49:59.071Z",
    "updated_at": "2025-12-16T20:51:25.759Z"
  }
},
{
  "model": "people.contributor",
  "pk": 11,
  "fields": {
    "name": "Md Sahriar Asif",
    "student_id": "22201111",
    "github_username": "Md-Sahriar-Asif",
    "role": "Backend developer for Faculty module (password reset, Google Scholar API integration, profile updates)",
    "reflection": "Learned a bunch of new stuff along the way. Low-key a pretty cool experience.",
    "portfolio_link": "https://md-sahriar-asif.github.io/Portfolio/",
    "photo": "contributor_photos/20231220_154235_-_Md._Sahriar_Asif.jpg",
    "project_type": "course",
    "order": 10,
    "lines_added": 369,
    "lines_deleted": 22,
    "number_of_commits": 6,
    "created_at": "2025-12-16T18:49:59.083Z",
    "updated_at": "2025-12-16T20:51:38.023Z"
  }
},
{
  "model": "people.contributor",
  "pk": 17,
  "fields": {
    "name": "Faizun Nesa Orin",
    "student_id": "22201139",
    "github_username": "Faizun12",
    "role": "I have worked on backend functionality for academic areas and implemented complete CRUD operations for managing prerequisite courses on the departmental website.",
    "reflection": "It was a valuable and rewarding experience that enhanced my technical skills and gave me practical exposure to real-world web development.",
    "portfolio_link": "https://faizun12.github.io/Orin-sPortfolio/",
    "photo": "contributor_photos/FullSizeRender_Original_-_Faizun_Nesa_4TZ5Bce.jpeg",
    "project_type": "course",
    "order": 11,
    "lines_added": 813,
    "lines_deleted": 10,
    "number_of_commits": 5,
    "created_at": "2025-12-16T20:58:30.843Z",
    "updated_at": "2025-12-16T21:26:16.149Z"
  }
},
{
  "model": "people.contributor",
  "pk": 12,
  "fields": {
    "name": "Taj Mohammad Anim",
    "student_id": "22201036",
    "github_username": "Anim36",
    "role": "Implementing Chatbot",
    "reflection": "Building a university website is already a big projectand my role in creating the chatbot is a very important one. It's a learning journey, and I'm genuinely glad to be a part of it.",
    "portfolio_link": "https://anim36.github.io/My-PORTFOLIO1/",
    "photo": "contributor_photos/Anim_2_-_Taj_Mohammad_Anim.jpg",
    "project_type": "course",
    "order": 12,
    "lines_added": 567,
    "lines_deleted": 917,
    "number_of_commits": 5,
    "created_at": "2025-12-16T18:49:59.097Z",
    "updated_at": "2025-12-16T21:26:25.953Z"
  }
},
{
  "model": "people.contributor",
  "pk": 13,
  "fields": {
    "name": "Rabea Sultana Shazia",
    "student_id": "22201053",
    "github_username": "ShazuMiu",
    "role": "Alumni section",
    "reflection": "Great experience.I'm honoured to be a part of this making thanks to Durjoy Mistry sir for the opportunity.",
    "portfolio_link": "https://drive.google.com/open?id=1NoTIgSNaiOr4nfO-l29HwO3TumSq0ARa",
    "photo": "contributor_photos/inbound3834883613428923307_-_Rabea_Sultana_Shazia.jpg",
    "project_type": "course",
    "order": 13,
    "lines_added": 226,
    "lines_deleted": 27,
    "number_of_commits": 4,
    "created_at": "2025-12-16T18:49:59.115Z",
    "updated_at": "2025-12-16T20:58:50.303Z"
  }
},
{
  "model": "people.contributor",
  "pk": 14,
  "fields": {
    "name": "Marzan Ahmed",
    "student_id": "22201055",
    "github_username": "MarzzzSiam",
    "role": "Clubs",
    "reflection": "It felt great to contribute to a real departmental website & collaborate with the whole team. I learned a lot throughout the process & it was rewarding to see our work come together into something useful for our department. I am always grateful for this opportunity.",
    "portfolio_link": "https://marzzzsiam.github.io/Marzan_Ahmed/",
    "photo": "contributor_photos/IMG_7460_-_Marzan_Ahmed.jpeg",
    "project_type": "course",
    "order": 14,
    "lines_added": 285,
    "lines_deleted": 40,
    "number_of_commits": 3,
    "created_at": "2025-12-16T18:49:59.129Z",
    "updated_at": "2025-12-16T20:59:12.078Z"
  }
},
{
  "model": "people.contributor",
  "pk": 15,
  "fields": {
    "name": "Md. Akif Hossain",
    "student_id": "22201029",
    "github_username": "Akifhossain29",
    "role": "Backend Development for Alumni Stories section",
    "reflection": "I feel honored to have been a part of this journey, as it allowed me to contribute meaningfully to the department while enhancing my technical skills.",
    "portfolio_link": "https://drive.google.com/open?id=1--GDaF2sS7Cfask7C6cgdd5AZQ5UgdEw",
    "photo": "contributor_photos/WhatsApp_Image_2023-09-14_at_21.10.50_-_Md._Akif_Hossain.jpg",
    "project_type": "course",
    "order": 15,
    "lines_added": 247,
    "lines_deleted": 3,
    "number_of_commits": 2,
    "created_at": "2025-12-16T18:49:59.143Z",
    "updated_at": "2025-12-16T20:59:30.769Z"
  }
},
{
  "model": "people.contributor",
  "pk": 1,
  "fields": {
    "name": "Durjoy Mistry",
    "student_id": " of this project",
    "github_username": "heydurjoy",
    "role": "Concept, system architecture, major development, technical supervision, integration, and final approval",
    "reflection": "",
    "portfolio_link": "https://heydurjoy.github.io/",
    "photo": "contributor_photos/473621039_1352223835768829_2961042589741446488_n_jbvRy9F.jpg",
    "project_type": "final",
    "order": 1,
    "lines_added": 963192,
    "lines_deleted": 4576,
    "number_of_commits": 72,
    "created_at": "2025-12-16T18:49:58.977Z",
    "updated_at": "2025-12-17T23:31:01.861Z"
  }
},
{
  "model": "people.contributor",
  "pk": 2,
  "fields": {
    "name": "Tahiya Zareen Hiya",
    "student_id": "22201038",
    "github_username": "Tahiya07",
    "role": "Final implementation, feature and design completion, testing, optimization, and deployment",
    "reflection": "I feel really excited and honored to be part of this journey. I'm really thankful to Durjoy Mistry sir, the Mastermind of this website for giving me this great opportunity to apply my skills  while also learning how to integrate user-friendly features and maintain a consistent design system.",
    "portfolio_link": "https://tahiya07.github.io/Tahiya.view/",
    "photo": "contributor_photos/profile_-_Tahiya_Zareen.jpg",
    "project_type": "final",
    "order": 2,
    "lines_added": 12094,
    "lines_deleted": 5366,
    "number_of_commits": 57,
    "created_at": "2025-12-16T18:49:58.992Z",
    "updated_at": "2025-12-16T21:02:32.895Z"
  }
},
{
  "model": "academics.program",
  "pk": 1,
  "fields": {
    "name": "BSc in CSE"
  }
},
{
  "model": "academics.programoutcome",
  "pk": 1,
  "fields": {
    "code": "PLO1",
    "title": "Engineering Knowledge",
    "program": 1,
    "description": "Apply knowledge of mathematics, natural science, engineering fundamentals and an engineering specialization as specified in K1 to K4 respectively to the solution of complex engineering problems."
  }
},
{
  "model": "academics.programoutcome",
  "pk": 10,
  "fields": {
    "code": "PLO10",
    "title": "Communication",
    "program": 1,
    "description": "Communicate effectively on complex engineering activities with the engineering community and with society at large, such as being able to comprehend and write effective reports and design documentation, make effective presentations, and give and receive clear instructions."
  }
},
{
  "model": "academics.programoutcome",
  "pk": 11,
  "fields": {
    "code": "PLO11",
    "title": "Project Management and Finance",
    "program": 1,
    "description": "Demonstrate knowledge and understanding of engineering management principles and economic decision-making and apply these to one's own work, as a member and leader in a team, to manage projects and in multidisciplinary environments."
  }
},
{
  "model": "academics.programoutcome",
  "pk": 12,
  "fields": {
    "code": "PLO12",
    "title": "Life-long Learning",
    "program": 1,
    "description": "Recognize the need for, and have the preparation and ability to engage in independent and life-long learning in the broadest context of technological change."
  }
},
{
  "model": "academics.programoutcome",
  "pk": 2,
  "fields": {
    "code": "PLO2",
    "title": "Problem Analysis",
    "program": 1,
    "description": "Identify, formulate, research literature and analyze complex engineering problems reaching substantiated conclusions using first principles of mathematics, natural sciences and engineering sciences. (K1 to K4)"
  }
},
{
  "model": "academics.programoutcome",
  "pk": 3,
  "fields": {
    "code": "PLO3",
    "title": "Design/Development of Solutions",
    "program": 1,
    "description": "Design solutions for complex engineering problems and design systems, components or processes that meet specified needs with appropriate consideration for public health and safety, cultural, societal, and environmental considerations. (K5)"
  }
},
{
  "model": "academics.programoutcome",
  "pk": 4,
  "fields": {
    "code": "PLO4",
    "title": "Investigation",
    "program": 1,
    "description": "Conduct investigations of complex problems using research-based knowledge (K8) and research methods including design of experiments, analysis and interpretation of data, and synthesis of information to provide valid conclusions."
  }
},
{
  "model": "academics.programoutcome",
  "pk": 5,
  "fields": {
    "code": "PLO5",
    "title": "Modern Tool Usage",
    "program": 1,
    "description": "Create, select and apply appropriate techniques, resources, and modern engineering and IT tools, including prediction and modelling, to complex engineering problems, with an understanding of the limitations. (K6)"
  }
},
{
  "model": "academics.programoutcome",
  "pk": 6,
  "fields": {
    "code": "PLO6",
    "title": "The Engineer and Society",
    "program": 1,
    "description": "Apply reasoning informed by contextual knowledge to assess societal, health, safety, legal and cultural issues and the consequent responsibilities relevant to professional engineering practice and solutions to complex engineering problems. (K7)"
  }
},
{
  "model": "academics.programoutcome",
  "pk": 7,
  "fields": {
    "code": "PLO7",
    "title": "Environment and Sustainability",
    "program": 1,
    "description": "Understand and evaluate the sustainability and impact of professional engineering work in the solution of complex engineering problems in societal and environmental contexts. (K7)"
  }
},
{
  "model": "academics.programoutcome",
  "pk": 8,
  "fields": {
    "code": "PLO8",
    "title": "Ethics",
    "program": 1,
    "description": "Apply ethical principles and commit to professional ethics and responsibilities and norms of engineering practice. (K7)"
  }
},
{
  "model": "academics.programoutcome",
  "pk": 9,
  "fields": {
    "code": "PLO9",
    "title": "Individual and Team Work",
    "program": 1,
    "description": "Function effectively as an individual, and as a member or leader in diverse teams and in multi-disciplinary settings."
  }
},
{
  "model": "academics.course",
  "pk": 1,
  "fields": {
    "program": 1,
    "course_code": "CSE 1101",
    "title": "Introduction to Computer Science",
    "credit_hours": "3.0",
    "contact_hours": 3,
    "course_type": "TH",
    "year_semester": "1-1",
    "course_outline_pdf": "",
    "prerequisites": []
  }
},
{
  "model": "academics.course",
  "pk": 2,
  "fields": {
    "program": 1,
    "course_code": "CSE 1102",
    "title": "Introduction to Computer Science Lab",
    "credit_hours": "1.5",
    "contact_hours": 3,
    "course_type": "LB",
    "year_semester": "1-1",
    "course_outline_pdf": "",
    "prerequisites": [
      1
    ]
  }
},
{
  "model": "academics.course",
  "pk": 18,
  "fields": {
    "program": 1,
    "course_code": "cse 102",
    "title": "nice course",
    "credit_hours": "3.0",
    "contact_hours": 3,
    "course_type": "TH",
    "year_semester": "1-1",
    "course_outline_pdf": "",
    "prerequisites": []
  }
},
{
  "model": "academics.course",
  "pk": 3,
  "fields": {
    "program": 1,
    "course_code": "CSE 2101",
    "title": "Programming Language I",
    "credit_hours": "3.0",
    "contact_hours": 3,
    "course_type": "TH",
    "year_semester": "2-1",
    "course_outline_pdf": "",
    "prerequisites": [
      1
    ]
  }
},
{
  "model": "academics.course",
  "pk": 4,
  "fields": {
    "program": 1,
    "course_code": "CSE 2102",
    "title": "Programming Language I Lab",
    "credit_hours": "1.5",
    "contact_hours": 3,
    "course_type": "LB",
    "year_semester": "2-1",
    "course_outline_pdf": "",
    "prerequisites": [
      2,
      3
    ]
  }
},
{
  "model": "academics.course",
  "pk": 5,
  "fields": {
    "program": 1,
    "course_code": "CSE 2201",
    "title": "Data Structures",
    "credit_hours": "3.0",
    "contact_hours": 3,
    "course_type": "TH",
    "year_semester": "2-2",
    "course_outline_pdf": "",
    "prerequisites": [
      3
    ]
  }
},
{
  "model": "academics.course",
  "pk": 6,
  "fields": {
    "program": 1,
    "course_code": "CSE 2202",
    "title": "Data Structures Lab",
    "credit_hours": "1.5",
    "contact_hours": 3,
    "course_type": "LB",
    "year_semester": "2-2",
    "course_outline_pdf": "",
    "prerequisites": [
      4,
      5
    ]
  }
},
{
  "model": "academics.course",
  "pk": 7,
  "fields": {
    "program": 1,
    "course_code": "CSE 3101",
    "title": "Algorithms",
    "credit_hours": "3.0",
    "contact_hours": 3,
    "course_type": "TH",
    "year_semester": "3-1",
    "course_outline_pdf": "",
    "prerequisites": [
      5
    ]
  }
},
{
  "model": "academics.course",
  "pk": 8,
  "fields": {
    "program": 1,
    "course_code": "CSE 3102",
    "title": "Algorithms Lab",
    "credit_hours": "1.5",
    "contact_hours": 3,
    "course_type": "LB",
    "year_semester": "3-1",
    "course_outline_pdf": "",
    "prerequisites": [
      6,
      7
    ]
  }
},
{
  "model": "academics.course",
  "pk": 9,
  "fields": {
    "program": 1,
    "course_code": "CSE 3201",
    "title": "Database Systems",
    "credit_hours": "3.0",
    "contact_hours": 3,
    "course_type": "TH",
    "year_semester": "3-2",
    "course_outline_pdf": "",
    "prerequisites": [
      3
    ]
  }
},
{
  "model": "academics.course",
  "pk": 10,
  "fields": {
    "program": 1,
    "course_code": "CSE 3202",
    "title": "Database Systems Lab",
    "credit_hours": "1.5",
    "contact_hours": 3,
    "course_type": "LB",
    "year_semester": "3-2",
    "course_outline_pdf": "",
    "prerequisites": [
      4,
      9
    ]
  }
},
{
  "model": "academics.course",
  "pk": 11,
  "fields": {
    "program": 1,
    "course_code": "CSE 4101",
    "title": "Software Engineering",
    "credit_hours": "3.0",
    "contact_hours": 3,
    "course_type": "TH",
    "year_semester": "4-1",
    "course_outline_pdf": "",
    "prerequisites": [
      7,
      9
    ]
  }
},
{
  "model": "academics.course",
  "pk": 12,
  "fields": {
    "program": 1,
    "course_code": "CSE 4102",
    "title": "Software Engineering Lab",
    "credit_hours": "1.5",
    "contact_hours": 3,
    "course_type": "LB",
    "year_semester": "4-1",
    "course_outline_pdf": "",
    "prerequisites": [
      8,
      11
    ]
  }
},
{
  "model": "academics.course",
  "pk": 15,
  "fields": {
    "program": 1,
    "course_code": "CSE 4301",
    "title": "Operating Systems",
    "credit_hours": "3.0",
    "contact_hours": 3,
    "course_type": "TH",
    "year_semester": "4-1",
    "course_outline_pdf": "",
    "prerequisites": [
      5,
      7
    ]
  }
},
{
  "model": "academics.course",
  "pk": 16,
  "fields": {
    "program": 1,
    "course_code": "CSE 4302",
    "title": "Operating Systems Lab",
    "credit_hours": "1.5",
    "contact_hours": 3,
    "course_type": "LB",
    "year_semester": "4-1",
    "course_outline_pdf": "",
    "prerequisites": [
      6,
      15
    ]
  }
},
{
  "model": "academics.course",
  "pk": 13,
  "fields": {
    "program": 1,
    "course_code": "CSE 4201",
    "title": "Computer Networks",
    "credit_hours": "3.0",
    "contact_hours": 3,
    "course_type": "TH",
    "year_semester": "4-2",
    "course_outline_pdf": "",
    "prerequisites": [
      7
    ]
  }
},
{
  "model": "academics.course",
  "pk": 14,
  "fields": {
    "program": 1,
    "course_code": "CSE 4202",
    "title": "Computer Networks Lab",
    "credit_hours": "1.5",
    "contact_hours": 3,
    "course_type": "LB",
    "year_semester": "4-2",
    "course_outline_pdf": "",
    "prerequisites": [
      8,
      13
    ]
  }
},
{
  "model": "academics.courseoutcome",
  "pk": 1,
  "fields": {
    "course": 1,
    "sequence_number": 1,
    "statement": "Understand fundamental concepts of computer science and computing systems.",
    "program_outcome": 1,
    "blooms_level": "K2",
    "knowledge_profile": "K3",
    "problem_attribute": "P1",
    "activity_attribute": null,
    "total_assessment_marks": 30,
    "activity": "Lecture"
  }
},
{
  "model": "academics.courseoutcome",
  "pk": 2,
  "fields": {
    "course": 1,
    "sequence_number": 2,
    "statement": "Apply basic problem-solving techniques to solve simple computational problems.",
    "program_outcome": 2,
    "blooms_level": "K3",
    "knowledge_profile": "K2",
    "problem_attribute": "P2",
    "activity_attribute": "A1",
    "total_assessment_marks": 25,
    "activity": "Tutorial"
  }
},
{
  "model": "academics.courseoutcome",
  "pk": 3,
  "fields": {
    "course": 1,
    "sequence_number": 3,
    "statement": "Demonstrate understanding of computer hardware and software components.",
    "program_outcome": 1,
    "blooms_level": "K2",
    "knowledge_profile": "K3",
    "problem_attribute": "P1",
    "activity_attribute": null,
    "total_assessment_marks": 20,
    "activity": "Lecture"
  }
},
{
  "model": "academics.courseoutcome",
  "pk": 4,
  "fields": {
    "course": 1,
    "sequence_number": 4,
    "statement": "Communicate technical concepts effectively in written and oral form.",
    "program_outcome": 10,
    "blooms_level": "K2",
    "knowledge_profile": "K7",
    "problem_attribute": "P1",
    "activity_attribute": null,
    "total_assessment_marks": 25,
    "activity": "Presentation"
  }
},
{
  "model": "academics.courseoutcome",
  "pk": 5,
  "fields": {
    "course": 2,
    "sequence_number": 1,
    "statement": "Use basic computer tools and software applications effectively.",
    "program_outcome": 5,
    "blooms_level": "K3",
    "knowledge_profile": "K6",
    "problem_attribute": "P1",
    "activity_attribute": "A1",
    "total_assessment_marks": 30,
    "activity": "Laboratory Session"
  }
},
{
  "model": "academics.courseoutcome",
  "pk": 6,
  "fields": {
    "course": 2,
    "sequence_number": 2,
    "statement": "Apply problem-solving skills in practical computing scenarios.",
    "program_outcome": 2,
    "blooms_level": "K3",
    "knowledge_profile": "K2",
    "problem_attribute": "P2",
    "activity_attribute": "A1",
    "total_assessment_marks": 35,
    "activity": "Laboratory Session"
  }
},
{
  "model": "academics.courseoutcome",
  "pk": 7,
  "fields": {
    "course": 2,
    "sequence_number": 3,
    "statement": "Work collaboratively in a team to complete computing tasks.",
    "program_outcome": 9,
    "blooms_level": "K3",
    "knowledge_profile": "K6",
    "problem_attribute": "P2",
    "activity_attribute": "A1",
    "total_assessment_marks": 35,
    "activity": "Group Project"
  }
},
{
  "model": "academics.courseoutcome",
  "pk": 58,
  "fields": {
    "course": 18,
    "sequence_number": 1,
    "statement": "test",
    "program_outcome": 1,
    "blooms_level": "K1",
    "knowledge_profile": "K1",
    "problem_attribute": "P1",
    "activity_attribute": null,
    "total_assessment_marks": 100,
    "activity": "lecture"
  }
},
{
  "model": "academics.courseoutcome",
  "pk": 8,
  "fields": {
    "course": 3,
    "sequence_number": 1,
    "statement": "Understand fundamental programming concepts and syntax.",
    "program_outcome": 1,
    "blooms_level": "K2",
    "knowledge_profile": "K3",
    "problem_attribute": "P1",
    "activity_attribute": null,
    "total_assessment_marks": 25,
    "activity": "Lecture"
  }
},
{
  "model": "academics.courseoutcome",
  "pk": 9,
  "fields": {
    "course": 3,
    "sequence_number": 2,
    "statement": "Design and implement algorithms to solve programming problems.",
    "program_outcome": 3,
    "blooms_level": "K4",
    "knowledge_profile": "K5",
    "problem_attribute": "P3",
    "activity_attribute": "A3",
    "total_assessment_marks": 30,
    "activity": "Assignment"
  }
},
{
  "model": "academics.courseoutcome",
  "pk": 10,
  "fields": {
    "course": 3,
    "sequence_number": 3,
    "statement": "Apply programming constructs (variables, loops, conditionals, functions) effectively.",
    "program_outcome": 2,
    "blooms_level": "K3",
    "knowledge_profile": "K3",
    "problem_attribute": "P2",
    "activity_attribute": "A1",
    "total_assessment_marks": 25,
    "activity": "Tutorial"
  }
},
{
  "model": "academics.courseoutcome",
  "pk": 11,
  "fields": {
    "course": 3,
    "sequence_number": 4,
    "statement": "Debug and test programs to ensure correctness and efficiency.",
    "program_outcome": 4,
    "blooms_level": "K4",
    "knowledge_profile": "K6",
    "problem_attribute": "P4",
    "activity_attribute": "A2",
    "total_assessment_marks": 20,
    "activity": "Laboratory Session"
  }
},
{
  "model": "academics.courseoutcome",
  "pk": 12,
  "fields": {
    "course": 4,
    "sequence_number": 1,
    "statement": "Write, compile, and execute programs using appropriate development tools.",
    "program_outcome": 5,
    "blooms_level": "K3",
    "knowledge_profile": "K6",
    "problem_attribute": "P1",
    "activity_attribute": "A1",
    "total_assessment_marks": 30,
    "activity": "Laboratory Session"
  }
},
{
  "model": "academics.courseoutcome",
  "pk": 13,
  "fields": {
    "course": 4,
    "sequence_number": 2,
    "statement": "Implement solutions to programming problems using appropriate data structures.",
    "program_outcome": 3,
    "blooms_level": "K3",
    "knowledge_profile": "K3",
    "problem_attribute": "P2",
    "activity_attribute": "A1",
    "total_assessment_marks": 35,
    "activity": "Laboratory Session"
  }
},
{
  "model": "academics.courseoutcome",
  "pk": 14,
  "fields": {
    "course": 4,
    "sequence_number": 3,
    "statement": "Test and validate program correctness through systematic testing approaches.",
    "program_outcome": 4,
    "blooms_level": "K4",
    "knowledge_profile": "K6",
    "problem_attribute": "P3",
    "activity_attribute": "A2",
    "total_assessment_marks": 35,
    "activity": "Laboratory Session"
  }
},
{
  "model": "academics.courseoutcome",
  "pk": 15,
  "fields": {
    "course": 5,
    "sequence_number": 1,
    "statement": "Understand the properties and applications of fundamental data structures.",
    "program_outcome": 1,
    "blooms_level": "K2",
    "knowledge_profile": "K3",
    "problem_attribute": "P1",
    "activity_attribute": null,
    "total_assessment_marks": 25,
    "activity": "Lecture"
  }
},
{
  "model": "academics.courseoutcome",
  "pk": 16,
  "fields": {
    "course": 5,
    "sequence_number": 2,
    "statement": "Analyze time and space complexity of data structure operations.",
    "program_outcome": 2,
    "blooms_level": "K4",
    "knowledge_profile": "K2",
    "problem_attribute": "P2",
    "activity_attribute": null,
    "total_assessment_marks": 30,
    "activity": "Tutorial"
  }
},
{
  "model": "academics.courseoutcome",
  "pk": 17,
  "fields": {
    "course": 5,
    "sequence_number": 3,
    "statement": "Design and implement appropriate data structures for given problems.",
    "program_outcome": 3,
    "blooms_level": "K5",
    "knowledge_profile": "K5",
    "problem_attribute": "P3",
    "activity_attribute": "A3",
    "total_assessment_marks": 25,
    "activity": "Assignment"
  }
},
{
  "model": "academics.courseoutcome",
  "pk": 18,
  "fields": {
    "course": 5,
    "sequence_number": 4,
    "statement": "Evaluate and select optimal data structures for specific applications.",
    "program_outcome": 5,
    "blooms_level": "K5",
    "knowledge_profile": "K4",
    "problem_attribute": "P4",
    "activity_attribute": "A2",
    "total_assessment_marks": 20,
    "activity": "Project"
  }
},
{
  "model": "academics.courseoutcome",
  "pk": 19,
  "fields": {
    "course": 6,
    "sequence_number": 1,
    "statement": "Implement various data structures using programming languages.",
    "program_outcome": 3,
    "blooms_level": "K3",
    "knowledge_profile": "K3",
    "problem_attribute": "P2",
    "activity_attribute": "A1",
    "total_assessment_marks": 35,
    "activity": "Laboratory Session"
  }
},
{
  "model": "academics.courseoutcome",
  "pk": 20,
  "fields": {
    "course": 6,
    "sequence_number": 2,
    "statement": "Apply data structures to solve real-world computational problems.",
    "program_outcome": 2,
    "blooms_level": "K3",
    "knowledge_profile": "K4",
    "problem_attribute": "P3",
    "activity_attribute": "A1",
    "total_assessment_marks": 35,
    "activity": "Laboratory Session"
  }
},
{
  "model": "academics.courseoutcome",
  "pk": 21,
  "fields": {
    "course": 6,
    "sequence_number": 3,
    "statement": "Analyze and compare performance of different data structure implementations.",
    "program_outcome": 4,
    "blooms_level": "K4",
    "knowledge_profile": "K2",
    "problem_attribute": "P4",
    "activity_attribute": "A2",
    "total_assessment_marks": 30,
    "activity": "Laboratory Session"
  }
},
{
  "model": "academics.courseoutcome",
  "pk": 22,
  "fields": {
    "course": 7,
    "sequence_number": 1,
    "statement": "Understand fundamental algorithmic design paradigms and techniques.",
    "program_outcome": 1,
    "blooms_level": "K2",
    "knowledge_profile": "K3",
    "problem_attribute": "P1",
    "activity_attribute": null,
    "total_assessment_marks": 25,
    "activity": "Lecture"
  }
},
{
  "model": "academics.courseoutcome",
  "pk": 23,
  "fields": {
    "course": 7,
    "sequence_number": 2,
    "statement": "Analyze time and space complexity of algorithms using asymptotic notation.",
    "program_outcome": 2,
    "blooms_level": "K4",
    "knowledge_profile": "K2",
    "problem_attribute": "P2",
    "activity_attribute": null,
    "total_assessment_marks": 30,
    "activity": "Tutorial"
  }
},
{
  "model": "academics.courseoutcome",
  "pk": 24,
  "fields": {
    "course": 7,
    "sequence_number": 3,
    "statement": "Design efficient algorithms for complex computational problems.",
    "program_outcome": 3,
    "blooms_level": "K5",
    "knowledge_profile": "K5",
    "problem_attribute": "P3",
    "activity_attribute": "A3",
    "total_assessment_marks": 25,
    "activity": "Assignment"
  }
},
{
  "model": "academics.courseoutcome",
  "pk": 25,
  "fields": {
    "course": 7,
    "sequence_number": 4,
    "statement": "Evaluate and compare different algorithmic approaches for problem-solving.",
    "program_outcome": 5,
    "blooms_level": "K5",
    "knowledge_profile": "K4",
    "problem_attribute": "P4",
    "activity_attribute": "A2",
    "total_assessment_marks": 20,
    "activity": "Project"
  }
},
{
  "model": "academics.courseoutcome",
  "pk": 26,
  "fields": {
    "course": 8,
    "sequence_number": 1,
    "statement": "Implement various algorithmic techniques using programming languages.",
    "program_outcome": 3,
    "blooms_level": "K3",
    "knowledge_profile": "K3",
    "problem_attribute": "P2",
    "activity_attribute": "A1",
    "total_assessment_marks": 35,
    "activity": "Laboratory Session"
  }
},
{
  "model": "academics.courseoutcome",
  "pk": 27,
  "fields": {
    "course": 8,
    "sequence_number": 2,
    "statement": "Apply algorithmic knowledge to solve complex computational problems.",
    "program_outcome": 2,
    "blooms_level": "K3",
    "knowledge_profile": "K4",
    "problem_attribute": "P3",
    "activity_attribute": "A1",
    "total_assessment_marks": 35,
    "activity": "Laboratory Session"
  }
},
{
  "model": "academics.courseoutcome",
  "pk": 28,
  "fields": {
    "course": 8,
    "sequence_number": 3,
    "statement": "Analyze and optimize algorithm performance through empirical testing.",
    "program_outcome": 4,
    "blooms_level": "K4",
    "knowledge_profile": "K2",
    "problem_attribute": "P4",
    "activity_attribute": "A2",
    "total_assessment_marks": 30,
    "activity": "Laboratory Session"
  }
},
{
  "model": "academics.courseoutcome",
  "pk": 29,
  "fields": {
    "course": 9,
    "sequence_number": 1,
    "statement": "Understand fundamental concepts of database systems and data modeling.",
    "program_outcome": 1,
    "blooms_level": "K2",
    "knowledge_profile": "K3",
    "problem_attribute": "P1",
    "activity_attribute": null,
    "total_assessment_marks": 25,
    "activity": "Lecture"
  }
},
{
  "model": "academics.courseoutcome",
  "pk": 30,
  "fields": {
    "course": 9,
    "sequence_number": 2,
    "statement": "Design and normalize database schemas using ER modeling and relational theory.",
    "program_outcome": 3,
    "blooms_level": "K4",
    "knowledge_profile": "K5",
    "problem_attribute": "P3",
    "activity_attribute": "A3",
    "total_assessment_marks": 30,
    "activity": "Assignment"
  }
},
{
  "model": "academics.courseoutcome",
  "pk": 31,
  "fields": {
    "course": 9,
    "sequence_number": 3,
    "statement": "Formulate and execute complex SQL queries for data retrieval and manipulation.",
    "program_outcome": 2,
    "blooms_level": "K3",
    "knowledge_profile": "K3",
    "problem_attribute": "P2",
    "activity_attribute": "A1",
    "total_assessment_marks": 25,
    "activity": "Tutorial"
  }
},
{
  "model": "academics.courseoutcome",
  "pk": 32,
  "fields": {
    "course": 9,
    "sequence_number": 4,
    "statement": "Apply database design principles to ensure data integrity and security.",
    "program_outcome": 6,
    "blooms_level": "K3",
    "knowledge_profile": "K7",
    "problem_attribute": "P5",
    "activity_attribute": "A4",
    "total_assessment_marks": 20,
    "activity": "Project"
  }
},
{
  "model": "academics.courseoutcome",
  "pk": 33,
  "fields": {
    "course": 10,
    "sequence_number": 1,
    "statement": "Implement database schemas using database management systems.",
    "program_outcome": 3,
    "blooms_level": "K3",
    "knowledge_profile": "K6",
    "problem_attribute": "P2",
    "activity_attribute": "A1",
    "total_assessment_marks": 35,
    "activity": "Laboratory Session"
  }
},
{
  "model": "academics.courseoutcome",
  "pk": 34,
  "fields": {
    "course": 10,
    "sequence_number": 2,
    "statement": "Develop database applications with proper query optimization techniques.",
    "program_outcome": 5,
    "blooms_level": "K3",
    "knowledge_profile": "K6",
    "problem_attribute": "P3",
    "activity_attribute": "A1",
    "total_assessment_marks": 35,
    "activity": "Laboratory Session"
  }
},
{
  "model": "academics.courseoutcome",
  "pk": 35,
  "fields": {
    "course": 10,
    "sequence_number": 3,
    "statement": "Design and implement database security and access control mechanisms.",
    "program_outcome": 8,
    "blooms_level": "K4",
    "knowledge_profile": "K7",
    "problem_attribute": "P5",
    "activity_attribute": "A4",
    "total_assessment_marks": 30,
    "activity": "Laboratory Session"
  }
},
{
  "model": "academics.courseoutcome",
  "pk": 36,
  "fields": {
    "course": 11,
    "sequence_number": 1,
    "statement": "Understand software development lifecycle and process models.",
    "program_outcome": 1,
    "blooms_level": "K2",
    "knowledge_profile": "K3",
    "problem_attribute": "P1",
    "activity_attribute": null,
    "total_assessment_marks": 20,
    "activity": "Lecture"
  }
},
{
  "model": "academics.courseoutcome",
  "pk": 37,
  "fields": {
    "course": 11,
    "sequence_number": 2,
    "statement": "Apply software engineering principles to design software systems.",
    "program_outcome": 3,
    "blooms_level": "K4",
    "knowledge_profile": "K5",
    "problem_attribute": "P3",
    "activity_attribute": "A3",
    "total_assessment_marks": 25,
    "activity": "Assignment"
  }
},
{
  "model": "academics.courseoutcome",
  "pk": 38,
  "fields": {
    "course": 11,
    "sequence_number": 3,
    "statement": "Analyze software requirements and create comprehensive requirement specifications.",
    "program_outcome": 2,
    "blooms_level": "K4",
    "knowledge_profile": "K4",
    "problem_attribute": "P6",
    "activity_attribute": "A2",
    "total_assessment_marks": 25,
    "activity": "Project"
  }
},
{
  "model": "academics.courseoutcome",
  "pk": 39,
  "fields": {
    "course": 11,
    "sequence_number": 4,
    "statement": "Design and implement software testing strategies and quality assurance methods.",
    "program_outcome": 4,
    "blooms_level": "K3",
    "knowledge_profile": "K6",
    "problem_attribute": "P4",
    "activity_attribute": "A2",
    "total_assessment_marks": 20,
    "activity": "Tutorial"
  }
},
{
  "model": "academics.courseoutcome",
  "pk": 40,
  "fields": {
    "course": 11,
    "sequence_number": 5,
    "statement": "Apply project management principles in software development contexts.",
    "program_outcome": 11,
    "blooms_level": "K3",
    "knowledge_profile": "K7",
    "problem_attribute": "P7",
    "activity_attribute": "A1",
    "total_assessment_marks": 10,
    "activity": "Project"
  }
},
{
  "model": "academics.courseoutcome",
  "pk": 41,
  "fields": {
    "course": 12,
    "sequence_number": 1,
    "statement": "Use software engineering tools for project management and version control.",
    "program_outcome": 5,
    "blooms_level": "K3",
    "knowledge_profile": "K6",
    "problem_attribute": "P2",
    "activity_attribute": "A1",
    "total_assessment_marks": 30,
    "activity": "Laboratory Session"
  }
},
{
  "model": "academics.courseoutcome",
  "pk": 42,
  "fields": {
    "course": 12,
    "sequence_number": 2,
    "statement": "Develop software projects following software engineering best practices.",
    "program_outcome": 3,
    "blooms_level": "K3",
    "knowledge_profile": "K5",
    "problem_attribute": "P3",
    "activity_attribute": "A1",
    "total_assessment_marks": 35,
    "activity": "Group Project"
  }
},
{
  "model": "academics.courseoutcome",
  "pk": 43,
  "fields": {
    "course": 12,
    "sequence_number": 3,
    "statement": "Work effectively in teams to develop and deliver software solutions.",
    "program_outcome": 9,
    "blooms_level": "K3",
    "knowledge_profile": "K7",
    "problem_attribute": "P7",
    "activity_attribute": "A1",
    "total_assessment_marks": 35,
    "activity": "Group Project"
  }
},
{
  "model": "academics.courseoutcome",
  "pk": 51,
  "fields": {
    "course": 15,
    "sequence_number": 1,
    "statement": "Understand fundamental concepts of operating systems and system architecture.",
    "program_outcome": 1,
    "blooms_level": "K2",
    "knowledge_profile": "K3",
    "problem_attribute": "P1",
    "activity_attribute": null,
    "total_assessment_marks": 25,
    "activity": "Lecture"
  }
},
{
  "model": "academics.courseoutcome",
  "pk": 52,
  "fields": {
    "course": 15,
    "sequence_number": 2,
    "statement": "Analyze process scheduling, memory management, and file system concepts.",
    "program_outcome": 2,
    "blooms_level": "K4",
    "knowledge_profile": "K3",
    "problem_attribute": "P2",
    "activity_attribute": null,
    "total_assessment_marks": 30,
    "activity": "Tutorial"
  }
},
{
  "model": "academics.courseoutcome",
  "pk": 53,
  "fields": {
    "course": 15,
    "sequence_number": 3,
    "statement": "Design and implement solutions for operating system problems.",
    "program_outcome": 3,
    "blooms_level": "K4",
    "knowledge_profile": "K5",
    "problem_attribute": "P3",
    "activity_attribute": "A3",
    "total_assessment_marks": 25,
    "activity": "Assignment"
  }
},
{
  "model": "academics.courseoutcome",
  "pk": 54,
  "fields": {
    "course": 15,
    "sequence_number": 4,
    "statement": "Evaluate performance and efficiency of different operating system algorithms.",
    "program_outcome": 5,
    "blooms_level": "K5",
    "knowledge_profile": "K4",
    "problem_attribute": "P4",
    "activity_attribute": "A2",
    "total_assessment_marks": 20,
    "activity": "Project"
  }
},
{
  "model": "academics.courseoutcome",
  "pk": 55,
  "fields": {
    "course": 16,
    "sequence_number": 1,
    "statement": "Implement operating system concepts using system programming languages.",
    "program_outcome": 3,
    "blooms_level": "K3",
    "knowledge_profile": "K6",
    "problem_attribute": "P2",
    "activity_attribute": "A1",
    "total_assessment_marks": 35,
    "activity": "Laboratory Session"
  }
},
{
  "model": "academics.courseoutcome",
  "pk": 56,
  "fields": {
    "course": 16,
    "sequence_number": 2,
    "statement": "Analyze and modify system behavior through practical experiments.",
    "program_outcome": 4,
    "blooms_level": "K4",
    "knowledge_profile": "K6",
    "problem_attribute": "P3",
    "activity_attribute": "A2",
    "total_assessment_marks": 35,
    "activity": "Laboratory Session"
  }
},
{
  "model": "academics.courseoutcome",
  "pk": 57,
  "fields": {
    "course": 16,
    "sequence_number": 3,
    "statement": "Apply system administration skills in managing operating system resources.",
    "program_outcome": 5,
    "blooms_level": "K3",
    "knowledge_profile": "K6",
    "problem_attribute": "P4",
    "activity_attribute": "A1",
    "total_assessment_marks": 30,
    "activity": "Laboratory Session"
  }
},
{
  "model": "academics.courseoutcome",
  "pk": 44,
  "fields": {
    "course": 13,
    "sequence_number": 1,
    "statement": "Understand fundamental concepts of computer networks and protocols.",
    "program_outcome": 1,
    "blooms_level": "K2",
    "knowledge_profile": "K3",
    "problem_attribute": "P1",
    "activity_attribute": null,
    "total_assessment_marks": 25,
    "activity": "Lecture"
  }
},
{
  "model": "academics.courseoutcome",
  "pk": 45,
  "fields": {
    "course": 13,
    "sequence_number": 2,
    "statement": "Analyze network architectures and protocol layers in detail.",
    "program_outcome": 2,
    "blooms_level": "K4",
    "knowledge_profile": "K3",
    "problem_attribute": "P2",
    "activity_attribute": null,
    "total_assessment_marks": 30,
    "activity": "Tutorial"
  }
},
{
  "model": "academics.courseoutcome",
  "pk": 46,
  "fields": {
    "course": 13,
    "sequence_number": 3,
    "statement": "Design network topologies and configurations for given requirements.",
    "program_outcome": 3,
    "blooms_level": "K4",
    "knowledge_profile": "K5",
    "problem_attribute": "P3",
    "activity_attribute": "A3",
    "total_assessment_marks": 25,
    "activity": "Assignment"
  }
},
{
  "model": "academics.courseoutcome",
  "pk": 47,
  "fields": {
    "course": 13,
    "sequence_number": 4,
    "statement": "Apply network security principles and protocols in practical scenarios.",
    "program_outcome": 6,
    "blooms_level": "K3",
    "knowledge_profile": "K7",
    "problem_attribute": "P5",
    "activity_attribute": "A4",
    "total_assessment_marks": 20,
    "activity": "Project"
  }
},
{
  "model": "academics.courseoutcome",
  "pk": 48,
  "fields": {
    "course": 14,
    "sequence_number": 1,
    "statement": "Configure and manage network devices and protocols using simulation tools.",
    "program_outcome": 5,
    "blooms_level": "K3",
    "knowledge_profile": "K6",
    "problem_attribute": "P2",
    "activity_attribute": "A1",
    "total_assessment_marks": 35,
    "activity": "Laboratory Session"
  }
},
{
  "model": "academics.courseoutcome",
  "pk": 49,
  "fields": {
    "course": 14,
    "sequence_number": 2,
    "statement": "Implement network protocols and analyze network traffic.",
    "program_outcome": 4,
    "blooms_level": "K3",
    "knowledge_profile": "K6",
    "problem_attribute": "P3",
    "activity_attribute": "A2",
    "total_assessment_marks": 35,
    "activity": "Laboratory Session"
  }
},
{
  "model": "academics.courseoutcome",
  "pk": 50,
  "fields": {
    "course": 14,
    "sequence_number": 3,
    "statement": "Troubleshoot network issues and optimize network performance.",
    "program_outcome": 2,
    "blooms_level": "K4",
    "knowledge_profile": "K6",
    "problem_attribute": "P4",
    "activity_attribute": "A2",
    "total_assessment_marks": 30,
    "activity": "Laboratory Session"
  }
},
{
  "model": "office.admissionresult",
  "pk": 3,
  "fields": {
    "publish_date": "2025-12-10T21:20:17.318Z",
    "academic_year": 2026,
    "semester": "Fall",
    "slot": 2,
    "result_content": "asdfasfdasdf",
    "official_pdf": "admission_results/UNDP_-_Python_for_data_science_list_of_students__9PaGLqB.xlsx_-_Student_18.pdf",
    "created_by": [
      "kabir_bhai"
    ],
    "created_by_name": null,
    "created_by_email": null
  }
},
{
  "model": "office.admissionresult",
  "pk": 2,
  "fields": {
    "publish_date": "2025-12-10T21:15:17.730Z",
    "academic_year": 2025,
    "semester": "Spring",
    "slot": 1,
    "result_content": "test 2",
    "official_pdf": "admission_results/UNDP_-_Python_for_data_science_list_of_students__SQalJY5.xlsx_-_Student_18.pdf",
    "created_by": [
      "kabir_bhai"
    ],
    "created_by_name": null,
    "created_by_email": null
  }
},
{
  "model": "office.admissionresult",
  "pk": 1,
  "fields": {
    "publish_date": "2025-12-10T20:41:07.693Z",
    "academic_year": 2025,
    "semester": "Fall",
    "slot": 1,
    "result_content": "abcc",
    "official_pdf": "admission_results/UNDP_-_Python_for_data_science_list_of_students_.xlsx_-_Student_18.pdf",
    "created_by": [
      "kabir_bhai"
    ],
    "created_by_name": null,
    "created_by_email": null
  }
},
{
  "model": "office.post",
  "pk": 118,
  "fields": {
    "publish_date": "2025-12-10T21:20:17.331Z",
    "post_type": "notice",
    "short_title": "Admission 2026",
    "long_title": "Admission Test Result - 2026 Fall, Slot 1",
    "tags": null,
    "description": "<p><strong>Admission Test Result Published</strong></p><p><strong>Academic Year:</strong> 2026</p><p><strong>Semester:</strong> Fall</p><p><strong>Slot:</strong> 1</p><div>asdfasfdasdf</div><p><a href='/office/admissions/results/?year=2026&semester=Fall&slot=1' target='_blank'>View and Download Result PDF </a></p>",
    "is_pinned": true,
    "created_by": [
      "kabir_bhai"
    ],
    "created_by_name": null,
    "created_by_email": null
  }
},
{
  "model": "office.post",
  "pk": 38,
  "fields": {
    "publish_date": "2025-12-10T07:14:28.704Z",
    "post_type": "events",
    "short_title": "Career Fair",
    "long_title": "Career Fair and Job Placement Event",
    "tags": "registration, deadline, career, learning",
    "description": "        <p>This is a detailed description for the post: <strong>Career Fair and Job Placement Event</strong>.</p>\r\n        <p>Lorem ipsum dolor sit amet, consectetur adipiscing elit. Sed do eiusmod tempor incididunt ut labore et dolore magna aliqua. Ut enim ad minim veniam, quis nostrud exercitation ullamco laboris nisi ut aliquip ex ea commodo consequat.</p>\r\n        <p>Duis aute irure dolor in reprehenderit in voluptate velit esse cillum dolore eu fugiat nulla pariatur. Excepteur sint occaecat cupidatat non proident, sunt in culpa qui officia deserunt mollit anim id est laborum.</p>\r\n        <p>For more information, please contact the administration office or visit our website.</p>\r\n        ",
    "is_pinned": true,
    "created_by": [
      "durjoy@uap-bd.edu"
    ],
    "created_by_name": null,
    "created_by_email": null
  }
},
{
  "model": "office.post",
  "pk": 120,
  "fields": {
    "publish_date": "2025-12-13T14:19:12.433Z",
    "post_type": "events",
    "short_title": "rashik event",
    "long_title": "rashik event long",
    "tags": "r, k",
    "description": "hello",
    "is_pinned": false,
    "created_by": [
      "rashik@uap-bd.edu"
    ],
    "created_by_name": null,
    "created_by_email": null
  }
},
{
  "model": "office.post",
  "pk": 119,
  "fields": {
    "publish_date": "2025-12-13T09:24:20.847Z",
    "post_type": "events",
    "short_title": "test post",
    "long_title": "test post long",
    "tags": "a, c ,c",
    "description": "<p>nice and sweet</p>\r\n",
    "is_pinned": false,
    "created_by": [
      "durjoy@uap-bd.edu"
    ],
    "created_by_name": null,
    "created_by_email": null
  }
},
{
  "model": "office.post",
  "pk": 117,
  "fields": {
    "publish_date": "2025-12-10T21:15:17.747Z",
    "post_type": "notice",
    "short_title": "Admission 2025",
    "long_title": "Admission Test Result - 2025 Spring, Slot 1",
    "tags": null,
    "description": "<p><strong>Admission Test Result Published</strong></p><p><strong>Academic Year:</strong> 2025</p><p><strong>Semester:</strong> Spring</p><p><strong>Slot:</strong> 1</p><div>test 2</div><p><a href='/office/admissions/results/?year=2025&semester=Spring&slot=1' target='_blank'>View and Download Result PDF </a></p>",
    "is_pinned": false,
    "created_by": [
      "kabir_bhai"
    ],
    "created_by_name": null,
    "created_by_email": null
  }
},
{
  "model": "office.post",
  "pk": 116,
  "fields": {
    "publish_date": "2025-12-10T18:01:12.105Z",
    "post_type": "notice",
    "short_title": "test kabir",
    "long_title": "abc",
    "tags": "lol, fun",
    "description": "<p>dasf</p>\r\n",
    "is_pinned": false,
    "created_by": [
      "kabir_bhai"
    ],
    "created_by_name": null,
    "created_by_email": null
  }
},
{
  "model": "office.post",
  "pk": 61,
  "fields": {
    "publish_date": "2025-12-10T07:14:28.719Z",
    "post_type": "seminars",
    "short_title": "Web Dev",
    "long_title": "Modern Web Development Frameworks",
    "tags": "opportunity",
    "description": "\n        <p>This is a detailed description for the post: <strong>Modern Web Development Frameworks</strong>.</p>\n        <p>Lorem ipsum dolor sit amet, consectetur adipiscing elit. Sed do eiusmod tempor incididunt ut labore et dolore magna aliqua. Ut enim ad minim veniam, quis nostrud exercitation ullamco laboris nisi ut aliquip ex ea commodo consequat.</p>\n        <p>Duis aute irure dolor in reprehenderit in voluptate velit esse cillum dolore eu fugiat nulla pariatur. Excepteur sint occaecat cupidatat non proident, sunt in culpa qui officia deserunt mollit anim id est laborum.</p>\n        <p>For more information, please contact the administration office or visit our website.</p>\n        ",
    "is_pinned": false,
    "created_by": [
      "durjoy@uap-bd.edu"
    ],
    "created_by_name": null,
    "created_by_email": null
  }
},
{
  "model": "office.post",
  "pk": 62,
  "fields": {
    "publish_date": "2025-12-10T07:14:28.719Z",
    "post_type": "seminars",
    "short_title": "Cybersecurity",
    "long_title": "Cybersecurity Threats and Prevention Strategies",
    "tags": "development",
    "description": "\n        <p>This is a detailed description for the post: <strong>Cybersecurity Threats and Prevention Strategies</strong>.</p>\n        <p>Lorem ipsum dolor sit amet, consectetur adipiscing elit. Sed do eiusmod tempor incididunt ut labore et dolore magna aliqua. Ut enim ad minim veniam, quis nostrud exercitation ullamco laboris nisi ut aliquip ex ea commodo consequat.</p>\n        <p>Duis aute irure dolor in reprehenderit in voluptate velit esse cillum dolore eu fugiat nulla pariatur. Excepteur sint occaecat cupidatat non proident, sunt in culpa qui officia deserunt mollit anim id est laborum.</p>\n        <p>For more information, please contact the administration office or visit our website.</p>\n        ",
    "is_pinned": false,
    "created_by": [
      "durjoy@uap-bd.edu"
    ],
    "created_by_name": null,
    "created_by_email": null
  }
},
{
  "model": "office.post",
  "pk": 63,
  "fields": {
    "publish_date": "2025-12-10T07:14:28.719Z",
    "post_type": "seminars",
    "short_title": "Data Science",
    "long_title": "Data Science and Big Data Analytics Workshop",
    "tags": "deadline, event, application, registration",
    "description": "\n        <p>This is a detailed description for the post: <strong>Data Science and Big Data Analytics Workshop</strong>.</p>\n        <p>Lorem ipsum dolor sit amet, consectetur adipiscing elit. Sed do eiusmod tempor incididunt ut labore et dolore magna aliqua. Ut enim ad minim veniam, quis nostrud exercitation ullamco laboris nisi ut aliquip ex ea commodo consequat.</p>\n        <p>Duis aute irure dolor in reprehenderit in voluptate velit esse cillum dolore eu fugiat nulla pariatur. Excepteur sint occaecat cupidatat non proident, sunt in culpa qui officia deserunt mollit anim id est laborum.</p>\n        <p>For more information, please contact the administration office or visit our website.</p>\n        ",
    "is_pinned": false,
    "created_by": [
      "durjoy@uap-bd.edu"
    ],
    "created_by_name": null,
    "created_by_email": null
  }
},
{
  "model": "office.post",
  "pk": 64,
  "fields": {
    "publish_date": "2025-12-10T07:14:28.719Z",
    "post_type": "seminars",
    "short_title": "Mobile App",
    "long_title": "Mobile Application Development Trends",
    "tags": "technology, application",
    "description": "\n        <p>This is a detailed description for the post: <strong>Mobile Application Development Trends</strong>.</p>\n        <p>Lorem ipsum dolor sit amet, consectetur adipiscing elit. Sed do eiusmod tempor incididunt ut labore et dolore magna aliqua. Ut enim ad minim veniam, quis nostrud exercitation ullamco laboris nisi ut aliquip ex ea commodo consequat.</p>\n        <p>Duis aute irure dolor in reprehenderit in voluptate velit esse cillum dolore eu fugiat nulla pariatur. Excepteur sint occaecat cupidatat non proident, sunt in culpa qui officia deserunt mollit anim id est laborum.</p>\n        <p>For more information, please contact the administration office or visit our website.</p>\n        ",
    "is_pinned": false,
    "created_by": [
      "durjoy@uap-bd.edu"
    ],
    "created_by_name": null,
    "created_by_email": null
  }
},
{
  "model": "office.post",
  "pk": 65,
  "fields": {
    "publish_date": "2025-12-10T07:14:28.719Z",
    "post_type": "seminars",
    "short_title": "Quantum Computing",
    "long_title": "Quantum Computing and Future Technologies",
    "tags": "opportunity, academic, technology, innovation",
    "description": "\n        <p>This is a detailed description for the post: <strong>Quantum Computing and Future Technologies</strong>.</p>\n        <p>Lorem ipsum dolor sit amet, consectetur adipiscing elit. Sed do eiusmod tempor incididunt ut labore et dolore magna aliqua. Ut enim ad minim veniam, quis nostrud exercitation ullamco laboris nisi ut aliquip ex ea commodo consequat.</p>\n        <p>Duis aute irure dolor in reprehenderit in voluptate velit esse cillum dolore eu fugiat nulla pariatur. Excepteur sint occaecat cupidatat non proident, sunt in culpa qui officia deserunt mollit anim id est laborum.</p>\n        <p>For more information, please contact the administration office or visit our website.</p>\n        ",
    "is_pinned": false,
    "created_by": [
      "durjoy@uap-bd.edu"
    ],
    "created_by_name": null,
    "created_by_email": null
  }
},
{
  "model": "office.post",
  "pk": 66,
  "fields": {
    "publish_date": "2025-12-10T07:14:28.719Z",
    "post_type": "seminars",
    "short_title": "IoT Workshop",
    "long_title": "Internet of Things and Smart Devices",
    "tags": "career, technology, urgent",
    "description": "<p>This is a detailed description for the post: <strong>Internet of Things and Smart Devices</strong>.</p>\r\n\r\n<p><strong>Lorem ipsum dolor sit amet, consectetur adipiscing elit. Sed do eiusmod tempor incididunt ut labore et dolore magna aliqua. Ut enim ad minim veniam, quis nostrud exercitation ullamco laboris nisi ut aliquip ex ea commodo consequat.</strong></p>\r\n\r\n<p>Duis aute irure dolor in reprehenderit in voluptate velit esse cillum dolore eu fugiat nulla pariatur. Excepteur sint occaecat cupidatat non proident, sunt in culpa qui officia deserunt mollit anim id est laborum.</p>\r\n\r\n<p>For more information, please contact the administration office or visit our website.</p>\r\n",
    "is_pinned": false,
    "created_by": [
      "durjoy@uap-bd.edu"
    ],
    "created_by_name": null,
    "created_by_email": null
  }
},
{
  "model": "office.post",
  "pk": 67,
  "fields": {
    "publish_date": "2025-12-10T07:14:28.719Z",
    "post_type": "seminars",
    "short_title": "Cybersecurity",
    "long_title": "Cybersecurity Threats and Prevention Strategies",
    "tags": "academic",
    "description": "\n        <p>This is a detailed description for the post: <strong>Cybersecurity Threats and Prevention Strategies</strong>.</p>\n        <p>Lorem ipsum dolor sit amet, consectetur adipiscing elit. Sed do eiusmod tempor incididunt ut labore et dolore magna aliqua. Ut enim ad minim veniam, quis nostrud exercitation ullamco laboris nisi ut aliquip ex ea commodo consequat.</p>\n        <p>Duis aute irure dolor in reprehenderit in voluptate velit esse cillum dolore eu fugiat nulla pariatur. Excepteur sint occaecat cupidatat non proident, sunt in culpa qui officia deserunt mollit anim id est laborum.</p>\n        <p>For more information, please contact the administration office or visit our website.</p>\n        ",
    "is_pinned": false,
    "created_by": [
      "durjoy@uap-bd.edu"
    ],
    "created_by_name": null,
    "created_by_email": null
  }
},
{
  "model": "office.post",
  "pk": 68,
  "fields": {
    "publish_date": "2025-12-10T07:14:28.719Z",
    "post_type": "seminars",
    "short_title": "Cybersecurity",
    "long_title": "Cybersecurity Threats and Prevention Strategies",
    "tags": "development, learning, important",
    "description": "\n        <p>This is a detailed description for the post: <strong>Cybersecurity Threats and Prevention Strategies</strong>.</p>\n        <p>Lorem ipsum dolor sit amet, consectetur adipiscing elit. Sed do eiusmod tempor incididunt ut labore et dolore magna aliqua. Ut enim ad minim veniam, quis nostrud exercitation ullamco laboris nisi ut aliquip ex ea commodo consequat.</p>\n        <p>Duis aute irure dolor in reprehenderit in voluptate velit esse cillum dolore eu fugiat nulla pariatur. Excepteur sint occaecat cupidatat non proident, sunt in culpa qui officia deserunt mollit anim id est laborum.</p>\n        <p>For more information, please contact the administration office or visit our website.</p>\n        ",
    "is_pinned": false,
    "created_by": [
      "durjoy@uap-bd.edu"
    ],
    "created_by_name": null,
    "created_by_email": null
  }
},
{
  "model": "office.post",
  "pk": 69,
  "fields": {
    "publish_date": "2025-12-10T07:14:28.719Z",
    "post_type": "seminars",
    "short_title": "Cybersecurity",
    "long_title": "Cybersecurity Threats and Prevention Strategies",
    "tags": "faculty",
    "description": "\n        <p>This is a detailed description for the post: <strong>Cybersecurity Threats and Prevention Strategies</strong>.</p>\n        <p>Lorem ipsum dolor sit amet, consectetur adipiscing elit. Sed do eiusmod tempor incididunt ut labore et dolore magna aliqua. Ut enim ad minim veniam, quis nostrud exercitation ullamco laboris nisi ut aliquip ex ea commodo consequat.</p>\n        <p>Duis aute irure dolor in reprehenderit in voluptate velit esse cillum dolore eu fugiat nulla pariatur. Excepteur sint occaecat cupidatat non proident, sunt in culpa qui officia deserunt mollit anim id est laborum.</p>\n        <p>For more information, please contact the administration office or visit our website.</p>\n        ",
    "is_pinned": false,
    "created_by": [
      "durjoy@uap-bd.edu"
    ],
    "created_by_name": null,
    "created_by_email": null
  }
},
{
  "model": "office.post",
  "pk": 70,
  "fields": {
    "publish_date": "2025-12-10T07:14:28.719Z",
    "post_type": "seminars",
    "short_title": "Blockchain Talk",
    "long_title": "Blockchain Technology and Cryptocurrency Discussion",
    "tags": "academic, faculty",
    "description": "\n        <p>This is a detailed description for the post: <strong>Blockchain Technology and Cryptocurrency Discussion</strong>.</p>\n        <p>Lorem ipsum dolor sit amet, consectetur adipiscing elit. Sed do eiusmod tempor incididunt ut labore et dolore magna aliqua. Ut enim ad minim veniam, quis nostrud exercitation ullamco laboris nisi ut aliquip ex ea commodo consequat.</p>\n        <p>Duis aute irure dolor in reprehenderit in voluptate velit esse cillum dolore eu fugiat nulla pariatur. Excepteur sint occaecat cupidatat non proident, sunt in culpa qui officia deserunt mollit anim id est laborum.</p>\n        <p>For more information, please contact the administration office or visit our website.</p>\n        ",
    "is_pinned": false,
    "created_by": [
      "durjoy@uap-bd.edu"
    ],
    "created_by_name": null,
    "created_by_email": null
  }
},
{
  "model": "office.post",
  "pk": 71,
  "fields": {
    "publish_date": "2025-12-10T07:14:28.719Z",
    "post_type": "seminars",
    "short_title": "AI Seminar",
    "long_title": "Artificial Intelligence and Machine Learning Seminar",
    "tags": "career, innovation, registration",
    "description": "\n        <p>This is a detailed description for the post: <strong>Artificial Intelligence and Machine Learning Seminar</strong>.</p>\n        <p>Lorem ipsum dolor sit amet, consectetur adipiscing elit. Sed do eiusmod tempor incididunt ut labore et dolore magna aliqua. Ut enim ad minim veniam, quis nostrud exercitation ullamco laboris nisi ut aliquip ex ea commodo consequat.</p>\n        <p>Duis aute irure dolor in reprehenderit in voluptate velit esse cillum dolore eu fugiat nulla pariatur. Excepteur sint occaecat cupidatat non proident, sunt in culpa qui officia deserunt mollit anim id est laborum.</p>\n        <p>For more information, please contact the administration office or visit our website.</p>\n        ",
    "is_pinned": false,
    "created_by": [
      "durjoy@uap-bd.edu"
    ],
    "created_by_name": null,
    "created_by_email": null
  }
},
{
  "model": "office.post",
  "pk": 72,
  "fields": {
    "publish_date": "2025-12-10T07:14:28.719Z",
    "post_type": "seminars",
    "short_title": "Quantum Computing",
    "long_title": "Quantum Computing and Future Technologies",
    "tags": "scholarship, faculty",
    "description": "\n        <p>This is a detailed description for the post: <strong>Quantum Computing and Future Technologies</strong>.</p>\n        <p>Lorem ipsum dolor sit amet, consectetur adipiscing elit. Sed do eiusmod tempor incididunt ut labore et dolore magna aliqua. Ut enim ad minim veniam, quis nostrud exercitation ullamco laboris nisi ut aliquip ex ea commodo consequat.</p>\n        <p>Duis aute irure dolor in reprehenderit in voluptate velit esse cillum dolore eu fugiat nulla pariatur. Excepteur sint occaecat cupidatat non proident, sunt in culpa qui officia deserunt mollit anim id est laborum.</p>\n        <p>For more information, please contact the administration office or visit our website.</p>\n        ",
    "is_pinned": false,
    "created_by": [
      "durjoy@uap-bd.edu"
    ],
    "created_by_name": null,
    "created_by_email": null
  }
},
{
  "model": "office.post",
  "pk": 73,
  "fields": {
    "publish_date": "2025-12-10T07:14:28.719Z",
    "post_type": "seminars",
    "short_title": "Cloud Computing",
    "long_title": "Cloud Computing and DevOps Best Practices",
    "tags": "opportunity, learning, innovation",
    "description": "\n        <p>This is a detailed description for the post: <strong>Cloud Computing and DevOps Best Practices</strong>.</p>\n        <p>Lorem ipsum dolor sit amet, consectetur adipiscing elit. Sed do eiusmod tempor incididunt ut labore et dolore magna aliqua. Ut enim ad minim veniam, quis nostrud exercitation ullamco laboris nisi ut aliquip ex ea commodo consequat.</p>\n        <p>Duis aute irure dolor in reprehenderit in voluptate velit esse cillum dolore eu fugiat nulla pariatur. Excepteur sint occaecat cupidatat non proident, sunt in culpa qui officia deserunt mollit anim id est laborum.</p>\n        <p>For more information, please contact the administration office or visit our website.</p>\n        ",
    "is_pinned": false,
    "created_by": [
      "durjoy@uap-bd.edu"
    ],
    "created_by_name": null,
    "created_by_email": null
  }
},
{
  "model": "office.post",
  "pk": 74,
  "fields": {
    "publish_date": "2025-12-10T07:14:28.719Z",
    "post_type": "seminars",
    "short_title": "Blockchain Talk",
    "long_title": "Blockchain Technology and Cryptocurrency Discussion",
    "tags": "important, faculty",
    "description": "\n        <p>This is a detailed description for the post: <strong>Blockchain Technology and Cryptocurrency Discussion</strong>.</p>\n        <p>Lorem ipsum dolor sit amet, consectetur adipiscing elit. Sed do eiusmod tempor incididunt ut labore et dolore magna aliqua. Ut enim ad minim veniam, quis nostrud exercitation ullamco laboris nisi ut aliquip ex ea commodo consequat.</p>\n        <p>Duis aute irure dolor in reprehenderit in voluptate velit esse cillum dolore eu fugiat nulla pariatur. Excepteur sint occaecat cupidatat non proident, sunt in culpa qui officia deserunt mollit anim id est laborum.</p>\n        <p>For more information, please contact the administration office or visit our website.</p>\n        ",
    "is_pinned": false,
    "created_by": [
      "durjoy@uap-bd.edu"
    ],
    "created_by_name": null,
    "created_by_email": null
  }
},
{
  "model": "office.post",
  "pk": 75,
  "fields": {
    "publish_date": "2025-12-10T07:14:28.719Z",
    "post_type": "seminars",
    "short_title": "Quantum Computing",
    "long_title": "Quantum Computing and Future Technologies",
    "tags": "important, academic, event, learning",
    "description": "\n        <p>This is a detailed description for the post: <strong>Quantum Computing and Future Technologies</strong>.</p>\n        <p>Lorem ipsum dolor sit amet, consectetur adipiscing elit. Sed do eiusmod tempor incididunt ut labore et dolore magna aliqua. Ut enim ad minim veniam, quis nostrud exercitation ullamco laboris nisi ut aliquip ex ea commodo consequat.</p>\n        <p>Duis aute irure dolor in reprehenderit in voluptate velit esse cillum dolore eu fugiat nulla pariatur. Excepteur sint occaecat cupidatat non proident, sunt in culpa qui officia deserunt mollit anim id est laborum.</p>\n        <p>For more information, please contact the administration office or visit our website.</p>\n        ",
    "is_pinned": false,
    "created_by": [
      "durjoy@uap-bd.edu"
    ],
    "created_by_name": null,
    "created_by_email": null
  }
},
{
  "model": "office.post",
  "pk": 76,
  "fields": {
    "publish_date": "2025-12-10T07:14:28.719Z",
    "post_type": "workshop",
    "short_title": "UI/UX Design",
    "long_title": "User Interface and User Experience Design Workshop",
    "tags": "innovation, application, research, administrative",
    "description": "\n        <p>This is a detailed description for the post: <strong>User Interface and User Experience Design Workshop</strong>.</p>\n        <p>Lorem ipsum dolor sit amet, consectetur adipiscing elit. Sed do eiusmod tempor incididunt ut labore et dolore magna aliqua. Ut enim ad minim veniam, quis nostrud exercitation ullamco laboris nisi ut aliquip ex ea commodo consequat.</p>\n        <p>Duis aute irure dolor in reprehenderit in voluptate velit esse cillum dolore eu fugiat nulla pariatur. Excepteur sint occaecat cupidatat non proident, sunt in culpa qui officia deserunt mollit anim id est laborum.</p>\n        <p>For more information, please contact the administration office or visit our website.</p>\n        ",
    "is_pinned": false,
    "created_by": [
      "durjoy@uap-bd.edu"
    ],
    "created_by_name": null,
    "created_by_email": null
  }
},
{
  "model": "office.post",
  "pk": 77,
  "fields": {
    "publish_date": "2025-12-10T07:14:28.719Z",
    "post_type": "workshop",
    "short_title": "AWS Cloud",
    "long_title": "Amazon Web Services Cloud Computing Workshop",
    "tags": "competition, administrative",
    "description": "\n        <p>This is a detailed description for the post: <strong>Amazon Web Services Cloud Computing Workshop</strong>.</p>\n        <p>Lorem ipsum dolor sit amet, consectetur adipiscing elit. Sed do eiusmod tempor incididunt ut labore et dolore magna aliqua. Ut enim ad minim veniam, quis nostrud exercitation ullamco laboris nisi ut aliquip ex ea commodo consequat.</p>\n        <p>Duis aute irure dolor in reprehenderit in voluptate velit esse cillum dolore eu fugiat nulla pariatur. Excepteur sint occaecat cupidatat non proident, sunt in culpa qui officia deserunt mollit anim id est laborum.</p>\n        <p>For more information, please contact the administration office or visit our website.</p>\n        ",
    "is_pinned": false,
    "created_by": [
      "durjoy@uap-bd.edu"
    ],
    "created_by_name": null,
    "created_by_email": null
  }
},
{
  "model": "office.post",
  "pk": 78,
  "fields": {
    "publish_date": "2025-12-10T07:14:28.719Z",
    "post_type": "workshop",
    "short_title": "Mobile Dev",
    "long_title": "Mobile App Development Workshop",
    "tags": "networking, competition, student, deadline",
    "description": "\n        <p>This is a detailed description for the post: <strong>Mobile App Development Workshop</strong>.</p>\n        <p>Lorem ipsum dolor sit amet, consectetur adipiscing elit. Sed do eiusmod tempor incididunt ut labore et dolore magna aliqua. Ut enim ad minim veniam, quis nostrud exercitation ullamco laboris nisi ut aliquip ex ea commodo consequat.</p>\n        <p>Duis aute irure dolor in reprehenderit in voluptate velit esse cillum dolore eu fugiat nulla pariatur. Excepteur sint occaecat cupidatat non proident, sunt in culpa qui officia deserunt mollit anim id est laborum.</p>\n        <p>For more information, please contact the administration office or visit our website.</p>\n        ",
    "is_pinned": false,
    "created_by": [
      "durjoy@uap-bd.edu"
    ],
    "created_by_name": null,
    "created_by_email": null
  }
},
{
  "model": "office.post",
  "pk": 79,
  "fields": {
    "publish_date": "2025-12-10T07:14:28.719Z",
    "post_type": "workshop",
    "short_title": "Node.js",
    "long_title": "Node.js Backend Development Workshop",
    "tags": "urgent, deadline, learning, research",
    "description": "\n        <p>This is a detailed description for the post: <strong>Node.js Backend Development Workshop</strong>.</p>\n        <p>Lorem ipsum dolor sit amet, consectetur adipiscing elit. Sed do eiusmod tempor incididunt ut labore et dolore magna aliqua. Ut enim ad minim veniam, quis nostrud exercitation ullamco laboris nisi ut aliquip ex ea commodo consequat.</p>\n        <p>Duis aute irure dolor in reprehenderit in voluptate velit esse cillum dolore eu fugiat nulla pariatur. Excepteur sint occaecat cupidatat non proident, sunt in culpa qui officia deserunt mollit anim id est laborum.</p>\n        <p>For more information, please contact the administration office or visit our website.</p>\n        ",
    "is_pinned": false,
    "created_by": [
      "durjoy@uap-bd.edu"
    ],
    "created_by_name": null,
    "created_by_email": null
  }
},
{
  "model": "office.post",
  "pk": 80,
  "fields": {
    "publish_date": "2025-12-10T07:14:28.719Z",
    "post_type": "workshop",
    "short_title": "Database Design",
    "long_title": "Database Design and SQL Workshop",
    "tags": "innovation",
    "description": "\n        <p>This is a detailed description for the post: <strong>Database Design and SQL Workshop</strong>.</p>\n        <p>Lorem ipsum dolor sit amet, consectetur adipiscing elit. Sed do eiusmod tempor incididunt ut labore et dolore magna aliqua. Ut enim ad minim veniam, quis nostrud exercitation ullamco laboris nisi ut aliquip ex ea commodo consequat.</p>\n        <p>Duis aute irure dolor in reprehenderit in voluptate velit esse cillum dolore eu fugiat nulla pariatur. Excepteur sint occaecat cupidatat non proident, sunt in culpa qui officia deserunt mollit anim id est laborum.</p>\n        <p>For more information, please contact the administration office or visit our website.</p>\n        ",
    "is_pinned": false,
    "created_by": [
      "durjoy@uap-bd.edu"
    ],
    "created_by_name": null,
    "created_by_email": null
  }
},
{
  "model": "office.post",
  "pk": 81,
  "fields": {
    "publish_date": "2025-12-10T07:14:28.719Z",
    "post_type": "workshop",
    "short_title": "Node.js",
    "long_title": "Node.js Backend Development Workshop",
    "tags": "important",
    "description": "\n        <p>This is a detailed description for the post: <strong>Node.js Backend Development Workshop</strong>.</p>\n        <p>Lorem ipsum dolor sit amet, consectetur adipiscing elit. Sed do eiusmod tempor incididunt ut labore et dolore magna aliqua. Ut enim ad minim veniam, quis nostrud exercitation ullamco laboris nisi ut aliquip ex ea commodo consequat.</p>\n        <p>Duis aute irure dolor in reprehenderit in voluptate velit esse cillum dolore eu fugiat nulla pariatur. Excepteur sint occaecat cupidatat non proident, sunt in culpa qui officia deserunt mollit anim id est laborum.</p>\n        <p>For more information, please contact the administration office or visit our website.</p>\n        ",
    "is_pinned": false,
    "created_by": [
      "durjoy@uap-bd.edu"
    ],
    "created_by_name": null,
    "created_by_email": null
  }
},
{
  "model": "office.post",
  "pk": 82,
  "fields": {
    "publish_date": "2025-12-10T07:14:28.719Z",
    "post_type": "workshop",
    "short_title": "Python Basics",
    "long_title": "Python Programming Workshop for Beginners",
    "tags": "development, research",
    "description": "\n        <p>This is a detailed description for the post: <strong>Python Programming Workshop for Beginners</strong>.</p>\n        <p>Lorem ipsum dolor sit amet, consectetur adipiscing elit. Sed do eiusmod tempor incididunt ut labore et dolore magna aliqua. Ut enim ad minim veniam, quis nostrud exercitation ullamco laboris nisi ut aliquip ex ea commodo consequat.</p>\n        <p>Duis aute irure dolor in reprehenderit in voluptate velit esse cillum dolore eu fugiat nulla pariatur. Excepteur sint occaecat cupidatat non proident, sunt in culpa qui officia deserunt mollit anim id est laborum.</p>\n        <p>For more information, please contact the administration office or visit our website.</p>\n        ",
    "is_pinned": false,
    "created_by": [
      "durjoy@uap-bd.edu"
    ],
    "created_by_name": null,
    "created_by_email": null
  }
},
{
  "model": "office.post",
  "pk": 83,
  "fields": {
    "publish_date": "2025-12-10T07:14:28.719Z",
    "post_type": "workshop",
    "short_title": "Python Basics",
    "long_title": "Python Programming Workshop for Beginners",
    "tags": "application, competition, opportunity",
    "description": "\n        <p>This is a detailed description for the post: <strong>Python Programming Workshop for Beginners</strong>.</p>\n        <p>Lorem ipsum dolor sit amet, consectetur adipiscing elit. Sed do eiusmod tempor incididunt ut labore et dolore magna aliqua. Ut enim ad minim veniam, quis nostrud exercitation ullamco laboris nisi ut aliquip ex ea commodo consequat.</p>\n        <p>Duis aute irure dolor in reprehenderit in voluptate velit esse cillum dolore eu fugiat nulla pariatur. Excepteur sint occaecat cupidatat non proident, sunt in culpa qui officia deserunt mollit anim id est laborum.</p>\n        <p>For more information, please contact the administration office or visit our website.</p>\n        ",
    "is_pinned": false,
    "created_by": [
      "durjoy@uap-bd.edu"
    ],
    "created_by_name": null,
    "created_by_email": null
  }
},
{
  "model": "office.post",
  "pk": 84,
  "fields": {
    "publish_date": "2025-12-10T07:14:28.719Z",
    "post_type": "workshop",
    "short_title": "Node.js",
    "long_title": "Node.js Backend Development Workshop",
    "tags": "scholarship",
    "description": "\n        <p>This is a detailed description for the post: <strong>Node.js Backend Development Workshop</strong>.</p>\n        <p>Lorem ipsum dolor sit amet, consectetur adipiscing elit. Sed do eiusmod tempor incididunt ut labore et dolore magna aliqua. Ut enim ad minim veniam, quis nostrud exercitation ullamco laboris nisi ut aliquip ex ea commodo consequat.</p>\n        <p>Duis aute irure dolor in reprehenderit in voluptate velit esse cillum dolore eu fugiat nulla pariatur. Excepteur sint occaecat cupidatat non proident, sunt in culpa qui officia deserunt mollit anim id est laborum.</p>\n        <p>For more information, please contact the administration office or visit our website.</p>\n        ",
    "is_pinned": false,
    "created_by": [
      "durjoy@uap-bd.edu"
    ],
    "created_by_name": null,
    "created_by_email": null
  }
},
{
  "model": "office.post",
  "pk": 85,
  "fields": {
    "publish_date": "2025-12-10T07:14:28.719Z",
    "post_type": "workshop",
    "short_title": "Python Basics",
    "long_title": "Python Programming Workshop for Beginners",
    "tags": "faculty",
    "description": "\n        <p>This is a detailed description for the post: <strong>Python Programming Workshop for Beginners</strong>.</p>\n        <p>Lorem ipsum dolor sit amet, consectetur adipiscing elit. Sed do eiusmod tempor incididunt ut labore et dolore magna aliqua. Ut enim ad minim veniam, quis nostrud exercitation ullamco laboris nisi ut aliquip ex ea commodo consequat.</p>\n        <p>Duis aute irure dolor in reprehenderit in voluptate velit esse cillum dolore eu fugiat nulla pariatur. Excepteur sint occaecat cupidatat non proident, sunt in culpa qui officia deserunt mollit anim id est laborum.</p>\n        <p>For more information, please contact the administration office or visit our website.</p>\n        ",
    "is_pinned": false,
    "created_by": [
      "durjoy@uap-bd.edu"
    ],
    "created_by_name": null,
    "created_by_email": null
  }
},
{
  "model": "office.post",
  "pk": 86,
  "fields": {
    "publish_date": "2025-12-10T07:14:28.719Z",
    "post_type": "workshop",
    "short_title": "AWS Cloud",
    "long_title": "Amazon Web Services Cloud Computing Workshop",
    "tags": "development, registration, application",
    "description": "\n        <p>This is a detailed description for the post: <strong>Amazon Web Services Cloud Computing Workshop</strong>.</p>\n        <p>Lorem ipsum dolor sit amet, consectetur adipiscing elit. Sed do eiusmod tempor incididunt ut labore et dolore magna aliqua. Ut enim ad minim veniam, quis nostrud exercitation ullamco laboris nisi ut aliquip ex ea commodo consequat.</p>\n        <p>Duis aute irure dolor in reprehenderit in voluptate velit esse cillum dolore eu fugiat nulla pariatur. Excepteur sint occaecat cupidatat non proident, sunt in culpa qui officia deserunt mollit anim id est laborum.</p>\n        <p>For more information, please contact the administration office or visit our website.</p>\n        ",
    "is_pinned": false,
    "created_by": [
      "durjoy@uap-bd.edu"
    ],
    "created_by_name": null,
    "created_by_email": null
  }
},
{
  "model": "office.post",
  "pk": 87,
  "fields": {
    "publish_date": "2025-12-10T07:14:28.719Z",
    "post_type": "workshop",
    "short_title": "React JS",
    "long_title": "React.js Frontend Development Workshop",
    "tags": "career",
    "description": "\n        <p>This is a detailed description for the post: <strong>React.js Frontend Development Workshop</strong>.</p>\n        <p>Lorem ipsum dolor sit amet, consectetur adipiscing elit. Sed do eiusmod tempor incididunt ut labore et dolore magna aliqua. Ut enim ad minim veniam, quis nostrud exercitation ullamco laboris nisi ut aliquip ex ea commodo consequat.</p>\n        <p>Duis aute irure dolor in reprehenderit in voluptate velit esse cillum dolore eu fugiat nulla pariatur. Excepteur sint occaecat cupidatat non proident, sunt in culpa qui officia deserunt mollit anim id est laborum.</p>\n        <p>For more information, please contact the administration office or visit our website.</p>\n        ",
    "is_pinned": false,
    "created_by": [
      "durjoy@uap-bd.edu"
    ],
    "created_by_name": null,
    "created_by_email": null
  }
},
{
  "model": "office.post",
  "pk": 88,
  "fields": {
    "publish_date": "2025-12-10T07:14:28.719Z",
    "post_type": "workshop",
    "short_title": "Django Framework",
    "long_title": "Django Web Framework Development Workshop",
    "tags": "scholarship",
    "description": "\n        <p>This is a detailed description for the post: <strong>Django Web Framework Development Workshop</strong>.</p>\n        <p>Lorem ipsum dolor sit amet, consectetur adipiscing elit. Sed do eiusmod tempor incididunt ut labore et dolore magna aliqua. Ut enim ad minim veniam, quis nostrud exercitation ullamco laboris nisi ut aliquip ex ea commodo consequat.</p>\n        <p>Duis aute irure dolor in reprehenderit in voluptate velit esse cillum dolore eu fugiat nulla pariatur. Excepteur sint occaecat cupidatat non proident, sunt in culpa qui officia deserunt mollit anim id est laborum.</p>\n        <p>For more information, please contact the administration office or visit our website.</p>\n        ",
    "is_pinned": false,
    "created_by": [
      "durjoy@uap-bd.edu"
    ],
    "created_by_name": null,
    "created_by_email": null
  }
},
{
  "model": "office.post",
  "pk": 89,
  "fields": {
    "publish_date": "2025-12-10T07:14:28.719Z",
    "post_type": "workshop",
    "short_title": "Docker Basics",
    "long_title": "Docker Containerization Workshop",
    "tags": "learning, career, urgent",
    "description": "\n        <p>This is a detailed description for the post: <strong>Docker Containerization Workshop</strong>.</p>\n        <p>Lorem ipsum dolor sit amet, consectetur adipiscing elit. Sed do eiusmod tempor incididunt ut labore et dolore magna aliqua. Ut enim ad minim veniam, quis nostrud exercitation ullamco laboris nisi ut aliquip ex ea commodo consequat.</p>\n        <p>Duis aute irure dolor in reprehenderit in voluptate velit esse cillum dolore eu fugiat nulla pariatur. Excepteur sint occaecat cupidatat non proident, sunt in culpa qui officia deserunt mollit anim id est laborum.</p>\n        <p>For more information, please contact the administration office or visit our website.</p>\n        ",
    "is_pinned": false,
    "created_by": [
      "durjoy@uap-bd.edu"
    ],
    "created_by_name": null,
    "created_by_email": null
  }
},
{
  "model": "office.post",
  "pk": 90,
  "fields": {
    "publish_date": "2025-12-10T07:14:28.719Z",
    "post_type": "workshop",
    "short_title": "Database Design",
    "long_title": "Database Design and SQL Workshop",
    "tags": "development, scholarship, urgent, networking",
    "description": "\n        <p>This is a detailed description for the post: <strong>Database Design and SQL Workshop</strong>.</p>\n        <p>Lorem ipsum dolor sit amet, consectetur adipiscing elit. Sed do eiusmod tempor incididunt ut labore et dolore magna aliqua. Ut enim ad minim veniam, quis nostrud exercitation ullamco laboris nisi ut aliquip ex ea commodo consequat.</p>\n        <p>Duis aute irure dolor in reprehenderit in voluptate velit esse cillum dolore eu fugiat nulla pariatur. Excepteur sint occaecat cupidatat non proident, sunt in culpa qui officia deserunt mollit anim id est laborum.</p>\n        <p>For more information, please contact the administration office or visit our website.</p>\n        ",
    "is_pinned": false,
    "created_by": [
      "durjoy@uap-bd.edu"
    ],
    "created_by_name": null,
    "created_by_email": null
  }
},
{
  "model": "office.post",
  "pk": 91,
  "fields": {
    "publish_date": "2025-12-10T07:14:28.719Z",
    "post_type": "workshop",
    "short_title": "React JS",
    "long_title": "React.js Frontend Development Workshop",
    "tags": "development, urgent, deadline",
    "description": "\n        <p>This is a detailed description for the post: <strong>React.js Frontend Development Workshop</strong>.</p>\n        <p>Lorem ipsum dolor sit amet, consectetur adipiscing elit. Sed do eiusmod tempor incididunt ut labore et dolore magna aliqua. Ut enim ad minim veniam, quis nostrud exercitation ullamco laboris nisi ut aliquip ex ea commodo consequat.</p>\n        <p>Duis aute irure dolor in reprehenderit in voluptate velit esse cillum dolore eu fugiat nulla pariatur. Excepteur sint occaecat cupidatat non proident, sunt in culpa qui officia deserunt mollit anim id est laborum.</p>\n        <p>For more information, please contact the administration office or visit our website.</p>\n        ",
    "is_pinned": false,
    "created_by": [
      "durjoy@uap-bd.edu"
    ],
    "created_by_name": null,
    "created_by_email": null
  }
},
{
  "model": "office.post",
  "pk": 92,
  "fields": {
    "publish_date": "2025-12-10T07:14:28.719Z",
    "post_type": "workshop",
    "short_title": "Docker Basics",
    "long_title": "Docker Containerization Workshop",
    "tags": "urgent, opportunity, event, deadline",
    "description": "\n        <p>This is a detailed description for the post: <strong>Docker Containerization Workshop</strong>.</p>\n        <p>Lorem ipsum dolor sit amet, consectetur adipiscing elit. Sed do eiusmod tempor incididunt ut labore et dolore magna aliqua. Ut enim ad minim veniam, quis nostrud exercitation ullamco laboris nisi ut aliquip ex ea commodo consequat.</p>\n        <p>Duis aute irure dolor in reprehenderit in voluptate velit esse cillum dolore eu fugiat nulla pariatur. Excepteur sint occaecat cupidatat non proident, sunt in culpa qui officia deserunt mollit anim id est laborum.</p>\n        <p>For more information, please contact the administration office or visit our website.</p>\n        ",
    "is_pinned": false,
    "created_by": [
      "durjoy@uap-bd.edu"
    ],
    "created_by_name": null,
    "created_by_email": null
  }
},
{
  "model": "office.post",
  "pk": 93,
  "fields": {
    "publish_date": "2025-12-10T07:14:28.719Z",
    "post_type": "workshop",
    "short_title": "Node.js",
    "long_title": "Node.js Backend Development Workshop",
    "tags": "scholarship",
    "description": "\n        <p>This is a detailed description for the post: <strong>Node.js Backend Development Workshop</strong>.</p>\n        <p>Lorem ipsum dolor sit amet, consectetur adipiscing elit. Sed do eiusmod tempor incididunt ut labore et dolore magna aliqua. Ut enim ad minim veniam, quis nostrud exercitation ullamco laboris nisi ut aliquip ex ea commodo consequat.</p>\n        <p>Duis aute irure dolor in reprehenderit in voluptate velit esse cillum dolore eu fugiat nulla pariatur. Excepteur sint occaecat cupidatat non proident, sunt in culpa qui officia deserunt mollit anim id est laborum.</p>\n        <p>For more information, please contact the administration office or visit our website.</p>\n        ",
    "is_pinned": false,
    "created_by": [
      "durjoy@uap-bd.edu"
    ],
    "created_by_name": null,
    "created_by_email": null
  }
},
{
  "model": "office.post",
  "pk": 94,
  "fields": {
    "publish_date": "2025-12-10T07:14:28.719Z",
    "post_type": "workshop",
    "short_title": "Node.js",
    "long_title": "Node.js Backend Development Workshop",
    "tags": "opportunity, innovation",
    "description": "\n        <p>This is a detailed description for the post: <strong>Node.js Backend Development Workshop</strong>.</p>\n        <p>Lorem ipsum dolor sit amet, consectetur adipiscing elit. Sed do eiusmod tempor incididunt ut labore et dolore magna aliqua. Ut enim ad minim veniam, quis nostrud exercitation ullamco laboris nisi ut aliquip ex ea commodo consequat.</p>\n        <p>Duis aute irure dolor in reprehenderit in voluptate velit esse cillum dolore eu fugiat nulla pariatur. Excepteur sint occaecat cupidatat non proident, sunt in culpa qui officia deserunt mollit anim id est laborum.</p>\n        <p>For more information, please contact the administration office or visit our website.</p>\n        ",
    "is_pinned": false,
    "created_by": [
      "durjoy@uap-bd.edu"
    ],
    "created_by_name": null,
    "created_by_email": null
  }
},
{
  "model": "office.post",
  "pk": 95,
  "fields": {
    "publish_date": "2025-12-10T07:14:28.719Z",
    "post_type": "workshop",
    "short_title": "Node.js",
    "long_title": "Node.js Backend Development Workshop",
    "tags": "deadline, administrative",
    "description": "\n        <p>This is a detailed description for the post: <strong>Node.js Backend Development Workshop</strong>.</p>\n        <p>Lorem ipsum dolor sit amet, consectetur adipiscing elit. Sed do eiusmod tempor incididunt ut labore et dolore magna aliqua. Ut enim ad minim veniam, quis nostrud exercitation ullamco laboris nisi ut aliquip ex ea commodo consequat.</p>\n        <p>Duis aute irure dolor in reprehenderit in voluptate velit esse cillum dolore eu fugiat nulla pariatur. Excepteur sint occaecat cupidatat non proident, sunt in culpa qui officia deserunt mollit anim id est laborum.</p>\n        <p>For more information, please contact the administration office or visit our website.</p>\n        ",
    "is_pinned": false,
    "created_by": [
      "durjoy@uap-bd.edu"
    ],
    "created_by_name": null,
    "created_by_email": null
  }
},
{
  "model": "office.post",
  "pk": 96,
  "fields": {
    "publish_date": "2025-12-10T07:14:28.719Z",
    "post_type": "others",
    "short_title": "Internship Info",
    "long_title": "Summer Internship Program Information",
    "tags": "opportunity, deadline",
    "description": "\n        <p>This is a detailed description for the post: <strong>Summer Internship Program Information</strong>.</p>\n        <p>Lorem ipsum dolor sit amet, consectetur adipiscing elit. Sed do eiusmod tempor incididunt ut labore et dolore magna aliqua. Ut enim ad minim veniam, quis nostrud exercitation ullamco laboris nisi ut aliquip ex ea commodo consequat.</p>\n        <p>Duis aute irure dolor in reprehenderit in voluptate velit esse cillum dolore eu fugiat nulla pariatur. Excepteur sint occaecat cupidatat non proident, sunt in culpa qui officia deserunt mollit anim id est laborum.</p>\n        <p>For more information, please contact the administration office or visit our website.</p>\n        ",
    "is_pinned": false,
    "created_by": [
      "durjoy@uap-bd.edu"
    ],
    "created_by_name": null,
    "created_by_email": null
  }
},
{
  "model": "office.post",
  "pk": 97,
  "fields": {
    "publish_date": "2025-12-10T07:14:28.719Z",
    "post_type": "others",
    "short_title": "Journal Pub",
    "long_title": "Journal Publication Guidelines and Support",
    "tags": "academic",
    "description": "\n        <p>This is a detailed description for the post: <strong>Journal Publication Guidelines and Support</strong>.</p>\n        <p>Lorem ipsum dolor sit amet, consectetur adipiscing elit. Sed do eiusmod tempor incididunt ut labore et dolore magna aliqua. Ut enim ad minim veniam, quis nostrud exercitation ullamco laboris nisi ut aliquip ex ea commodo consequat.</p>\n        <p>Duis aute irure dolor in reprehenderit in voluptate velit esse cillum dolore eu fugiat nulla pariatur. Excepteur sint occaecat cupidatat non proident, sunt in culpa qui officia deserunt mollit anim id est laborum.</p>\n        <p>For more information, please contact the administration office or visit our website.</p>\n        ",
    "is_pinned": false,
    "created_by": [
      "durjoy@uap-bd.edu"
    ],
    "created_by_name": null,
    "created_by_email": null
  }
},
{
  "model": "office.post",
  "pk": 98,
  "fields": {
    "publish_date": "2025-12-10T07:14:28.719Z",
    "post_type": "others",
    "short_title": "Study Abroad",
    "long_title": "Study Abroad Program Applications Open",
    "tags": "innovation, scholarship",
    "description": "\n        <p>This is a detailed description for the post: <strong>Study Abroad Program Applications Open</strong>.</p>\n        <p>Lorem ipsum dolor sit amet, consectetur adipiscing elit. Sed do eiusmod tempor incididunt ut labore et dolore magna aliqua. Ut enim ad minim veniam, quis nostrud exercitation ullamco laboris nisi ut aliquip ex ea commodo consequat.</p>\n        <p>Duis aute irure dolor in reprehenderit in voluptate velit esse cillum dolore eu fugiat nulla pariatur. Excepteur sint occaecat cupidatat non proident, sunt in culpa qui officia deserunt mollit anim id est laborum.</p>\n        <p>For more information, please contact the administration office or visit our website.</p>\n        ",
    "is_pinned": false,
    "created_by": [
      "durjoy@uap-bd.edu"
    ],
    "created_by_name": null,
    "created_by_email": null
  }
},
{
  "model": "office.post",
  "pk": 99,
  "fields": {
    "publish_date": "2025-12-10T07:14:28.719Z",
    "post_type": "others",
    "short_title": "Study Abroad",
    "long_title": "Study Abroad Program Applications Open",
    "tags": "deadline, research",
    "description": "\n        <p>This is a detailed description for the post: <strong>Study Abroad Program Applications Open</strong>.</p>\n        <p>Lorem ipsum dolor sit amet, consectetur adipiscing elit. Sed do eiusmod tempor incididunt ut labore et dolore magna aliqua. Ut enim ad minim veniam, quis nostrud exercitation ullamco laboris nisi ut aliquip ex ea commodo consequat.</p>\n        <p>Duis aute irure dolor in reprehenderit in voluptate velit esse cillum dolore eu fugiat nulla pariatur. Excepteur sint occaecat cupidatat non proident, sunt in culpa qui officia deserunt mollit anim id est laborum.</p>\n        <p>For more information, please contact the administration office or visit our website.</p>\n        ",
    "is_pinned": false,
    "created_by": [
      "durjoy@uap-bd.edu"
    ],
    "created_by_name": null,
    "created_by_email": null
  }
},
{
  "model": "office.post",
  "pk": 100,
  "fields": {
    "publish_date": "2025-12-10T07:14:28.719Z",
    "post_type": "others",
    "short_title": "Resource Center",
    "long_title": "New Learning Resource Center Opening",
    "tags": "registration",
    "description": "\n        <p>This is a detailed description for the post: <strong>New Learning Resource Center Opening</strong>.</p>\n        <p>Lorem ipsum dolor sit amet, consectetur adipiscing elit. Sed do eiusmod tempor incididunt ut labore et dolore magna aliqua. Ut enim ad minim veniam, quis nostrud exercitation ullamco laboris nisi ut aliquip ex ea commodo consequat.</p>\n        <p>Duis aute irure dolor in reprehenderit in voluptate velit esse cillum dolore eu fugiat nulla pariatur. Excepteur sint occaecat cupidatat non proident, sunt in culpa qui officia deserunt mollit anim id est laborum.</p>\n        <p>For more information, please contact the administration office or visit our website.</p>\n        ",
    "is_pinned": false,
    "created_by": [
      "durjoy@uap-bd.edu"
    ],
    "created_by_name": null,
    "created_by_email": null
  }
},
{
  "model": "office.post",
  "pk": 101,
  "fields": {
    "publish_date": "2025-12-10T07:14:28.719Z",
    "post_type": "others",
    "short_title": "Journal Pub",
    "long_title": "Journal Publication Guidelines and Support",
    "tags": "faculty, research, development, innovation",
    "description": "\n        <p>This is a detailed description for the post: <strong>Journal Publication Guidelines and Support</strong>.</p>\n        <p>Lorem ipsum dolor sit amet, consectetur adipiscing elit. Sed do eiusmod tempor incididunt ut labore et dolore magna aliqua. Ut enim ad minim veniam, quis nostrud exercitation ullamco laboris nisi ut aliquip ex ea commodo consequat.</p>\n        <p>Duis aute irure dolor in reprehenderit in voluptate velit esse cillum dolore eu fugiat nulla pariatur. Excepteur sint occaecat cupidatat non proident, sunt in culpa qui officia deserunt mollit anim id est laborum.</p>\n        <p>For more information, please contact the administration office or visit our website.</p>\n        ",
    "is_pinned": false,
    "created_by": [
      "durjoy@uap-bd.edu"
    ],
    "created_by_name": null,
    "created_by_email": null
  }
},
{
  "model": "office.post",
  "pk": 102,
  "fields": {
    "publish_date": "2025-12-10T07:14:28.719Z",
    "post_type": "others",
    "short_title": "Study Group",
    "long_title": "Study Group Formation and Guidelines",
    "tags": "administrative, deadline, important",
    "description": "\n        <p>This is a detailed description for the post: <strong>Study Group Formation and Guidelines</strong>.</p>\n        <p>Lorem ipsum dolor sit amet, consectetur adipiscing elit. Sed do eiusmod tempor incididunt ut labore et dolore magna aliqua. Ut enim ad minim veniam, quis nostrud exercitation ullamco laboris nisi ut aliquip ex ea commodo consequat.</p>\n        <p>Duis aute irure dolor in reprehenderit in voluptate velit esse cillum dolore eu fugiat nulla pariatur. Excepteur sint occaecat cupidatat non proident, sunt in culpa qui officia deserunt mollit anim id est laborum.</p>\n        <p>For more information, please contact the administration office or visit our website.</p>\n        ",
    "is_pinned": false,
    "created_by": [
      "durjoy@uap-bd.edu"
    ],
    "created_by_name": null,
    "created_by_email": null
  }
},
{
  "model": "office.post",
  "pk": 103,
  "fields": {
    "publish_date": "2025-12-10T07:14:28.719Z",
    "post_type": "others",
    "short_title": "Mentorship",
    "long_title": "Student Mentorship Program Launch",
    "tags": "scholarship, urgent, academic",
    "description": "\n        <p>This is a detailed description for the post: <strong>Student Mentorship Program Launch</strong>.</p>\n        <p>Lorem ipsum dolor sit amet, consectetur adipiscing elit. Sed do eiusmod tempor incididunt ut labore et dolore magna aliqua. Ut enim ad minim veniam, quis nostrud exercitation ullamco laboris nisi ut aliquip ex ea commodo consequat.</p>\n        <p>Duis aute irure dolor in reprehenderit in voluptate velit esse cillum dolore eu fugiat nulla pariatur. Excepteur sint occaecat cupidatat non proident, sunt in culpa qui officia deserunt mollit anim id est laborum.</p>\n        <p>For more information, please contact the administration office or visit our website.</p>\n        ",
    "is_pinned": false,
    "created_by": [
      "durjoy@uap-bd.edu"
    ],
    "created_by_name": null,
    "created_by_email": null
  }
},
{
  "model": "office.post",
  "pk": 104,
  "fields": {
    "publish_date": "2025-12-10T07:14:28.719Z",
    "post_type": "others",
    "short_title": "Journal Pub",
    "long_title": "Journal Publication Guidelines and Support",
    "tags": "opportunity, scholarship",
    "description": "\n        <p>This is a detailed description for the post: <strong>Journal Publication Guidelines and Support</strong>.</p>\n        <p>Lorem ipsum dolor sit amet, consectetur adipiscing elit. Sed do eiusmod tempor incididunt ut labore et dolore magna aliqua. Ut enim ad minim veniam, quis nostrud exercitation ullamco laboris nisi ut aliquip ex ea commodo consequat.</p>\n        <p>Duis aute irure dolor in reprehenderit in voluptate velit esse cillum dolore eu fugiat nulla pariatur. Excepteur sint occaecat cupidatat non proident, sunt in culpa qui officia deserunt mollit anim id est laborum.</p>\n        <p>For more information, please contact the administration office or visit our website.</p>\n        ",
    "is_pinned": false,
    "created_by": [
      "durjoy@uap-bd.edu"
    ],
    "created_by_name": null,
    "created_by_email": null
  }
},
{
  "model": "office.post",
  "pk": 105,
  "fields": {
    "publish_date": "2025-12-10T07:14:28.719Z",
    "post_type": "others",
    "short_title": "Research Grant",
    "long_title": "Research Grant Application Deadline",
    "tags": "research, urgent, career, competition",
    "description": "\n        <p>This is a detailed description for the post: <strong>Research Grant Application Deadline</strong>.</p>\n        <p>Lorem ipsum dolor sit amet, consectetur adipiscing elit. Sed do eiusmod tempor incididunt ut labore et dolore magna aliqua. Ut enim ad minim veniam, quis nostrud exercitation ullamco laboris nisi ut aliquip ex ea commodo consequat.</p>\n        <p>Duis aute irure dolor in reprehenderit in voluptate velit esse cillum dolore eu fugiat nulla pariatur. Excepteur sint occaecat cupidatat non proident, sunt in culpa qui officia deserunt mollit anim id est laborum.</p>\n        <p>For more information, please contact the administration office or visit our website.</p>\n        ",
    "is_pinned": false,
    "created_by": [
      "durjoy@uap-bd.edu"
    ],
    "created_by_name": null,
    "created_by_email": null
  }
},
{
  "model": "office.post",
  "pk": 106,
  "fields": {
    "publish_date": "2025-12-10T07:14:28.719Z",
    "post_type": "others",
    "short_title": "Peer Tutoring",
    "long_title": "Peer Tutoring Program Registration",
    "tags": "research, scholarship, technology",
    "description": "\n        <p>This is a detailed description for the post: <strong>Peer Tutoring Program Registration</strong>.</p>\n        <p>Lorem ipsum dolor sit amet, consectetur adipiscing elit. Sed do eiusmod tempor incididunt ut labore et dolore magna aliqua. Ut enim ad minim veniam, quis nostrud exercitation ullamco laboris nisi ut aliquip ex ea commodo consequat.</p>\n        <p>Duis aute irure dolor in reprehenderit in voluptate velit esse cillum dolore eu fugiat nulla pariatur. Excepteur sint occaecat cupidatat non proident, sunt in culpa qui officia deserunt mollit anim id est laborum.</p>\n        <p>For more information, please contact the administration office or visit our website.</p>\n        ",
    "is_pinned": false,
    "created_by": [
      "durjoy@uap-bd.edu"
    ],
    "created_by_name": null,
    "created_by_email": null
  }
},
{
  "model": "office.post",
  "pk": 107,
  "fields": {
    "publish_date": "2025-12-10T07:14:28.719Z",
    "post_type": "others",
    "short_title": "Internship Info",
    "long_title": "Summer Internship Program Information",
    "tags": "application",
    "description": "\n        <p>This is a detailed description for the post: <strong>Summer Internship Program Information</strong>.</p>\n        <p>Lorem ipsum dolor sit amet, consectetur adipiscing elit. Sed do eiusmod tempor incididunt ut labore et dolore magna aliqua. Ut enim ad minim veniam, quis nostrud exercitation ullamco laboris nisi ut aliquip ex ea commodo consequat.</p>\n        <p>Duis aute irure dolor in reprehenderit in voluptate velit esse cillum dolore eu fugiat nulla pariatur. Excepteur sint occaecat cupidatat non proident, sunt in culpa qui officia deserunt mollit anim id est laborum.</p>\n        <p>For more information, please contact the administration office or visit our website.</p>\n        ",
    "is_pinned": false,
    "created_by": [
      "durjoy@uap-bd.edu"
    ],
    "created_by_name": null,
    "created_by_email": null
  }
},
{
  "model": "office.post",
  "pk": 108,
  "fields": {
    "publish_date": "2025-12-10T07:14:28.719Z",
    "post_type": "others",
    "short_title": "Peer Tutoring",
    "long_title": "Peer Tutoring Program Registration",
    "tags": "scholarship, networking, competition, technology",
    "description": "\n        <p>This is a detailed description for the post: <strong>Peer Tutoring Program Registration</strong>.</p>\n        <p>Lorem ipsum dolor sit amet, consectetur adipiscing elit. Sed do eiusmod tempor incididunt ut labore et dolore magna aliqua. Ut enim ad minim veniam, quis nostrud exercitation ullamco laboris nisi ut aliquip ex ea commodo consequat.</p>\n        <p>Duis aute irure dolor in reprehenderit in voluptate velit esse cillum dolore eu fugiat nulla pariatur. Excepteur sint occaecat cupidatat non proident, sunt in culpa qui officia deserunt mollit anim id est laborum.</p>\n        <p>For more information, please contact the administration office or visit our website.</p>\n        ",
    "is_pinned": false,
    "created_by": [
      "durjoy@uap-bd.edu"
    ],
    "created_by_name": null,
    "created_by_email": null
  }
},
{
  "model": "office.post",
  "pk": 109,
  "fields": {
    "publish_date": "2025-12-10T07:14:28.719Z",
    "post_type": "others",
    "short_title": "Conference Call",
    "long_title": "Call for Papers - International Conference",
    "tags": "application, urgent",
    "description": "\n        <p>This is a detailed description for the post: <strong>Call for Papers - International Conference</strong>.</p>\n        <p>Lorem ipsum dolor sit amet, consectetur adipiscing elit. Sed do eiusmod tempor incididunt ut labore et dolore magna aliqua. Ut enim ad minim veniam, quis nostrud exercitation ullamco laboris nisi ut aliquip ex ea commodo consequat.</p>\n        <p>Duis aute irure dolor in reprehenderit in voluptate velit esse cillum dolore eu fugiat nulla pariatur. Excepteur sint occaecat cupidatat non proident, sunt in culpa qui officia deserunt mollit anim id est laborum.</p>\n        <p>For more information, please contact the administration office or visit our website.</p>\n        ",
    "is_pinned": false,
    "created_by": [
      "durjoy@uap-bd.edu"
    ],
    "created_by_name": null,
    "created_by_email": null
  }
},
{
  "model": "office.post",
  "pk": 110,
  "fields": {
    "publish_date": "2025-12-10T07:14:28.719Z",
    "post_type": "others",
    "short_title": "Journal Pub",
    "long_title": "Journal Publication Guidelines and Support",
    "tags": "scholarship",
    "description": "\n        <p>This is a detailed description for the post: <strong>Journal Publication Guidelines and Support</strong>.</p>\n        <p>Lorem ipsum dolor sit amet, consectetur adipiscing elit. Sed do eiusmod tempor incididunt ut labore et dolore magna aliqua. Ut enim ad minim veniam, quis nostrud exercitation ullamco laboris nisi ut aliquip ex ea commodo consequat.</p>\n        <p>Duis aute irure dolor in reprehenderit in voluptate velit esse cillum dolore eu fugiat nulla pariatur. Excepteur sint occaecat cupidatat non proident, sunt in culpa qui officia deserunt mollit anim id est laborum.</p>\n        <p>For more information, please contact the administration office or visit our website.</p>\n        ",
    "is_pinned": false,
    "created_by": [
      "durjoy@uap-bd.edu"
    ],
    "created_by_name": null,
    "created_by_email": null
  }
},
{
  "model": "office.post",
  "pk": 111,
  "fields": {
    "publish_date": "2025-12-10T07:14:28.719Z",
    "post_type": "others",
    "short_title": "Journal Pub",
    "long_title": "Journal Publication Guidelines and Support",
    "tags": "scholarship",
    "description": "\n        <p>This is a detailed description for the post: <strong>Journal Publication Guidelines and Support</strong>.</p>\n        <p>Lorem ipsum dolor sit amet, consectetur adipiscing elit. Sed do eiusmod tempor incididunt ut labore et dolore magna aliqua. Ut enim ad minim veniam, quis nostrud exercitation ullamco laboris nisi ut aliquip ex ea commodo consequat.</p>\n        <p>Duis aute irure dolor in reprehenderit in voluptate velit esse cillum dolore eu fugiat nulla pariatur. Excepteur sint occaecat cupidatat non proident, sunt in culpa qui officia deserunt mollit anim id est laborum.</p>\n        <p>For more information, please contact the administration office or visit our website.</p>\n        ",
    "is_pinned": false,
    "created_by": [
      "durjoy@uap-bd.edu"
    ],
    "created_by_name": null,
    "created_by_email": null
  }
},
{
  "model": "office.post",
  "pk": 112,
  "fields": {
    "publish_date": "2025-12-10T07:14:28.719Z",
    "post_type": "others",
    "short_title": "Journal Pub",
    "long_title": "Journal Publication Guidelines and Support",
    "tags": "application, urgent",
    "description": "\n        <p>This is a detailed description for the post: <strong>Journal Publication Guidelines and Support</strong>.</p>\n        <p>Lorem ipsum dolor sit amet, consectetur adipiscing elit. Sed do eiusmod tempor incididunt ut labore et dolore magna aliqua. Ut enim ad minim veniam, quis nostrud exercitation ullamco laboris nisi ut aliquip ex ea commodo consequat.</p>\n        <p>Duis aute irure dolor in reprehenderit in voluptate velit esse cillum dolore eu fugiat nulla pariatur. Excepteur sint occaecat cupidatat non proident, sunt in culpa qui officia deserunt mollit anim id est laborum.</p>\n        <p>For more information, please contact the administration office or visit our website.</p>\n        ",
    "is_pinned": false,
    "created_by": [
      "durjoy@uap-bd.edu"
    ],
    "created_by_name": null,
    "created_by_email": null
  }
},
{
  "model": "office.post",
  "pk": 113,
  "fields": {
    "publish_date": "2025-12-10T07:14:28.719Z",
    "post_type": "others",
    "short_title": "Mentorship",
    "long_title": "Student Mentorship Program Launch",
    "tags": "academic, registration, development",
    "description": "\n        <p>This is a detailed description for the post: <strong>Student Mentorship Program Launch</strong>.</p>\n        <p>Lorem ipsum dolor sit amet, consectetur adipiscing elit. Sed do eiusmod tempor incididunt ut labore et dolore magna aliqua. Ut enim ad minim veniam, quis nostrud exercitation ullamco laboris nisi ut aliquip ex ea commodo consequat.</p>\n        <p>Duis aute irure dolor in reprehenderit in voluptate velit esse cillum dolore eu fugiat nulla pariatur. Excepteur sint occaecat cupidatat non proident, sunt in culpa qui officia deserunt mollit anim id est laborum.</p>\n        <p>For more information, please contact the administration office or visit our website.</p>\n        ",
    "is_pinned": false,
    "created_by": [
      "durjoy@uap-bd.edu"
    ],
    "created_by_name": null,
    "created_by_email": null
  }
},
{
  "model": "office.post",
  "pk": 114,
  "fields": {
    "publish_date": "2025-12-10T07:14:28.719Z",
    "post_type": "others",
    "short_title": "Mentorship",
    "long_title": "Student Mentorship Program Launch",
    "tags": "deadline, research, competition",
    "description": "\n        <p>This is a detailed description for the post: <strong>Student Mentorship Program Launch</strong>.</p>\n        <p>Lorem ipsum dolor sit amet, consectetur adipiscing elit. Sed do eiusmod tempor incididunt ut labore et dolore magna aliqua. Ut enim ad minim veniam, quis nostrud exercitation ullamco laboris nisi ut aliquip ex ea commodo consequat.</p>\n        <p>Duis aute irure dolor in reprehenderit in voluptate velit esse cillum dolore eu fugiat nulla pariatur. Excepteur sint occaecat cupidatat non proident, sunt in culpa qui officia deserunt mollit anim id est laborum.</p>\n        <p>For more information, please contact the administration office or visit our website.</p>\n        ",
    "is_pinned": false,
    "created_by": [
      "durjoy@uap-bd.edu"
    ],
    "created_by_name": null,
    "created_by_email": null
  }
},
{
  "model": "office.post",
  "pk": 115,
  "fields": {
    "publish_date": "2025-12-10T07:14:28.719Z",
    "post_type": "others",
    "short_title": "Study Group",
    "long_title": "Study Group Formation and Guidelines",
    "tags": "important, academic",
    "description": "\n        <p>This is a detailed description for the post: <strong>Study Group Formation and Guidelines</strong>.</p>\n        <p>Lorem ipsum dolor sit amet, consectetur adipiscing elit. Sed do eiusmod tempor incididunt ut labore et dolore magna aliqua. Ut enim ad minim veniam, quis nostrud exercitation ullamco laboris nisi ut aliquip ex ea commodo consequat.</p>\n        <p>Duis aute irure dolor in reprehenderit in voluptate velit esse cillum dolore eu fugiat nulla pariatur. Excepteur sint occaecat cupidatat non proident, sunt in culpa qui officia deserunt mollit anim id est laborum.</p>\n        <p>For more information, please contact the administration office or visit our website.</p>\n        ",
    "is_pinned": false,
    "created_by": [
      "durjoy@uap-bd.edu"
    ],
    "created_by_name": null,
    "created_by_email": null
  }
},
{
  "model": "office.post",
  "pk": 60,
  "fields": {
    "publish_date": "2025-12-10T07:14:28.719Z",
    "post_type": "seminars",
    "short_title": "AI Seminar",
    "long_title": "Artificial Intelligence and Machine Learning Seminar",
    "tags": "scholarship, technology, academic, career",
    "description": "\n        <p>This is a detailed description for the post: <strong>Artificial Intelligence and Machine Learning Seminar</strong>.</p>\n        <p>Lorem ipsum dolor sit amet, consectetur adipiscing elit. Sed do eiusmod tempor incididunt ut labore et dolore magna aliqua. Ut enim ad minim veniam, quis nostrud exercitation ullamco laboris nisi ut aliquip ex ea commodo consequat.</p>\n        <p>Duis aute irure dolor in reprehenderit in voluptate velit esse cillum dolore eu fugiat nulla pariatur. Excepteur sint occaecat cupidatat non proident, sunt in culpa qui officia deserunt mollit anim id est laborum.</p>\n        <p>For more information, please contact the administration office or visit our website.</p>\n        ",
    "is_pinned": false,
    "created_by": [
      "durjoy@uap-bd.edu"
    ],
    "created_by_name": null,
    "created_by_email": null
  }
},
{
  "model": "office.post",
  "pk": 9,
  "fields": {
    "publish_date": "2025-12-10T07:14:28.704Z",
    "post_type": "notice",
    "short_title": "Holiday Notice",
    "long_title": "University Holiday Notice - Eid-ul-Fitr Celebration",
    "tags": "networking, opportunity, technology, career",
    "description": "\n        <p>This is a detailed description for the post: <strong>University Holiday Notice - Eid-ul-Fitr Celebration</strong>.</p>\n        <p>Lorem ipsum dolor sit amet, consectetur adipiscing elit. Sed do eiusmod tempor incididunt ut labore et dolore magna aliqua. Ut enim ad minim veniam, quis nostrud exercitation ullamco laboris nisi ut aliquip ex ea commodo consequat.</p>\n        <p>Duis aute irure dolor in reprehenderit in voluptate velit esse cillum dolore eu fugiat nulla pariatur. Excepteur sint occaecat cupidatat non proident, sunt in culpa qui officia deserunt mollit anim id est laborum.</p>\n        <p>For more information, please contact the administration office or visit our website.</p>\n        ",
    "is_pinned": false,
    "created_by": [
      "durjoy@uap-bd.edu"
    ],
    "created_by_name": null,
    "created_by_email": null
  }
},
{
  "model": "office.post",
  "pk": 10,
  "fields": {
    "publish_date": "2025-12-10T07:14:28.704Z",
    "post_type": "notice",
    "short_title": "Parking Rules",
    "long_title": "New Parking Rules and Regulations Effective",
    "tags": "event, academic, opportunity, important",
    "description": "\n        <p>This is a detailed description for the post: <strong>New Parking Rules and Regulations Effective</strong>.</p>\n        <p>Lorem ipsum dolor sit amet, consectetur adipiscing elit. Sed do eiusmod tempor incididunt ut labore et dolore magna aliqua. Ut enim ad minim veniam, quis nostrud exercitation ullamco laboris nisi ut aliquip ex ea commodo consequat.</p>\n        <p>Duis aute irure dolor in reprehenderit in voluptate velit esse cillum dolore eu fugiat nulla pariatur. Excepteur sint occaecat cupidatat non proident, sunt in culpa qui officia deserunt mollit anim id est laborum.</p>\n        <p>For more information, please contact the administration office or visit our website.</p>\n        ",
    "is_pinned": false,
    "created_by": [
      "durjoy@uap-bd.edu"
    ],
    "created_by_name": null,
    "created_by_email": null
  }
},
{
  "model": "office.post",
  "pk": 11,
  "fields": {
    "publish_date": "2025-12-10T07:14:28.704Z",
    "post_type": "notice",
    "short_title": "Library Hours",
    "long_title": "Library Extended Hours During Exam Period",
    "tags": "important, deadline, career",
    "description": "\n        <p>This is a detailed description for the post: <strong>Library Extended Hours During Exam Period</strong>.</p>\n        <p>Lorem ipsum dolor sit amet, consectetur adipiscing elit. Sed do eiusmod tempor incididunt ut labore et dolore magna aliqua. Ut enim ad minim veniam, quis nostrud exercitation ullamco laboris nisi ut aliquip ex ea commodo consequat.</p>\n        <p>Duis aute irure dolor in reprehenderit in voluptate velit esse cillum dolore eu fugiat nulla pariatur. Excepteur sint occaecat cupidatat non proident, sunt in culpa qui officia deserunt mollit anim id est laborum.</p>\n        <p>For more information, please contact the administration office or visit our website.</p>\n        ",
    "is_pinned": false,
    "created_by": [
      "durjoy@uap-bd.edu"
    ],
    "created_by_name": null,
    "created_by_email": null
  }
},
{
  "model": "office.post",
  "pk": 12,
  "fields": {
    "publish_date": "2025-12-10T07:14:28.704Z",
    "post_type": "notice",
    "short_title": "Lab Access",
    "long_title": "Computer Lab Access Rules Updated",
    "tags": "development",
    "description": "\n        <p>This is a detailed description for the post: <strong>Computer Lab Access Rules Updated</strong>.</p>\n        <p>Lorem ipsum dolor sit amet, consectetur adipiscing elit. Sed do eiusmod tempor incididunt ut labore et dolore magna aliqua. Ut enim ad minim veniam, quis nostrud exercitation ullamco laboris nisi ut aliquip ex ea commodo consequat.</p>\n        <p>Duis aute irure dolor in reprehenderit in voluptate velit esse cillum dolore eu fugiat nulla pariatur. Excepteur sint occaecat cupidatat non proident, sunt in culpa qui officia deserunt mollit anim id est laborum.</p>\n        <p>For more information, please contact the administration office or visit our website.</p>\n        ",
    "is_pinned": false,
    "created_by": [
      "durjoy@uap-bd.edu"
    ],
    "created_by_name": null,
    "created_by_email": null
  }
},
{
  "model": "office.post",
  "pk": 13,
  "fields": {
    "publish_date": "2025-12-10T07:14:28.704Z",
    "post_type": "notice",
    "short_title": "Exam Schedule",
    "long_title": "Final Examination Schedule for Spring 2025 Semester",
    "tags": "research, faculty",
    "description": "\n        <p>This is a detailed description for the post: <strong>Final Examination Schedule for Spring 2025 Semester</strong>.</p>\n        <p>Lorem ipsum dolor sit amet, consectetur adipiscing elit. Sed do eiusmod tempor incididunt ut labore et dolore magna aliqua. Ut enim ad minim veniam, quis nostrud exercitation ullamco laboris nisi ut aliquip ex ea commodo consequat.</p>\n        <p>Duis aute irure dolor in reprehenderit in voluptate velit esse cillum dolore eu fugiat nulla pariatur. Excepteur sint occaecat cupidatat non proident, sunt in culpa qui officia deserunt mollit anim id est laborum.</p>\n        <p>For more information, please contact the administration office or visit our website.</p>\n        ",
    "is_pinned": false,
    "created_by": [
      "durjoy@uap-bd.edu"
    ],
    "created_by_name": null,
    "created_by_email": null
  }
},
{
  "model": "office.post",
  "pk": 14,
  "fields": {
    "publish_date": "2025-12-10T07:14:28.704Z",
    "post_type": "notice",
    "short_title": "Fee Payment",
    "long_title": "Tuition Fee Payment Deadline Extended",
    "tags": "application, faculty, competition",
    "description": "\n        <p>This is a detailed description for the post: <strong>Tuition Fee Payment Deadline Extended</strong>.</p>\n        <p>Lorem ipsum dolor sit amet, consectetur adipiscing elit. Sed do eiusmod tempor incididunt ut labore et dolore magna aliqua. Ut enim ad minim veniam, quis nostrud exercitation ullamco laboris nisi ut aliquip ex ea commodo consequat.</p>\n        <p>Duis aute irure dolor in reprehenderit in voluptate velit esse cillum dolore eu fugiat nulla pariatur. Excepteur sint occaecat cupidatat non proident, sunt in culpa qui officia deserunt mollit anim id est laborum.</p>\n        <p>For more information, please contact the administration office or visit our website.</p>\n        ",
    "is_pinned": false,
    "created_by": [
      "durjoy@uap-bd.edu"
    ],
    "created_by_name": null,
    "created_by_email": null
  }
},
{
  "model": "office.post",
  "pk": 15,
  "fields": {
    "publish_date": "2025-12-10T07:14:28.704Z",
    "post_type": "notice",
    "short_title": "Parking Rules",
    "long_title": "New Parking Rules and Regulations Effective",
    "tags": "event, innovation, development, research",
    "description": "\n        <p>This is a detailed description for the post: <strong>New Parking Rules and Regulations Effective</strong>.</p>\n        <p>Lorem ipsum dolor sit amet, consectetur adipiscing elit. Sed do eiusmod tempor incididunt ut labore et dolore magna aliqua. Ut enim ad minim veniam, quis nostrud exercitation ullamco laboris nisi ut aliquip ex ea commodo consequat.</p>\n        <p>Duis aute irure dolor in reprehenderit in voluptate velit esse cillum dolore eu fugiat nulla pariatur. Excepteur sint occaecat cupidatat non proident, sunt in culpa qui officia deserunt mollit anim id est laborum.</p>\n        <p>For more information, please contact the administration office or visit our website.</p>\n        ",
    "is_pinned": false,
    "created_by": [
      "durjoy@uap-bd.edu"
    ],
    "created_by_name": null,
    "created_by_email": null
  }
},
{
  "model": "office.post",
  "pk": 16,
  "fields": {
    "publish_date": "2025-12-10T07:14:28.704Z",
    "post_type": "notice",
    "short_title": "Parking Rules",
    "long_title": "New Parking Rules and Regulations Effective",
    "tags": "competition, career, administrative, scholarship",
    "description": "\n        <p>This is a detailed description for the post: <strong>New Parking Rules and Regulations Effective</strong>.</p>\n        <p>Lorem ipsum dolor sit amet, consectetur adipiscing elit. Sed do eiusmod tempor incididunt ut labore et dolore magna aliqua. Ut enim ad minim veniam, quis nostrud exercitation ullamco laboris nisi ut aliquip ex ea commodo consequat.</p>\n        <p>Duis aute irure dolor in reprehenderit in voluptate velit esse cillum dolore eu fugiat nulla pariatur. Excepteur sint occaecat cupidatat non proident, sunt in culpa qui officia deserunt mollit anim id est laborum.</p>\n        <p>For more information, please contact the administration office or visit our website.</p>\n        ",
    "is_pinned": false,
    "created_by": [
      "durjoy@uap-bd.edu"
    ],
    "created_by_name": null,
    "created_by_email": null
  }
},
{
  "model": "office.post",
  "pk": 17,
  "fields": {
    "publish_date": "2025-12-10T07:14:28.704Z",
    "post_type": "notice",
    "short_title": "ID Card",
    "long_title": "Student ID Card Renewal Process",
    "tags": "learning, career, development, research",
    "description": "\n        <p>This is a detailed description for the post: <strong>Student ID Card Renewal Process</strong>.</p>\n        <p>Lorem ipsum dolor sit amet, consectetur adipiscing elit. Sed do eiusmod tempor incididunt ut labore et dolore magna aliqua. Ut enim ad minim veniam, quis nostrud exercitation ullamco laboris nisi ut aliquip ex ea commodo consequat.</p>\n        <p>Duis aute irure dolor in reprehenderit in voluptate velit esse cillum dolore eu fugiat nulla pariatur. Excepteur sint occaecat cupidatat non proident, sunt in culpa qui officia deserunt mollit anim id est laborum.</p>\n        <p>For more information, please contact the administration office or visit our website.</p>\n        ",
    "is_pinned": false,
    "created_by": [
      "durjoy@uap-bd.edu"
    ],
    "created_by_name": null,
    "created_by_email": null
  }
},
{
  "model": "office.post",
  "pk": 18,
  "fields": {
    "publish_date": "2025-12-10T07:14:28.704Z",
    "post_type": "notice",
    "short_title": "Graduation",
    "long_title": "Graduation Ceremony 2025 Announcement",
    "tags": "learning, urgent, career",
    "description": "\n        <p>This is a detailed description for the post: <strong>Graduation Ceremony 2025 Announcement</strong>.</p>\n        <p>Lorem ipsum dolor sit amet, consectetur adipiscing elit. Sed do eiusmod tempor incididunt ut labore et dolore magna aliqua. Ut enim ad minim veniam, quis nostrud exercitation ullamco laboris nisi ut aliquip ex ea commodo consequat.</p>\n        <p>Duis aute irure dolor in reprehenderit in voluptate velit esse cillum dolore eu fugiat nulla pariatur. Excepteur sint occaecat cupidatat non proident, sunt in culpa qui officia deserunt mollit anim id est laborum.</p>\n        <p>For more information, please contact the administration office or visit our website.</p>\n        ",
    "is_pinned": false,
    "created_by": [
      "durjoy@uap-bd.edu"
    ],
    "created_by_name": null,
    "created_by_email": null
  }
},
{
  "model": "office.post",
  "pk": 19,
  "fields": {
    "publish_date": "2025-12-10T07:14:28.704Z",
    "post_type": "notice",
    "short_title": "Parking Rules",
    "long_title": "New Parking Rules and Regulations Effective",
    "tags": "registration, technology",
    "description": "\n        <p>This is a detailed description for the post: <strong>New Parking Rules and Regulations Effective</strong>.</p>\n        <p>Lorem ipsum dolor sit amet, consectetur adipiscing elit. Sed do eiusmod tempor incididunt ut labore et dolore magna aliqua. Ut enim ad minim veniam, quis nostrud exercitation ullamco laboris nisi ut aliquip ex ea commodo consequat.</p>\n        <p>Duis aute irure dolor in reprehenderit in voluptate velit esse cillum dolore eu fugiat nulla pariatur. Excepteur sint occaecat cupidatat non proident, sunt in culpa qui officia deserunt mollit anim id est laborum.</p>\n        <p>For more information, please contact the administration office or visit our website.</p>\n        ",
    "is_pinned": false,
    "created_by": [
      "durjoy@uap-bd.edu"
    ],
    "created_by_name": null,
    "created_by_email": null
  }
},
{
  "model": "office.post",
  "pk": 20,
  "fields": {
    "publish_date": "2025-12-10T07:14:28.704Z",
    "post_type": "notice",
    "short_title": "Lab Access",
    "long_title": "Computer Lab Access Rules Updated",
    "tags": "scholarship, development",
    "description": "\n        <p>This is a detailed description for the post: <strong>Computer Lab Access Rules Updated</strong>.</p>\n        <p>Lorem ipsum dolor sit amet, consectetur adipiscing elit. Sed do eiusmod tempor incididunt ut labore et dolore magna aliqua. Ut enim ad minim veniam, quis nostrud exercitation ullamco laboris nisi ut aliquip ex ea commodo consequat.</p>\n        <p>Duis aute irure dolor in reprehenderit in voluptate velit esse cillum dolore eu fugiat nulla pariatur. Excepteur sint occaecat cupidatat non proident, sunt in culpa qui officia deserunt mollit anim id est laborum.</p>\n        <p>For more information, please contact the administration office or visit our website.</p>\n        ",
    "is_pinned": false,
    "created_by": [
      "durjoy@uap-bd.edu"
    ],
    "created_by_name": null,
    "created_by_email": null
  }
},
{
  "model": "office.post",
  "pk": 21,
  "fields": {
    "publish_date": "2025-12-10T07:14:28.704Z",
    "post_type": "notice",
    "short_title": "WiFi Access",
    "long_title": "Campus WiFi Password Reset",
    "tags": "networking, important, registration, technology",
    "description": "\n        <p>This is a detailed description for the post: <strong>Campus WiFi Password Reset</strong>.</p>\n        <p>Lorem ipsum dolor sit amet, consectetur adipiscing elit. Sed do eiusmod tempor incididunt ut labore et dolore magna aliqua. Ut enim ad minim veniam, quis nostrud exercitation ullamco laboris nisi ut aliquip ex ea commodo consequat.</p>\n        <p>Duis aute irure dolor in reprehenderit in voluptate velit esse cillum dolore eu fugiat nulla pariatur. Excepteur sint occaecat cupidatat non proident, sunt in culpa qui officia deserunt mollit anim id est laborum.</p>\n        <p>For more information, please contact the administration office or visit our website.</p>\n        ",
    "is_pinned": false,
    "created_by": [
      "durjoy@uap-bd.edu"
    ],
    "created_by_name": null,
    "created_by_email": null
  }
},
{
  "model": "office.post",
  "pk": 22,
  "fields": {
    "publish_date": "2025-12-10T07:14:28.704Z",
    "post_type": "notice",
    "short_title": "Fee Payment",
    "long_title": "Tuition Fee Payment Deadline Extended",
    "tags": "event",
    "description": "\n        <p>This is a detailed description for the post: <strong>Tuition Fee Payment Deadline Extended</strong>.</p>\n        <p>Lorem ipsum dolor sit amet, consectetur adipiscing elit. Sed do eiusmod tempor incididunt ut labore et dolore magna aliqua. Ut enim ad minim veniam, quis nostrud exercitation ullamco laboris nisi ut aliquip ex ea commodo consequat.</p>\n        <p>Duis aute irure dolor in reprehenderit in voluptate velit esse cillum dolore eu fugiat nulla pariatur. Excepteur sint occaecat cupidatat non proident, sunt in culpa qui officia deserunt mollit anim id est laborum.</p>\n        <p>For more information, please contact the administration office or visit our website.</p>\n        ",
    "is_pinned": false,
    "created_by": [
      "durjoy@uap-bd.edu"
    ],
    "created_by_name": null,
    "created_by_email": null
  }
},
{
  "model": "office.post",
  "pk": 23,
  "fields": {
    "publish_date": "2025-12-10T07:14:28.704Z",
    "post_type": "notice",
    "short_title": "Parking Rules",
    "long_title": "New Parking Rules and Regulations Effective",
    "tags": "technology, opportunity, faculty, competition",
    "description": "\n        <p>This is a detailed description for the post: <strong>New Parking Rules and Regulations Effective</strong>.</p>\n        <p>Lorem ipsum dolor sit amet, consectetur adipiscing elit. Sed do eiusmod tempor incididunt ut labore et dolore magna aliqua. Ut enim ad minim veniam, quis nostrud exercitation ullamco laboris nisi ut aliquip ex ea commodo consequat.</p>\n        <p>Duis aute irure dolor in reprehenderit in voluptate velit esse cillum dolore eu fugiat nulla pariatur. Excepteur sint occaecat cupidatat non proident, sunt in culpa qui officia deserunt mollit anim id est laborum.</p>\n        <p>For more information, please contact the administration office or visit our website.</p>\n        ",
    "is_pinned": false,
    "created_by": [
      "durjoy@uap-bd.edu"
    ],
    "created_by_name": null,
    "created_by_email": null
  }
},
{
  "model": "office.post",
  "pk": 24,
  "fields": {
    "publish_date": "2025-12-10T07:14:28.704Z",
    "post_type": "notice",
    "short_title": "Library Hours",
    "long_title": "Library Extended Hours During Exam Period",
    "tags": "innovation, application, scholarship",
    "description": "\n        <p>This is a detailed description for the post: <strong>Library Extended Hours During Exam Period</strong>.</p>\n        <p>Lorem ipsum dolor sit amet, consectetur adipiscing elit. Sed do eiusmod tempor incididunt ut labore et dolore magna aliqua. Ut enim ad minim veniam, quis nostrud exercitation ullamco laboris nisi ut aliquip ex ea commodo consequat.</p>\n        <p>Duis aute irure dolor in reprehenderit in voluptate velit esse cillum dolore eu fugiat nulla pariatur. Excepteur sint occaecat cupidatat non proident, sunt in culpa qui officia deserunt mollit anim id est laborum.</p>\n        <p>For more information, please contact the administration office or visit our website.</p>\n        ",
    "is_pinned": false,
    "created_by": [
      "durjoy@uap-bd.edu"
    ],
    "created_by_name": null,
    "created_by_email": null
  }
},
{
  "model": "office.post",
  "pk": 25,
  "fields": {
    "publish_date": "2025-12-10T07:14:28.704Z",
    "post_type": "notice",
    "short_title": "Parking Rules",
    "long_title": "New Parking Rules and Regulations Effective",
    "tags": "opportunity",
    "description": "\n        <p>This is a detailed description for the post: <strong>New Parking Rules and Regulations Effective</strong>.</p>\n        <p>Lorem ipsum dolor sit amet, consectetur adipiscing elit. Sed do eiusmod tempor incididunt ut labore et dolore magna aliqua. Ut enim ad minim veniam, quis nostrud exercitation ullamco laboris nisi ut aliquip ex ea commodo consequat.</p>\n        <p>Duis aute irure dolor in reprehenderit in voluptate velit esse cillum dolore eu fugiat nulla pariatur. Excepteur sint occaecat cupidatat non proident, sunt in culpa qui officia deserunt mollit anim id est laborum.</p>\n        <p>For more information, please contact the administration office or visit our website.</p>\n        ",
    "is_pinned": false,
    "created_by": [
      "durjoy@uap-bd.edu"
    ],
    "created_by_name": null,
    "created_by_email": null
  }
},
{
  "model": "office.post",
  "pk": 26,
  "fields": {
    "publish_date": "2025-12-10T07:14:28.704Z",
    "post_type": "notice",
    "short_title": "Fee Payment",
    "long_title": "Tuition Fee Payment Deadline Extended",
    "tags": "registration",
    "description": "\n        <p>This is a detailed description for the post: <strong>Tuition Fee Payment Deadline Extended</strong>.</p>\n        <p>Lorem ipsum dolor sit amet, consectetur adipiscing elit. Sed do eiusmod tempor incididunt ut labore et dolore magna aliqua. Ut enim ad minim veniam, quis nostrud exercitation ullamco laboris nisi ut aliquip ex ea commodo consequat.</p>\n        <p>Duis aute irure dolor in reprehenderit in voluptate velit esse cillum dolore eu fugiat nulla pariatur. Excepteur sint occaecat cupidatat non proident, sunt in culpa qui officia deserunt mollit anim id est laborum.</p>\n        <p>For more information, please contact the administration office or visit our website.</p>\n        ",
    "is_pinned": false,
    "created_by": [
      "durjoy@uap-bd.edu"
    ],
    "created_by_name": null,
    "created_by_email": null
  }
},
{
  "model": "office.post",
  "pk": 27,
  "fields": {
    "publish_date": "2025-12-10T07:14:28.704Z",
    "post_type": "notice",
    "short_title": "Parking Rules",
    "long_title": "New Parking Rules and Regulations Effective",
    "tags": "technology, networking, student, development",
    "description": "\n        <p>This is a detailed description for the post: <strong>New Parking Rules and Regulations Effective</strong>.</p>\n        <p>Lorem ipsum dolor sit amet, consectetur adipiscing elit. Sed do eiusmod tempor incididunt ut labore et dolore magna aliqua. Ut enim ad minim veniam, quis nostrud exercitation ullamco laboris nisi ut aliquip ex ea commodo consequat.</p>\n        <p>Duis aute irure dolor in reprehenderit in voluptate velit esse cillum dolore eu fugiat nulla pariatur. Excepteur sint occaecat cupidatat non proident, sunt in culpa qui officia deserunt mollit anim id est laborum.</p>\n        <p>For more information, please contact the administration office or visit our website.</p>\n        ",
    "is_pinned": false,
    "created_by": [
      "durjoy@uap-bd.edu"
    ],
    "created_by_name": null,
    "created_by_email": null
  }
},
{
  "model": "office.post",
  "pk": 28,
  "fields": {
    "publish_date": "2025-12-10T07:14:28.704Z",
    "post_type": "notice",
    "short_title": "Fee Payment",
    "long_title": "Tuition Fee Payment Deadline Extended",
    "tags": "innovation, competition, registration",
    "description": "\n        <p>This is a detailed description for the post: <strong>Tuition Fee Payment Deadline Extended</strong>.</p>\n        <p>Lorem ipsum dolor sit amet, consectetur adipiscing elit. Sed do eiusmod tempor incididunt ut labore et dolore magna aliqua. Ut enim ad minim veniam, quis nostrud exercitation ullamco laboris nisi ut aliquip ex ea commodo consequat.</p>\n        <p>Duis aute irure dolor in reprehenderit in voluptate velit esse cillum dolore eu fugiat nulla pariatur. Excepteur sint occaecat cupidatat non proident, sunt in culpa qui officia deserunt mollit anim id est laborum.</p>\n        <p>For more information, please contact the administration office or visit our website.</p>\n        ",
    "is_pinned": false,
    "created_by": [
      "durjoy@uap-bd.edu"
    ],
    "created_by_name": null,
    "created_by_email": null
  }
},
{
  "model": "office.post",
  "pk": 29,
  "fields": {
    "publish_date": "2025-12-10T07:14:28.704Z",
    "post_type": "notice",
    "short_title": "Graduation",
    "long_title": "Graduation Ceremony 2025 Announcement",
    "tags": "competition, application, learning, development",
    "description": "\n        <p>This is a detailed description for the post: <strong>Graduation Ceremony 2025 Announcement</strong>.</p>\n        <p>Lorem ipsum dolor sit amet, consectetur adipiscing elit. Sed do eiusmod tempor incididunt ut labore et dolore magna aliqua. Ut enim ad minim veniam, quis nostrud exercitation ullamco laboris nisi ut aliquip ex ea commodo consequat.</p>\n        <p>Duis aute irure dolor in reprehenderit in voluptate velit esse cillum dolore eu fugiat nulla pariatur. Excepteur sint occaecat cupidatat non proident, sunt in culpa qui officia deserunt mollit anim id est laborum.</p>\n        <p>For more information, please contact the administration office or visit our website.</p>\n        ",
    "is_pinned": false,
    "created_by": [
      "durjoy@uap-bd.edu"
    ],
    "created_by_name": null,
    "created_by_email": null
  }
},
{
  "model": "office.post",
  "pk": 30,
  "fields": {
    "publish_date": "2025-12-10T07:14:28.704Z",
    "post_type": "notice",
    "short_title": "Fee Payment",
    "long_title": "Tuition Fee Payment Deadline Extended",
    "tags": "opportunity, administrative, event, faculty",
    "description": "\n        <p>This is a detailed description for the post: <strong>Tuition Fee Payment Deadline Extended</strong>.</p>\n        <p>Lorem ipsum dolor sit amet, consectetur adipiscing elit. Sed do eiusmod tempor incididunt ut labore et dolore magna aliqua. Ut enim ad minim veniam, quis nostrud exercitation ullamco laboris nisi ut aliquip ex ea commodo consequat.</p>\n        <p>Duis aute irure dolor in reprehenderit in voluptate velit esse cillum dolore eu fugiat nulla pariatur. Excepteur sint occaecat cupidatat non proident, sunt in culpa qui officia deserunt mollit anim id est laborum.</p>\n        <p>For more information, please contact the administration office or visit our website.</p>\n        ",
    "is_pinned": false,
    "created_by": [
      "durjoy@uap-bd.edu"
    ],
    "created_by_name": null,
    "created_by_email": null
  }
},
{
  "model": "office.post",
  "pk": 31,
  "fields": {
    "publish_date": "2025-12-10T07:14:28.704Z",
    "post_type": "events",
    "short_title": "Project Expo",
    "long_title": "Final Year Project Exhibition",
    "tags": "registration",
    "description": "\n        <p>This is a detailed description for the post: <strong>Final Year Project Exhibition</strong>.</p>\n        <p>Lorem ipsum dolor sit amet, consectetur adipiscing elit. Sed do eiusmod tempor incididunt ut labore et dolore magna aliqua. Ut enim ad minim veniam, quis nostrud exercitation ullamco laboris nisi ut aliquip ex ea commodo consequat.</p>\n        <p>Duis aute irure dolor in reprehenderit in voluptate velit esse cillum dolore eu fugiat nulla pariatur. Excepteur sint occaecat cupidatat non proident, sunt in culpa qui officia deserunt mollit anim id est laborum.</p>\n        <p>For more information, please contact the administration office or visit our website.</p>\n        ",
    "is_pinned": false,
    "created_by": [
      "durjoy@uap-bd.edu"
    ],
    "created_by_name": null,
    "created_by_email": null
  }
},
{
  "model": "office.post",
  "pk": 32,
  "fields": {
    "publish_date": "2025-12-10T07:14:28.704Z",
    "post_type": "events",
    "short_title": "Hackathon",
    "long_title": "Inter-University Hackathon Competition",
    "tags": "development, research, urgent",
    "description": "\n        <p>This is a detailed description for the post: <strong>Inter-University Hackathon Competition</strong>.</p>\n        <p>Lorem ipsum dolor sit amet, consectetur adipiscing elit. Sed do eiusmod tempor incididunt ut labore et dolore magna aliqua. Ut enim ad minim veniam, quis nostrud exercitation ullamco laboris nisi ut aliquip ex ea commodo consequat.</p>\n        <p>Duis aute irure dolor in reprehenderit in voluptate velit esse cillum dolore eu fugiat nulla pariatur. Excepteur sint occaecat cupidatat non proident, sunt in culpa qui officia deserunt mollit anim id est laborum.</p>\n        <p>For more information, please contact the administration office or visit our website.</p>\n        ",
    "is_pinned": false,
    "created_by": [
      "durjoy@uap-bd.edu"
    ],
    "created_by_name": null,
    "created_by_email": null
  }
},
{
  "model": "office.post",
  "pk": 33,
  "fields": {
    "publish_date": "2025-12-10T07:14:28.704Z",
    "post_type": "events",
    "short_title": "Sports Meet",
    "long_title": "Annual Sports Meet and Competition",
    "tags": "faculty, urgent, important, event",
    "description": "\n        <p>This is a detailed description for the post: <strong>Annual Sports Meet and Competition</strong>.</p>\n        <p>Lorem ipsum dolor sit amet, consectetur adipiscing elit. Sed do eiusmod tempor incididunt ut labore et dolore magna aliqua. Ut enim ad minim veniam, quis nostrud exercitation ullamco laboris nisi ut aliquip ex ea commodo consequat.</p>\n        <p>Duis aute irure dolor in reprehenderit in voluptate velit esse cillum dolore eu fugiat nulla pariatur. Excepteur sint occaecat cupidatat non proident, sunt in culpa qui officia deserunt mollit anim id est laborum.</p>\n        <p>For more information, please contact the administration office or visit our website.</p>\n        ",
    "is_pinned": false,
    "created_by": [
      "durjoy@uap-bd.edu"
    ],
    "created_by_name": null,
    "created_by_email": null
  }
},
{
  "model": "office.post",
  "pk": 34,
  "fields": {
    "publish_date": "2025-12-10T07:14:28.704Z",
    "post_type": "events",
    "short_title": "Cultural Day",
    "long_title": "Cultural Day Celebration and Performances",
    "tags": "administrative, student",
    "description": "\n        <p>This is a detailed description for the post: <strong>Cultural Day Celebration and Performances</strong>.</p>\n        <p>Lorem ipsum dolor sit amet, consectetur adipiscing elit. Sed do eiusmod tempor incididunt ut labore et dolore magna aliqua. Ut enim ad minim veniam, quis nostrud exercitation ullamco laboris nisi ut aliquip ex ea commodo consequat.</p>\n        <p>Duis aute irure dolor in reprehenderit in voluptate velit esse cillum dolore eu fugiat nulla pariatur. Excepteur sint occaecat cupidatat non proident, sunt in culpa qui officia deserunt mollit anim id est laborum.</p>\n        <p>For more information, please contact the administration office or visit our website.</p>\n        ",
    "is_pinned": false,
    "created_by": [
      "durjoy@uap-bd.edu"
    ],
    "created_by_name": null,
    "created_by_email": null
  }
},
{
  "model": "office.post",
  "pk": 35,
  "fields": {
    "publish_date": "2025-12-10T07:14:28.704Z",
    "post_type": "events",
    "short_title": "Tech Fest",
    "long_title": "Annual Technology Festival 2025",
    "tags": "networking, innovation, registration",
    "description": "\n        <p>This is a detailed description for the post: <strong>Annual Technology Festival 2025</strong>.</p>\n        <p>Lorem ipsum dolor sit amet, consectetur adipiscing elit. Sed do eiusmod tempor incididunt ut labore et dolore magna aliqua. Ut enim ad minim veniam, quis nostrud exercitation ullamco laboris nisi ut aliquip ex ea commodo consequat.</p>\n        <p>Duis aute irure dolor in reprehenderit in voluptate velit esse cillum dolore eu fugiat nulla pariatur. Excepteur sint occaecat cupidatat non proident, sunt in culpa qui officia deserunt mollit anim id est laborum.</p>\n        <p>For more information, please contact the administration office or visit our website.</p>\n        ",
    "is_pinned": false,
    "created_by": [
      "durjoy@uap-bd.edu"
    ],
    "created_by_name": null,
    "created_by_email": null
  }
},
{
  "model": "office.post",
  "pk": 36,
  "fields": {
    "publish_date": "2025-12-10T07:14:28.704Z",
    "post_type": "events",
    "short_title": "Project Expo",
    "long_title": "Final Year Project Exhibition",
    "tags": "registration, opportunity, event, faculty",
    "description": "\n        <p>This is a detailed description for the post: <strong>Final Year Project Exhibition</strong>.</p>\n        <p>Lorem ipsum dolor sit amet, consectetur adipiscing elit. Sed do eiusmod tempor incididunt ut labore et dolore magna aliqua. Ut enim ad minim veniam, quis nostrud exercitation ullamco laboris nisi ut aliquip ex ea commodo consequat.</p>\n        <p>Duis aute irure dolor in reprehenderit in voluptate velit esse cillum dolore eu fugiat nulla pariatur. Excepteur sint occaecat cupidatat non proident, sunt in culpa qui officia deserunt mollit anim id est laborum.</p>\n        <p>For more information, please contact the administration office or visit our website.</p>\n        ",
    "is_pinned": false,
    "created_by": [
      "durjoy@uap-bd.edu"
    ],
    "created_by_name": null,
    "created_by_email": null
  }
},
{
  "model": "office.post",
  "pk": 37,
  "fields": {
    "publish_date": "2025-12-10T07:14:28.704Z",
    "post_type": "events",
    "short_title": "Sports Meet",
    "long_title": "Annual Sports Meet and Competition",
    "tags": "application",
    "description": "\n        <p>This is a detailed description for the post: <strong>Annual Sports Meet and Competition</strong>.</p>\n        <p>Lorem ipsum dolor sit amet, consectetur adipiscing elit. Sed do eiusmod tempor incididunt ut labore et dolore magna aliqua. Ut enim ad minim veniam, quis nostrud exercitation ullamco laboris nisi ut aliquip ex ea commodo consequat.</p>\n        <p>Duis aute irure dolor in reprehenderit in voluptate velit esse cillum dolore eu fugiat nulla pariatur. Excepteur sint occaecat cupidatat non proident, sunt in culpa qui officia deserunt mollit anim id est laborum.</p>\n        <p>For more information, please contact the administration office or visit our website.</p>\n        ",
    "is_pinned": false,
    "created_by": [
      "durjoy@uap-bd.edu"
    ],
    "created_by_name": null,
    "created_by_email": null
  }
},
{
  "model": "office.post",
  "pk": 39,
  "fields": {
    "publish_date": "2025-12-10T07:14:28.704Z",
    "post_type": "events",
    "short_title": "Hackathon",
    "long_title": "Inter-University Hackathon Competition",
    "tags": "administrative",
    "description": "\n        <p>This is a detailed description for the post: <strong>Inter-University Hackathon Competition</strong>.</p>\n        <p>Lorem ipsum dolor sit amet, consectetur adipiscing elit. Sed do eiusmod tempor incididunt ut labore et dolore magna aliqua. Ut enim ad minim veniam, quis nostrud exercitation ullamco laboris nisi ut aliquip ex ea commodo consequat.</p>\n        <p>Duis aute irure dolor in reprehenderit in voluptate velit esse cillum dolore eu fugiat nulla pariatur. Excepteur sint occaecat cupidatat non proident, sunt in culpa qui officia deserunt mollit anim id est laborum.</p>\n        <p>For more information, please contact the administration office or visit our website.</p>\n        ",
    "is_pinned": false,
    "created_by": [
      "durjoy@uap-bd.edu"
    ],
    "created_by_name": null,
    "created_by_email": null
  }
},
{
  "model": "office.post",
  "pk": 40,
  "fields": {
    "publish_date": "2025-12-10T07:14:28.704Z",
    "post_type": "events",
    "short_title": "Startup Pitch",
    "long_title": "Startup Pitch Competition Finals",
    "tags": "deadline",
    "description": "\n        <p>This is a detailed description for the post: <strong>Startup Pitch Competition Finals</strong>.</p>\n        <p>Lorem ipsum dolor sit amet, consectetur adipiscing elit. Sed do eiusmod tempor incididunt ut labore et dolore magna aliqua. Ut enim ad minim veniam, quis nostrud exercitation ullamco laboris nisi ut aliquip ex ea commodo consequat.</p>\n        <p>Duis aute irure dolor in reprehenderit in voluptate velit esse cillum dolore eu fugiat nulla pariatur. Excepteur sint occaecat cupidatat non proident, sunt in culpa qui officia deserunt mollit anim id est laborum.</p>\n        <p>For more information, please contact the administration office or visit our website.</p>\n        ",
    "is_pinned": false,
    "created_by": [
      "durjoy@uap-bd.edu"
    ],
    "created_by_name": null,
    "created_by_email": null
  }
},
{
  "model": "office.post",
  "pk": 41,
  "fields": {
    "publish_date": "2025-12-10T07:14:28.704Z",
    "post_type": "events",
    "short_title": "Cultural Day",
    "long_title": "Cultural Day Celebration and Performances",
    "tags": "urgent",
    "description": "\n        <p>This is a detailed description for the post: <strong>Cultural Day Celebration and Performances</strong>.</p>\n        <p>Lorem ipsum dolor sit amet, consectetur adipiscing elit. Sed do eiusmod tempor incididunt ut labore et dolore magna aliqua. Ut enim ad minim veniam, quis nostrud exercitation ullamco laboris nisi ut aliquip ex ea commodo consequat.</p>\n        <p>Duis aute irure dolor in reprehenderit in voluptate velit esse cillum dolore eu fugiat nulla pariatur. Excepteur sint occaecat cupidatat non proident, sunt in culpa qui officia deserunt mollit anim id est laborum.</p>\n        <p>For more information, please contact the administration office or visit our website.</p>\n        ",
    "is_pinned": false,
    "created_by": [
      "durjoy@uap-bd.edu"
    ],
    "created_by_name": null,
    "created_by_email": null
  }
},
{
  "model": "office.post",
  "pk": 42,
  "fields": {
    "publish_date": "2025-12-10T07:14:28.704Z",
    "post_type": "events",
    "short_title": "Alumni Meet",
    "long_title": "Alumni Reunion and Networking Event",
    "tags": "deadline, networking, academic",
    "description": "\n        <p>This is a detailed description for the post: <strong>Alumni Reunion and Networking Event</strong>.</p>\n        <p>Lorem ipsum dolor sit amet, consectetur adipiscing elit. Sed do eiusmod tempor incididunt ut labore et dolore magna aliqua. Ut enim ad minim veniam, quis nostrud exercitation ullamco laboris nisi ut aliquip ex ea commodo consequat.</p>\n        <p>Duis aute irure dolor in reprehenderit in voluptate velit esse cillum dolore eu fugiat nulla pariatur. Excepteur sint occaecat cupidatat non proident, sunt in culpa qui officia deserunt mollit anim id est laborum.</p>\n        <p>For more information, please contact the administration office or visit our website.</p>\n        ",
    "is_pinned": false,
    "created_by": [
      "durjoy@uap-bd.edu"
    ],
    "created_by_name": null,
    "created_by_email": null
  }
},
{
  "model": "office.post",
  "pk": 43,
  "fields": {
    "publish_date": "2025-12-10T07:14:28.704Z",
    "post_type": "events",
    "short_title": "Robotics Show",
    "long_title": "Robotics Exhibition and Competition",
    "tags": "academic",
    "description": "\n        <p>This is a detailed description for the post: <strong>Robotics Exhibition and Competition</strong>.</p>\n        <p>Lorem ipsum dolor sit amet, consectetur adipiscing elit. Sed do eiusmod tempor incididunt ut labore et dolore magna aliqua. Ut enim ad minim veniam, quis nostrud exercitation ullamco laboris nisi ut aliquip ex ea commodo consequat.</p>\n        <p>Duis aute irure dolor in reprehenderit in voluptate velit esse cillum dolore eu fugiat nulla pariatur. Excepteur sint occaecat cupidatat non proident, sunt in culpa qui officia deserunt mollit anim id est laborum.</p>\n        <p>For more information, please contact the administration office or visit our website.</p>\n        ",
    "is_pinned": false,
    "created_by": [
      "durjoy@uap-bd.edu"
    ],
    "created_by_name": null,
    "created_by_email": null
  }
},
{
  "model": "office.post",
  "pk": 44,
  "fields": {
    "publish_date": "2025-12-10T07:14:28.704Z",
    "post_type": "events",
    "short_title": "Hackathon",
    "long_title": "Inter-University Hackathon Competition",
    "tags": "innovation, opportunity",
    "description": "\n        <p>This is a detailed description for the post: <strong>Inter-University Hackathon Competition</strong>.</p>\n        <p>Lorem ipsum dolor sit amet, consectetur adipiscing elit. Sed do eiusmod tempor incididunt ut labore et dolore magna aliqua. Ut enim ad minim veniam, quis nostrud exercitation ullamco laboris nisi ut aliquip ex ea commodo consequat.</p>\n        <p>Duis aute irure dolor in reprehenderit in voluptate velit esse cillum dolore eu fugiat nulla pariatur. Excepteur sint occaecat cupidatat non proident, sunt in culpa qui officia deserunt mollit anim id est laborum.</p>\n        <p>For more information, please contact the administration office or visit our website.</p>\n        ",
    "is_pinned": false,
    "created_by": [
      "durjoy@uap-bd.edu"
    ],
    "created_by_name": null,
    "created_by_email": null
  }
},
{
  "model": "office.post",
  "pk": 45,
  "fields": {
    "publish_date": "2025-12-10T07:14:28.704Z",
    "post_type": "events",
    "short_title": "Career Fair",
    "long_title": "Career Fair and Job Placement Event",
    "tags": "registration, technology",
    "description": "\n        <p>This is a detailed description for the post: <strong>Career Fair and Job Placement Event</strong>.</p>\n        <p>Lorem ipsum dolor sit amet, consectetur adipiscing elit. Sed do eiusmod tempor incididunt ut labore et dolore magna aliqua. Ut enim ad minim veniam, quis nostrud exercitation ullamco laboris nisi ut aliquip ex ea commodo consequat.</p>\n        <p>Duis aute irure dolor in reprehenderit in voluptate velit esse cillum dolore eu fugiat nulla pariatur. Excepteur sint occaecat cupidatat non proident, sunt in culpa qui officia deserunt mollit anim id est laborum.</p>\n        <p>For more information, please contact the administration office or visit our website.</p>\n        ",
    "is_pinned": false,
    "created_by": [
      "durjoy@uap-bd.edu"
    ],
    "created_by_name": null,
    "created_by_email": null
  }
},
{
  "model": "office.post",
  "pk": 46,
  "fields": {
    "publish_date": "2025-12-10T07:14:28.704Z",
    "post_type": "events",
    "short_title": "Alumni Meet",
    "long_title": "Alumni Reunion and Networking Event",
    "tags": "opportunity, administrative, development, event",
    "description": "\n        <p>This is a detailed description for the post: <strong>Alumni Reunion and Networking Event</strong>.</p>\n        <p>Lorem ipsum dolor sit amet, consectetur adipiscing elit. Sed do eiusmod tempor incididunt ut labore et dolore magna aliqua. Ut enim ad minim veniam, quis nostrud exercitation ullamco laboris nisi ut aliquip ex ea commodo consequat.</p>\n        <p>Duis aute irure dolor in reprehenderit in voluptate velit esse cillum dolore eu fugiat nulla pariatur. Excepteur sint occaecat cupidatat non proident, sunt in culpa qui officia deserunt mollit anim id est laborum.</p>\n        <p>For more information, please contact the administration office or visit our website.</p>\n        ",
    "is_pinned": false,
    "created_by": [
      "durjoy@uap-bd.edu"
    ],
    "created_by_name": null,
    "created_by_email": null
  }
},
{
  "model": "office.post",
  "pk": 47,
  "fields": {
    "publish_date": "2025-12-10T07:14:28.704Z",
    "post_type": "events",
    "short_title": "Robotics Show",
    "long_title": "Robotics Exhibition and Competition",
    "tags": "event, deadline",
    "description": "\n        <p>This is a detailed description for the post: <strong>Robotics Exhibition and Competition</strong>.</p>\n        <p>Lorem ipsum dolor sit amet, consectetur adipiscing elit. Sed do eiusmod tempor incididunt ut labore et dolore magna aliqua. Ut enim ad minim veniam, quis nostrud exercitation ullamco laboris nisi ut aliquip ex ea commodo consequat.</p>\n        <p>Duis aute irure dolor in reprehenderit in voluptate velit esse cillum dolore eu fugiat nulla pariatur. Excepteur sint occaecat cupidatat non proident, sunt in culpa qui officia deserunt mollit anim id est laborum.</p>\n        <p>For more information, please contact the administration office or visit our website.</p>\n        ",
    "is_pinned": false,
    "created_by": [
      "durjoy@uap-bd.edu"
    ],
    "created_by_name": null,
    "created_by_email": null
  }
},
{
  "model": "office.post",
  "pk": 48,
  "fields": {
    "publish_date": "2025-12-10T07:14:28.704Z",
    "post_type": "events",
    "short_title": "Startup Pitch",
    "long_title": "Startup Pitch Competition Finals",
    "tags": "registration, student, career, event",
    "description": "\n        <p>This is a detailed description for the post: <strong>Startup Pitch Competition Finals</strong>.</p>\n        <p>Lorem ipsum dolor sit amet, consectetur adipiscing elit. Sed do eiusmod tempor incididunt ut labore et dolore magna aliqua. Ut enim ad minim veniam, quis nostrud exercitation ullamco laboris nisi ut aliquip ex ea commodo consequat.</p>\n        <p>Duis aute irure dolor in reprehenderit in voluptate velit esse cillum dolore eu fugiat nulla pariatur. Excepteur sint occaecat cupidatat non proident, sunt in culpa qui officia deserunt mollit anim id est laborum.</p>\n        <p>For more information, please contact the administration office or visit our website.</p>\n        ",
    "is_pinned": false,
    "created_by": [
      "durjoy@uap-bd.edu"
    ],
    "created_by_name": null,
    "created_by_email": null
  }
},
{
  "model": "office.post",
  "pk": 49,
  "fields": {
    "publish_date": "2025-12-10T07:14:28.704Z",
    "post_type": "events",
    "short_title": "Hackathon",
    "long_title": "Inter-University Hackathon Competition",
    "tags": "career, innovation, development",
    "description": "\n        <p>This is a detailed description for the post: <strong>Inter-University Hackathon Competition</strong>.</p>\n        <p>Lorem ipsum dolor sit amet, consectetur adipiscing elit. Sed do eiusmod tempor incididunt ut labore et dolore magna aliqua. Ut enim ad minim veniam, quis nostrud exercitation ullamco laboris nisi ut aliquip ex ea commodo consequat.</p>\n        <p>Duis aute irure dolor in reprehenderit in voluptate velit esse cillum dolore eu fugiat nulla pariatur. Excepteur sint occaecat cupidatat non proident, sunt in culpa qui officia deserunt mollit anim id est laborum.</p>\n        <p>For more information, please contact the administration office or visit our website.</p>\n        ",
    "is_pinned": false,
    "created_by": [
      "durjoy@uap-bd.edu"
    ],
    "created_by_name": null,
    "created_by_email": null
  }
},
{
  "model": "office.post",
  "pk": 50,
  "fields": {
    "publish_date": "2025-12-10T07:14:28.704Z",
    "post_type": "events",
    "short_title": "Code Contest",
    "long_title": "Programming Contest and Coding Challenge",
    "tags": "student, deadline",
    "description": "\n        <p>This is a detailed description for the post: <strong>Programming Contest and Coding Challenge</strong>.</p>\n        <p>Lorem ipsum dolor sit amet, consectetur adipiscing elit. Sed do eiusmod tempor incididunt ut labore et dolore magna aliqua. Ut enim ad minim veniam, quis nostrud exercitation ullamco laboris nisi ut aliquip ex ea commodo consequat.</p>\n        <p>Duis aute irure dolor in reprehenderit in voluptate velit esse cillum dolore eu fugiat nulla pariatur. Excepteur sint occaecat cupidatat non proident, sunt in culpa qui officia deserunt mollit anim id est laborum.</p>\n        <p>For more information, please contact the administration office or visit our website.</p>\n        ",
    "is_pinned": false,
    "created_by": [
      "durjoy@uap-bd.edu"
    ],
    "created_by_name": null,
    "created_by_email": null
  }
},
{
  "model": "office.post",
  "pk": 51,
  "fields": {
    "publish_date": "2025-12-10T07:14:28.704Z",
    "post_type": "seminars",
    "short_title": "Mobile App",
    "long_title": "Mobile Application Development Trends",
    "tags": "application, scholarship",
    "description": "\n        <p>This is a detailed description for the post: <strong>Mobile Application Development Trends</strong>.</p>\n        <p>Lorem ipsum dolor sit amet, consectetur adipiscing elit. Sed do eiusmod tempor incididunt ut labore et dolore magna aliqua. Ut enim ad minim veniam, quis nostrud exercitation ullamco laboris nisi ut aliquip ex ea commodo consequat.</p>\n        <p>Duis aute irure dolor in reprehenderit in voluptate velit esse cillum dolore eu fugiat nulla pariatur. Excepteur sint occaecat cupidatat non proident, sunt in culpa qui officia deserunt mollit anim id est laborum.</p>\n        <p>For more information, please contact the administration office or visit our website.</p>\n        ",
    "is_pinned": false,
    "created_by": [
      "durjoy@uap-bd.edu"
    ],
    "created_by_name": null,
    "created_by_email": null
  }
},
{
  "model": "office.post",
  "pk": 52,
  "fields": {
    "publish_date": "2025-12-10T07:14:28.704Z",
    "post_type": "seminars",
    "short_title": "AI Seminar",
    "long_title": "Artificial Intelligence and Machine Learning Seminar",
    "tags": "deadline, networking, research, learning",
    "description": "\n        <p>This is a detailed description for the post: <strong>Artificial Intelligence and Machine Learning Seminar</strong>.</p>\n        <p>Lorem ipsum dolor sit amet, consectetur adipiscing elit. Sed do eiusmod tempor incididunt ut labore et dolore magna aliqua. Ut enim ad minim veniam, quis nostrud exercitation ullamco laboris nisi ut aliquip ex ea commodo consequat.</p>\n        <p>Duis aute irure dolor in reprehenderit in voluptate velit esse cillum dolore eu fugiat nulla pariatur. Excepteur sint occaecat cupidatat non proident, sunt in culpa qui officia deserunt mollit anim id est laborum.</p>\n        <p>For more information, please contact the administration office or visit our website.</p>\n        ",
    "is_pinned": false,
    "created_by": [
      "durjoy@uap-bd.edu"
    ],
    "created_by_name": null,
    "created_by_email": null
  }
},
{
  "model": "office.post",
  "pk": 53,
  "fields": {
    "publish_date": "2025-12-10T07:14:28.704Z",
    "post_type": "seminars",
    "short_title": "Mobile App",
    "long_title": "Mobile Application Development Trends",
    "tags": "student",
    "description": "\n        <p>This is a detailed description for the post: <strong>Mobile Application Development Trends</strong>.</p>\n        <p>Lorem ipsum dolor sit amet, consectetur adipiscing elit. Sed do eiusmod tempor incididunt ut labore et dolore magna aliqua. Ut enim ad minim veniam, quis nostrud exercitation ullamco laboris nisi ut aliquip ex ea commodo consequat.</p>\n        <p>Duis aute irure dolor in reprehenderit in voluptate velit esse cillum dolore eu fugiat nulla pariatur. Excepteur sint occaecat cupidatat non proident, sunt in culpa qui officia deserunt mollit anim id est laborum.</p>\n        <p>For more information, please contact the administration office or visit our website.</p>\n        ",
    "is_pinned": false,
    "created_by": [
      "durjoy@uap-bd.edu"
    ],
    "created_by_name": null,
    "created_by_email": null
  }
},
{
  "model": "office.post",
  "pk": 54,
  "fields": {
    "publish_date": "2025-12-10T07:14:28.704Z",
    "post_type": "seminars",
    "short_title": "IoT Workshop",
    "long_title": "Internet of Things and Smart Devices",
    "tags": "learning",
    "description": "\n        <p>This is a detailed description for the post: <strong>Internet of Things and Smart Devices</strong>.</p>\n        <p>Lorem ipsum dolor sit amet, consectetur adipiscing elit. Sed do eiusmod tempor incididunt ut labore et dolore magna aliqua. Ut enim ad minim veniam, quis nostrud exercitation ullamco laboris nisi ut aliquip ex ea commodo consequat.</p>\n        <p>Duis aute irure dolor in reprehenderit in voluptate velit esse cillum dolore eu fugiat nulla pariatur. Excepteur sint occaecat cupidatat non proident, sunt in culpa qui officia deserunt mollit anim id est laborum.</p>\n        <p>For more information, please contact the administration office or visit our website.</p>\n        ",
    "is_pinned": false,
    "created_by": [
      "durjoy@uap-bd.edu"
    ],
    "created_by_name": null,
    "created_by_email": null
  }
},
{
  "model": "office.post",
  "pk": 55,
  "fields": {
    "publish_date": "2025-12-10T07:14:28.704Z",
    "post_type": "seminars",
    "short_title": "Data Science",
    "long_title": "Data Science and Big Data Analytics Workshop",
    "tags": "scholarship",
    "description": "\n        <p>This is a detailed description for the post: <strong>Data Science and Big Data Analytics Workshop</strong>.</p>\n        <p>Lorem ipsum dolor sit amet, consectetur adipiscing elit. Sed do eiusmod tempor incididunt ut labore et dolore magna aliqua. Ut enim ad minim veniam, quis nostrud exercitation ullamco laboris nisi ut aliquip ex ea commodo consequat.</p>\n        <p>Duis aute irure dolor in reprehenderit in voluptate velit esse cillum dolore eu fugiat nulla pariatur. Excepteur sint occaecat cupidatat non proident, sunt in culpa qui officia deserunt mollit anim id est laborum.</p>\n        <p>For more information, please contact the administration office or visit our website.</p>\n        ",
    "is_pinned": false,
    "created_by": [
      "durjoy@uap-bd.edu"
    ],
    "created_by_name": null,
    "created_by_email": null
  }
},
{
  "model": "office.post",
  "pk": 56,
  "fields": {
    "publish_date": "2025-12-10T07:14:28.704Z",
    "post_type": "seminars",
    "short_title": "Mobile App",
    "long_title": "Mobile Application Development Trends",
    "tags": "student, administrative, faculty",
    "description": "\n        <p>This is a detailed description for the post: <strong>Mobile Application Development Trends</strong>.</p>\n        <p>Lorem ipsum dolor sit amet, consectetur adipiscing elit. Sed do eiusmod tempor incididunt ut labore et dolore magna aliqua. Ut enim ad minim veniam, quis nostrud exercitation ullamco laboris nisi ut aliquip ex ea commodo consequat.</p>\n        <p>Duis aute irure dolor in reprehenderit in voluptate velit esse cillum dolore eu fugiat nulla pariatur. Excepteur sint occaecat cupidatat non proident, sunt in culpa qui officia deserunt mollit anim id est laborum.</p>\n        <p>For more information, please contact the administration office or visit our website.</p>\n        ",
    "is_pinned": false,
    "created_by": [
      "durjoy@uap-bd.edu"
    ],
    "created_by_name": null,
    "created_by_email": null
  }
},
{
  "model": "office.post",
  "pk": 57,
  "fields": {
    "publish_date": "2025-12-10T07:14:28.704Z",
    "post_type": "seminars",
    "short_title": "AI Seminar",
    "long_title": "Artificial Intelligence and Machine Learning Seminar",
    "tags": "competition, urgent, application, scholarship",
    "description": "\n        <p>This is a detailed description for the post: <strong>Artificial Intelligence and Machine Learning Seminar</strong>.</p>\n        <p>Lorem ipsum dolor sit amet, consectetur adipiscing elit. Sed do eiusmod tempor incididunt ut labore et dolore magna aliqua. Ut enim ad minim veniam, quis nostrud exercitation ullamco laboris nisi ut aliquip ex ea commodo consequat.</p>\n        <p>Duis aute irure dolor in reprehenderit in voluptate velit esse cillum dolore eu fugiat nulla pariatur. Excepteur sint occaecat cupidatat non proident, sunt in culpa qui officia deserunt mollit anim id est laborum.</p>\n        <p>For more information, please contact the administration office or visit our website.</p>\n        ",
    "is_pinned": false,
    "created_by": [
      "durjoy@uap-bd.edu"
    ],
    "created_by_name": null,
    "created_by_email": null
  }
},
{
  "model": "office.post",
  "pk": 58,
  "fields": {
    "publish_date": "2025-12-10T07:14:28.704Z",
    "post_type": "seminars",
    "short_title": "Web Dev",
    "long_title": "Modern Web Development Frameworks",
    "tags": "opportunity",
    "description": "\n        <p>This is a detailed description for the post: <strong>Modern Web Development Frameworks</strong>.</p>\n        <p>Lorem ipsum dolor sit amet, consectetur adipiscing elit. Sed do eiusmod tempor incididunt ut labore et dolore magna aliqua. Ut enim ad minim veniam, quis nostrud exercitation ullamco laboris nisi ut aliquip ex ea commodo consequat.</p>\n        <p>Duis aute irure dolor in reprehenderit in voluptate velit esse cillum dolore eu fugiat nulla pariatur. Excepteur sint occaecat cupidatat non proident, sunt in culpa qui officia deserunt mollit anim id est laborum.</p>\n        <p>For more information, please contact the administration office or visit our website.</p>\n        ",
    "is_pinned": false,
    "created_by": [
      "durjoy@uap-bd.edu"
    ],
    "created_by_name": null,
    "created_by_email": null
  }
},
{
  "model": "office.post",
  "pk": 59,
  "fields": {
    "publish_date": "2025-12-10T07:14:28.704Z",
    "post_type": "seminars",
    "short_title": "Mobile App",
    "long_title": "Mobile Application Development Trends",
    "tags": "academic, competition",
    "description": "\n        <p>This is a detailed description for the post: <strong>Mobile Application Development Trends</strong>.</p>\n        <p>Lorem ipsum dolor sit amet, consectetur adipiscing elit. Sed do eiusmod tempor incididunt ut labore et dolore magna aliqua. Ut enim ad minim veniam, quis nostrud exercitation ullamco laboris nisi ut aliquip ex ea commodo consequat.</p>\n        <p>Duis aute irure dolor in reprehenderit in voluptate velit esse cillum dolore eu fugiat nulla pariatur. Excepteur sint occaecat cupidatat non proident, sunt in culpa qui officia deserunt mollit anim id est laborum.</p>\n        <p>For more information, please contact the administration office or visit our website.</p>\n        ",
    "is_pinned": false,
    "created_by": [
      "durjoy@uap-bd.edu"
    ],
    "created_by_name": null,
    "created_by_email": null
  }
},
{
  "model": "office.post",
  "pk": 8,
  "fields": {
    "publish_date": "2025-12-10T07:14:28.703Z",
    "post_type": "notice",
    "short_title": "Graduation",
    "long_title": "Graduation Ceremony 2025 Announcement",
    "tags": "career",
    "description": "\n        <p>This is a detailed description for the post: <strong>Graduation Ceremony 2025 Announcement</strong>.</p>\n        <p>Lorem ipsum dolor sit amet, consectetur adipiscing elit. Sed do eiusmod tempor incididunt ut labore et dolore magna aliqua. Ut enim ad minim veniam, quis nostrud exercitation ullamco laboris nisi ut aliquip ex ea commodo consequat.</p>\n        <p>Duis aute irure dolor in reprehenderit in voluptate velit esse cillum dolore eu fugiat nulla pariatur. Excepteur sint occaecat cupidatat non proident, sunt in culpa qui officia deserunt mollit anim id est laborum.</p>\n        <p>For more information, please contact the administration office or visit our website.</p>\n        ",
    "is_pinned": false,
    "created_by": [
      "durjoy@uap-bd.edu"
    ],
    "created_by_name": null,
    "created_by_email": null
  }
},
{
  "model": "office.post",
  "pk": 1,
  "fields": {
    "publish_date": "2025-12-10T07:14:28.687Z",
    "post_type": "notice",
    "short_title": "WiFi Access",
    "long_title": "Campus WiFi Password Reset",
    "tags": "urgent, networking",
    "description": "\n        <p>This is a detailed description for the post: <strong>Campus WiFi Password Reset</strong>.</p>\n        <p>Lorem ipsum dolor sit amet, consectetur adipiscing elit. Sed do eiusmod tempor incididunt ut labore et dolore magna aliqua. Ut enim ad minim veniam, quis nostrud exercitation ullamco laboris nisi ut aliquip ex ea commodo consequat.</p>\n        <p>Duis aute irure dolor in reprehenderit in voluptate velit esse cillum dolore eu fugiat nulla pariatur. Excepteur sint occaecat cupidatat non proident, sunt in culpa qui officia deserunt mollit anim id est laborum.</p>\n        <p>For more information, please contact the administration office or visit our website.</p>\n        ",
    "is_pinned": false,
    "created_by": [
      "durjoy@uap-bd.edu"
    ],
    "created_by_name": null,
    "created_by_email": null
  }
},
{
  "model": "office.post",
  "pk": 2,
  "fields": {
    "publish_date": "2025-12-10T07:14:28.687Z",
    "post_type": "notice",
    "short_title": "Graduation",
    "long_title": "Graduation Ceremony 2025 Announcement",
    "tags": "registration, research, event, competition",
    "description": "\n        <p>This is a detailed description for the post: <strong>Graduation Ceremony 2025 Announcement</strong>.</p>\n        <p>Lorem ipsum dolor sit amet, consectetur adipiscing elit. Sed do eiusmod tempor incididunt ut labore et dolore magna aliqua. Ut enim ad minim veniam, quis nostrud exercitation ullamco laboris nisi ut aliquip ex ea commodo consequat.</p>\n        <p>Duis aute irure dolor in reprehenderit in voluptate velit esse cillum dolore eu fugiat nulla pariatur. Excepteur sint occaecat cupidatat non proident, sunt in culpa qui officia deserunt mollit anim id est laborum.</p>\n        <p>For more information, please contact the administration office or visit our website.</p>\n        ",
    "is_pinned": false,
    "created_by": [
      "durjoy@uap-bd.edu"
    ],
    "created_by_name": null,
    "created_by_email": null
  }
},
{
  "model": "office.post",
  "pk": 3,
  "fields": {
    "publish_date": "2025-12-10T07:14:28.687Z",
    "post_type": "notice",
    "short_title": "Exam Schedule",
    "long_title": "Final Examination Schedule for Spring 2025 Semester",
    "tags": "deadline, academic, networking",
    "description": "\n        <p>This is a detailed description for the post: <strong>Final Examination Schedule for Spring 2025 Semester</strong>.</p>\n        <p>Lorem ipsum dolor sit amet, consectetur adipiscing elit. Sed do eiusmod tempor incididunt ut labore et dolore magna aliqua. Ut enim ad minim veniam, quis nostrud exercitation ullamco laboris nisi ut aliquip ex ea commodo consequat.</p>\n        <p>Duis aute irure dolor in reprehenderit in voluptate velit esse cillum dolore eu fugiat nulla pariatur. Excepteur sint occaecat cupidatat non proident, sunt in culpa qui officia deserunt mollit anim id est laborum.</p>\n        <p>For more information, please contact the administration office or visit our website.</p>\n        ",
    "is_pinned": false,
    "created_by": [
      "durjoy@uap-bd.edu"
    ],
    "created_by_name": null,
    "created_by_email": null
  }
},
{
  "model": "office.post",
  "pk": 4,
  "fields": {
    "publish_date": "2025-12-10T07:14:28.687Z",
    "post_type": "notice",
    "short_title": "Holiday Notice",
    "long_title": "University Holiday Notice - Eid-ul-Fitr Celebration",
    "tags": "student, deadline",
    "description": "\n        <p>This is a detailed description for the post: <strong>University Holiday Notice - Eid-ul-Fitr Celebration</strong>.</p>\n        <p>Lorem ipsum dolor sit amet, consectetur adipiscing elit. Sed do eiusmod tempor incididunt ut labore et dolore magna aliqua. Ut enim ad minim veniam, quis nostrud exercitation ullamco laboris nisi ut aliquip ex ea commodo consequat.</p>\n        <p>Duis aute irure dolor in reprehenderit in voluptate velit esse cillum dolore eu fugiat nulla pariatur. Excepteur sint occaecat cupidatat non proident, sunt in culpa qui officia deserunt mollit anim id est laborum.</p>\n        <p>For more information, please contact the administration office or visit our website.</p>\n        ",
    "is_pinned": false,
    "created_by": [
      "durjoy@uap-bd.edu"
    ],
    "created_by_name": null,
    "created_by_email": null
  }
},
{
  "model": "office.post",
  "pk": 5,
  "fields": {
    "publish_date": "2025-12-10T07:14:28.687Z",
    "post_type": "notice",
    "short_title": "Library Hours",
    "long_title": "Library Extended Hours During Exam Period",
    "tags": "career, student, important, technology",
    "description": "\n        <p>This is a detailed description for the post: <strong>Library Extended Hours During Exam Period</strong>.</p>\n        <p>Lorem ipsum dolor sit amet, consectetur adipiscing elit. Sed do eiusmod tempor incididunt ut labore et dolore magna aliqua. Ut enim ad minim veniam, quis nostrud exercitation ullamco laboris nisi ut aliquip ex ea commodo consequat.</p>\n        <p>Duis aute irure dolor in reprehenderit in voluptate velit esse cillum dolore eu fugiat nulla pariatur. Excepteur sint occaecat cupidatat non proident, sunt in culpa qui officia deserunt mollit anim id est laborum.</p>\n        <p>For more information, please contact the administration office or visit our website.</p>\n        ",
    "is_pinned": false,
    "created_by": [
      "durjoy@uap-bd.edu"
    ],
    "created_by_name": null,
    "created_by_email": null
  }
},
{
  "model": "office.post",
  "pk": 6,
  "fields": {
    "publish_date": "2025-12-10T07:14:28.687Z",
    "post_type": "notice",
    "short_title": "Graduation",
    "long_title": "Graduation Ceremony 2025 Announcement",
    "tags": "opportunity, networking, urgent",
    "description": "\n        <p>This is a detailed description for the post: <strong>Graduation Ceremony 2025 Announcement</strong>.</p>\n        <p>Lorem ipsum dolor sit amet, consectetur adipiscing elit. Sed do eiusmod tempor incididunt ut labore et dolore magna aliqua. Ut enim ad minim veniam, quis nostrud exercitation ullamco laboris nisi ut aliquip ex ea commodo consequat.</p>\n        <p>Duis aute irure dolor in reprehenderit in voluptate velit esse cillum dolore eu fugiat nulla pariatur. Excepteur sint occaecat cupidatat non proident, sunt in culpa qui officia deserunt mollit anim id est laborum.</p>\n        <p>For more information, please contact the administration office or visit our website.</p>\n        ",
    "is_pinned": false,
    "created_by": [
      "durjoy@uap-bd.edu"
    ],
    "created_by_name": null,
    "created_by_email": null
  }
},
{
  "model": "office.post",
  "pk": 7,
  "fields": {
    "publish_date": "2025-12-10T07:14:28.687Z",
    "post_type": "notice",
    "short_title": "Library Hours",
    "long_title": "Library Extended Hours During Exam Period",
    "tags": "competition, networking, career",
    "description": "\n        <p>This is a detailed description for the post: <strong>Library Extended Hours During Exam Period</strong>.</p>\n        <p>Lorem ipsum dolor sit amet, consectetur adipiscing elit. Sed do eiusmod tempor incididunt ut labore et dolore magna aliqua. Ut enim ad minim veniam, quis nostrud exercitation ullamco laboris nisi ut aliquip ex ea commodo consequat.</p>\n        <p>Duis aute irure dolor in reprehenderit in voluptate velit esse cillum dolore eu fugiat nulla pariatur. Excepteur sint occaecat cupidatat non proident, sunt in culpa qui officia deserunt mollit anim id est laborum.</p>\n        <p>For more information, please contact the administration office or visit our website.</p>\n        ",
    "is_pinned": false,
    "created_by": [
      "durjoy@uap-bd.edu"
    ],
    "created_by_name": null,
    "created_by_email": null
  }
},
{
  "model": "office.postattachment",
  "pk": 5,
  "fields": {
    "post": 118,
    "file": "posts/attachments/UNDP_-_Python_for_data_science_list_of_students__9vPaQPo.xlsx_-_Student_18.pdf",
    "uploaded_at": "2025-12-10T21:20:17.337Z"
  }
},
{
  "model": "office.postattachment",
  "pk": 4,
  "fields": {
    "post": 117,
    "file": "posts/attachments/UNDP_-_Python_for_data_science_list_of_students_.xlsx_-_Student_18.pdf",
    "uploaded_at": "2025-12-10T21:15:17.763Z"
  }
},
{
  "model": "office.postattachment",
  "pk": 3,
  "fields": {
    "post": 116,
    "file": "posts/attachments/20220712_190352.jpg",
    "uploaded_at": "2025-12-10T18:01:12.157Z"
  }
},
{
  "model": "office.postattachment",
  "pk": 2,
  "fields": {
    "post": 116,
    "file": "posts/attachments/20220712_190345.jpg",
    "uploaded_at": "2025-12-10T18:01:12.143Z"
  }
},
{
  "model": "office.postattachment",
  "pk": 1,
  "fields": {
    "post": 116,
    "file": "posts/attachments/20220712_190334.jpg",
    "uploaded_at": "2025-12-10T18:01:12.131Z"
  }
},
{
  "model": "office.classroutine",
  "pk": 1,
  "fields": {
    "academic_year": 2025,
    "semester": "Fall",
    "year_semester": "1-1",
    "section": "A",
    "routine_image": "class_routines/logo.png",
    "created_at": "2025-12-10T20:06:30.644Z",
    "updated_at": "2025-12-10T20:20:45.939Z",
    "created_by": [
      "kabir_bhai"
    ],
    "created_by_name": null,
    "created_by_email": null
  }
},
{
  "model": "clubs.club",
  "pk": 1,
  "fields": {
    "name": "Software and Hardware Club",
    "short_name": "SnH",
    "sl": 1,
    "moto": "nice club",
    "description": "<blockquote>\r\n<p>stsetagddas</p>\r\n</blockquote>\r\n",
    "convener": 1,
    "president": 12,
    "logo": "club_assets/logos/cropped-image_PtIKTsT.jpg",
    "logo_cropping": "0,0,400,400",
    "cover_photo": "club_assets/covers/cropped-image.jpg",
    "cover_photo_cropping": "0,0,2100,600",
    "website_url": null,
    "facebook_url": null,
    "instagram_url": null,
    "youtube_url": null,
    "created_at": "2025-12-11T19:01:46.244Z"
  }
},
{
  "model": "clubs.club",
  "pk": 2,
  "fields": {
    "name": "Math Club x",
    "short_name": "Math club e",
    "sl": 2,
    "moto": "Math bhallagena :/",
    "description": "<p>ok</p>\r\n",
    "convener": 2,
    "president": 12,
    "logo": "club_assets/logos/cropped-image_CicWqt9.jpg",
    "logo_cropping": "0,0,400,400",
    "cover_photo": "club_assets/covers/cropped-image_R8uBQoz.jpg",
    "cover_photo_cropping": "0,0,2100,600",
    "website_url": "http://127.0.0.1:8000/clubs/2/edit/",
    "facebook_url": "http://127.0.0.1:8000/clubs/2/edit/",
    "instagram_url": null,
    "youtube_url": null,
    "created_at": "2025-12-11T19:26:03.460Z"
  }
},
{
  "model": "clubs.clubposition",
  "pk": 1,
  "fields": {
    "club": 1,
    "sl": 1,
    "position_title": "Executive",
    "academic_year": 2025,
    "semester": "Fall",
    "faculty": null,
    "club_member": 12,
    "created_at": "2025-12-11T20:08:50.540Z",
    "updated_at": "2025-12-11T20:08:50.540Z"
  }
},
{
  "model": "clubs.clubposition",
  "pk": 2,
  "fields": {
    "club": 2,
    "sl": 1,
    "position_title": "Advisor",
    "academic_year": 2025,
    "semester": "Spring",
    "faculty": 8,
    "club_member": null,
    "created_at": "2025-12-11T20:22:04.010Z",
    "updated_at": "2025-12-11T20:22:04.010Z"
  }
},
{
  "model": "clubs.clubposition",
  "pk": 3,
  "fields": {
    "club": 2,
    "sl": 2,
    "position_title": "President",
    "academic_year": 2025,
    "semester": "Spring",
    "faculty": null,
    "club_member": 12,
    "created_at": "2025-12-11T20:22:31.497Z",
    "updated_at": "2025-12-13T21:37:15.815Z"
  }
},
{
  "model": "clubs.clubposition",
  "pk": 4,
  "fields": {
    "club": 2,
    "sl": 3,
    "position_title": "x",
    "academic_year": 2025,
    "semester": "Spring",
    "faculty": null,
    "club_member": 21,
    "created_at": "2025-12-11T20:40:48.052Z",
    "updated_at": "2025-12-11T20:40:48.052Z"
  }
},
{
  "model": "clubs.clubposition",
  "pk": 5,
  "fields": {
    "club": 2,
    "sl": 4,
    "position_title": "r",
    "academic_year": 2025,
    "semester": "Spring",
    "faculty": null,
    "club_member": 19,
    "created_at": "2025-12-11T20:41:02.706Z",
    "updated_at": "2025-12-11T20:41:02.706Z"
  }
},
{
  "model": "clubs.clubposition",
  "pk": 6,
  "fields": {
    "club": 2,
    "sl": 5,
    "position_title": "xp",
    "academic_year": 2025,
    "semester": "Spring",
    "faculty": null,
    "club_member": 22,
    "created_at": "2025-12-11T21:57:02.626Z",
    "updated_at": "2025-12-11T21:57:02.626Z"
  }
},
{
  "model": "clubs.clubpost",
  "pk": 2,
  "fields": {
    "club": 1,
    "post_type": "event",
    "short_title": "Ai4Everybody",
    "long_title": "Ai based program",
    "tags": "ai fff",
    "description": "<p>it jsut worksKHJKHJK,</p>",
    "start_date_time": "2025-12-12T22:20:00Z",
    "end_date_time": "2025-12-26T22:20:00Z",
    "posted_by": [
      "durjoy@uap-bd.edu"
    ],
    "posted_by_name": null,
    "posted_by_email": null,
    "created_at": "2025-12-13T16:21:01.282Z",
    "last_edited_by": [
      "clubm1"
    ],
    "last_edited_at": "2025-12-13T21:34:38.822Z",
    "is_pinned": true
  }
},
{
  "model": "clubs.clubpost",
  "pk": 1,
  "fields": {
    "club": 2,
    "post_type": "event",
    "short_title": "innovate X",
    "long_title": "lol",
    "tags": "k, p",
    "description": "<p>asdfdfsfdas</p>\r\n\r\n<p>&nbsp;</p>\r\n\r\n<p>adfsadfdf</p>",
    "start_date_time": "2025-12-12T04:05:00Z",
    "end_date_time": "2025-12-10T04:06:00Z",
    "posted_by": [
      "rashik@uap-bd.edu"
    ],
    "posted_by_name": null,
    "posted_by_email": null,
    "created_at": "2025-12-11T22:06:10.329Z",
    "last_edited_by": [
      "clubm1"
    ],
    "last_edited_at": "2025-12-13T16:28:09.498Z",
    "is_pinned": true
  }
}
]
